ISO-10303-21;
HEADER;
FILE_DESCRIPTION(('FreeCAD Model'),'2;1');
FILE_NAME('Open CASCADE Shape Model','2026-09-12T22:16:37',('FreeCAD'),(
    'FreeCAD'),'Open CASCADE STEP processor 7.8','FreeCAD','Unknown');
FILE_SCHEMA(('AUTOMOTIVE_DESIGN { 1 0 10303 214 1 1 1 1 }'));
ENDSEC;
DATA;
#1 = APPLICATION_PROTOCOL_DEFINITION('international standard',
  'automotive_design',2000,#2);
#2 = APPLICATION_CONTEXT(
  'core data for automotive mechanical design processes');
#3 = SHAPE_DEFINITION_REPRESENTATION(#4,#10);
#4 = PRODUCT_DEFINITION_SHAPE('','',#5);
#5 = PRODUCT_DEFINITION('design','',#6,#9);
#6 = PRODUCT_DEFINITION_FORMATION('','',#7);
#7 = PRODUCT('Open CASCADE STEP translator 7.8 3',
  'Open CASCADE STEP translator 7.8 3','',(#8));
#8 = PRODUCT_CONTEXT('',#2,'mechanical');
#9 = PRODUCT_DEFINITION_CONTEXT('part definition',#2,'design');
#10 = SHAPE_REPRESENTATION('',(#11,#15,#2512,#3289,#3802,#5767,#7175,
    #8583,#10383,#11655,#12960,#14232,#14712,#15126),#15474);
#11 = AXIS2_PLACEMENT_3D('',#12,#13,#14);
#12 = CARTESIAN_POINT('',(0.,0.,0.));
#13 = DIRECTION('',(0.,0.,1.));
#14 = DIRECTION('',(1.,0.,-0.));
#15 = MANIFOLD_SOLID_BREP('',#16);
#16 = CLOSED_SHELL('',(#17,#57,#88,#119,#150,#181,#212,#243,#274,#305,
    #336,#367,#398,#429,#460,#491,#522,#553,#584,#615,#646,#677,#708,
    #739,#770,#801,#832,#863,#894,#925,#956,#987,#1018,#1049,#1080,#1111
    ,#1142,#1173,#1204,#1235,#1266,#1297,#1328,#1359,#1390,#1421,#1452,
    #1483,#1514,#1545,#1576,#1607,#1638,#1669,#1700,#1731,#1762,#1784,
    #1824,#1855,#1886,#1917,#1948,#1979,#2010,#2041,#2072,#2103,#2134,
    #2165,#2196,#2227,#2258,#2289,#2320,#2342,#2427));
#17 = ADVANCED_FACE('',(#18),#52,.T.);
#18 = FACE_BOUND('',#19,.T.);
#19 = EDGE_LOOP('',(#20,#30,#38,#46));
#20 = ORIENTED_EDGE('',*,*,#21,.T.);
#21 = EDGE_CURVE('',#22,#24,#26,.T.);
#22 = VERTEX_POINT('',#23);
#23 = CARTESIAN_POINT('',(61.40555087049,-117.8803346943,23.3162));
#24 = VERTEX_POINT('',#25);
#25 = CARTESIAN_POINT('',(61.40555087049,-117.8803346943,24.5162));
#26 = LINE('',#27,#28);
#27 = CARTESIAN_POINT('',(61.40555087049,-117.8803346943,23.3162));
#28 = VECTOR('',#29,1.);
#29 = DIRECTION('',(0.,0.,1.));
#30 = ORIENTED_EDGE('',*,*,#31,.T.);
#31 = EDGE_CURVE('',#24,#32,#34,.T.);
#32 = VERTEX_POINT('',#33);
#33 = CARTESIAN_POINT('',(60.944023716801,-118.4244035429,24.5162));
#34 = LINE('',#35,#36);
#35 = CARTESIAN_POINT('',(61.40555087049,-117.8803346943,24.5162));
#36 = VECTOR('',#37,1.);
#37 = DIRECTION('',(-0.646890228827,-0.762583131107,0.));
#38 = ORIENTED_EDGE('',*,*,#39,.F.);
#39 = EDGE_CURVE('',#40,#32,#42,.T.);
#40 = VERTEX_POINT('',#41);
#41 = CARTESIAN_POINT('',(60.944023716801,-118.4244035429,23.3162));
#42 = LINE('',#43,#44);
#43 = CARTESIAN_POINT('',(60.944023716801,-118.4244035429,23.3162));
#44 = VECTOR('',#45,1.);
#45 = DIRECTION('',(0.,0.,1.));
#46 = ORIENTED_EDGE('',*,*,#47,.F.);
#47 = EDGE_CURVE('',#22,#40,#48,.T.);
#48 = LINE('',#49,#50);
#49 = CARTESIAN_POINT('',(61.40555087049,-117.8803346943,23.3162));
#50 = VECTOR('',#51,1.);
#51 = DIRECTION('',(-0.646890228827,-0.762583131107,0.));
#52 = PLANE('',#53);
#53 = AXIS2_PLACEMENT_3D('',#54,#55,#56);
#54 = CARTESIAN_POINT('',(61.40555087049,-117.8803346943,23.3162));
#55 = DIRECTION('',(0.762583131107,-0.646890228827,0.));
#56 = DIRECTION('',(-0.646890228827,-0.762583131107,0.));
#57 = ADVANCED_FACE('',(#58),#83,.T.);
#58 = FACE_BOUND('',#59,.T.);
#59 = EDGE_LOOP('',(#60,#61,#69,#77));
#60 = ORIENTED_EDGE('',*,*,#39,.T.);
#61 = ORIENTED_EDGE('',*,*,#62,.T.);
#62 = EDGE_CURVE('',#32,#63,#65,.T.);
#63 = VERTEX_POINT('',#64);
#64 = CARTESIAN_POINT('',(60.614221692099,-118.4413646436,24.5162));
#65 = LINE('',#66,#67);
#66 = CARTESIAN_POINT('',(60.944023716801,-118.4244035429,24.5162));
#67 = VECTOR('',#68,1.);
#68 = DIRECTION('',(-0.998680191278,-5.13602526177E-02,0.));
#69 = ORIENTED_EDGE('',*,*,#70,.F.);
#70 = EDGE_CURVE('',#71,#63,#73,.T.);
#71 = VERTEX_POINT('',#72);
#72 = CARTESIAN_POINT('',(60.614221692099,-118.4413646436,23.3162));
#73 = LINE('',#74,#75);
#74 = CARTESIAN_POINT('',(60.614221692099,-118.4413646436,23.3162));
#75 = VECTOR('',#76,1.);
#76 = DIRECTION('',(0.,0.,1.));
#77 = ORIENTED_EDGE('',*,*,#78,.F.);
#78 = EDGE_CURVE('',#40,#71,#79,.T.);
#79 = LINE('',#80,#81);
#80 = CARTESIAN_POINT('',(60.944023716801,-118.4244035429,23.3162));
#81 = VECTOR('',#82,1.);
#82 = DIRECTION('',(-0.998680191278,-5.13602526177E-02,0.));
#83 = PLANE('',#84);
#84 = AXIS2_PLACEMENT_3D('',#85,#86,#87);
#85 = CARTESIAN_POINT('',(60.944023716801,-118.4244035429,23.3162));
#86 = DIRECTION('',(5.13602526177E-02,-0.998680191278,0.));
#87 = DIRECTION('',(-0.998680191278,-5.13602526177E-02,0.));
#88 = ADVANCED_FACE('',(#89),#114,.T.);
#89 = FACE_BOUND('',#90,.T.);
#90 = EDGE_LOOP('',(#91,#92,#100,#108));
#91 = ORIENTED_EDGE('',*,*,#70,.T.);
#92 = ORIENTED_EDGE('',*,*,#93,.T.);
#93 = EDGE_CURVE('',#63,#94,#96,.T.);
#94 = VERTEX_POINT('',#95);
#95 = CARTESIAN_POINT('',(60.452972010995,-118.3536163424,24.5162));
#96 = LINE('',#97,#98);
#97 = CARTESIAN_POINT('',(60.614221692099,-118.4413646436,24.5162));
#98 = VECTOR('',#99,1.);
#99 = DIRECTION('',(-0.878367032517,0.477986774071,0.));
#100 = ORIENTED_EDGE('',*,*,#101,.F.);
#101 = EDGE_CURVE('',#102,#94,#104,.T.);
#102 = VERTEX_POINT('',#103);
#103 = CARTESIAN_POINT('',(60.452972010995,-118.3536163424,23.3162));
#104 = LINE('',#105,#106);
#105 = CARTESIAN_POINT('',(60.452972010995,-118.3536163424,23.3162));
#106 = VECTOR('',#107,1.);
#107 = DIRECTION('',(0.,0.,1.));
#108 = ORIENTED_EDGE('',*,*,#109,.F.);
#109 = EDGE_CURVE('',#71,#102,#110,.T.);
#110 = LINE('',#111,#112);
#111 = CARTESIAN_POINT('',(60.614221692099,-118.4413646436,23.3162));
#112 = VECTOR('',#113,1.);
#113 = DIRECTION('',(-0.878367032517,0.477986774071,0.));
#114 = PLANE('',#115);
#115 = AXIS2_PLACEMENT_3D('',#116,#117,#118);
#116 = CARTESIAN_POINT('',(60.614221692099,-118.4413646436,23.3162));
#117 = DIRECTION('',(-0.477986774071,-0.878367032517,0.));
#118 = DIRECTION('',(-0.878367032517,0.477986774071,0.));
#119 = ADVANCED_FACE('',(#120),#145,.T.);
#120 = FACE_BOUND('',#121,.T.);
#121 = EDGE_LOOP('',(#122,#123,#131,#139));
#122 = ORIENTED_EDGE('',*,*,#101,.T.);
#123 = ORIENTED_EDGE('',*,*,#124,.T.);
#124 = EDGE_CURVE('',#94,#125,#127,.T.);
#125 = VERTEX_POINT('',#126);
#126 = CARTESIAN_POINT('',(60.13272144127,-117.758401933,24.5162));
#127 = LINE('',#128,#129);
#128 = CARTESIAN_POINT('',(60.452972010995,-118.3536163424,24.5162));
#129 = VECTOR('',#130,1.);
#130 = DIRECTION('',(-0.473813635318,0.880625141014,0.));
#131 = ORIENTED_EDGE('',*,*,#132,.F.);
#132 = EDGE_CURVE('',#133,#125,#135,.T.);
#133 = VERTEX_POINT('',#134);
#134 = CARTESIAN_POINT('',(60.13272144127,-117.758401933,23.3162));
#135 = LINE('',#136,#137);
#136 = CARTESIAN_POINT('',(60.13272144127,-117.758401933,23.3162));
#137 = VECTOR('',#138,1.);
#138 = DIRECTION('',(0.,0.,1.));
#139 = ORIENTED_EDGE('',*,*,#140,.F.);
#140 = EDGE_CURVE('',#102,#133,#141,.T.);
#141 = LINE('',#142,#143);
#142 = CARTESIAN_POINT('',(60.452972010995,-118.3536163424,23.3162));
#143 = VECTOR('',#144,1.);
#144 = DIRECTION('',(-0.473813635318,0.880625141014,0.));
#145 = PLANE('',#146);
#146 = AXIS2_PLACEMENT_3D('',#147,#148,#149);
#147 = CARTESIAN_POINT('',(60.452972010995,-118.3536163424,23.3162));
#148 = DIRECTION('',(-0.880625141014,-0.473813635318,0.));
#149 = DIRECTION('',(-0.473813635318,0.880625141014,0.));
#150 = ADVANCED_FACE('',(#151),#176,.T.);
#151 = FACE_BOUND('',#152,.T.);
#152 = EDGE_LOOP('',(#153,#154,#162,#170));
#153 = ORIENTED_EDGE('',*,*,#132,.T.);
#154 = ORIENTED_EDGE('',*,*,#155,.T.);
#155 = EDGE_CURVE('',#125,#156,#158,.T.);
#156 = VERTEX_POINT('',#157);
#157 = CARTESIAN_POINT('',(59.984761614565,-117.7160490911,24.5162));
#158 = LINE('',#159,#160);
#159 = CARTESIAN_POINT('',(60.13272144127,-117.758401933,24.5162));
#160 = VECTOR('',#161,1.);
#161 = DIRECTION('',(-0.961388916187,0.275193299033,0.));
#162 = ORIENTED_EDGE('',*,*,#163,.F.);
#163 = EDGE_CURVE('',#164,#156,#166,.T.);
#164 = VERTEX_POINT('',#165);
#165 = CARTESIAN_POINT('',(59.984761614565,-117.7160490911,23.3162));
#166 = LINE('',#167,#168);
#167 = CARTESIAN_POINT('',(59.984761614565,-117.7160490911,23.3162));
#168 = VECTOR('',#169,1.);
#169 = DIRECTION('',(0.,0.,1.));
#170 = ORIENTED_EDGE('',*,*,#171,.F.);
#171 = EDGE_CURVE('',#133,#164,#172,.T.);
#172 = LINE('',#173,#174);
#173 = CARTESIAN_POINT('',(60.13272144127,-117.758401933,23.3162));
#174 = VECTOR('',#175,1.);
#175 = DIRECTION('',(-0.961388916187,0.275193299033,0.));
#176 = PLANE('',#177);
#177 = AXIS2_PLACEMENT_3D('',#178,#179,#180);
#178 = CARTESIAN_POINT('',(60.13272144127,-117.758401933,23.3162));
#179 = DIRECTION('',(-0.275193299033,-0.961388916187,0.));
#180 = DIRECTION('',(-0.961388916187,0.275193299033,0.));
#181 = ADVANCED_FACE('',(#182),#207,.T.);
#182 = FACE_BOUND('',#183,.T.);
#183 = EDGE_LOOP('',(#184,#185,#193,#201));
#184 = ORIENTED_EDGE('',*,*,#163,.T.);
#185 = ORIENTED_EDGE('',*,*,#186,.T.);
#186 = EDGE_CURVE('',#156,#187,#189,.T.);
#187 = VERTEX_POINT('',#188);
#188 = CARTESIAN_POINT('',(59.375739689619,-118.0095126101,24.5162));
#189 = LINE('',#190,#191);
#190 = CARTESIAN_POINT('',(59.984761614565,-117.7160490911,24.5162));
#191 = VECTOR('',#192,1.);
#192 = DIRECTION('',(-0.900868218915,-0.434092676912,0.));
#193 = ORIENTED_EDGE('',*,*,#194,.F.);
#194 = EDGE_CURVE('',#195,#187,#197,.T.);
#195 = VERTEX_POINT('',#196);
#196 = CARTESIAN_POINT('',(59.375739689619,-118.0095126101,23.3162));
#197 = LINE('',#198,#199);
#198 = CARTESIAN_POINT('',(59.375739689619,-118.0095126101,23.3162));
#199 = VECTOR('',#200,1.);
#200 = DIRECTION('',(0.,0.,1.));
#201 = ORIENTED_EDGE('',*,*,#202,.F.);
#202 = EDGE_CURVE('',#164,#195,#203,.T.);
#203 = LINE('',#204,#205);
#204 = CARTESIAN_POINT('',(59.984761614565,-117.7160490911,23.3162));
#205 = VECTOR('',#206,1.);
#206 = DIRECTION('',(-0.900868218915,-0.434092676912,0.));
#207 = PLANE('',#208);
#208 = AXIS2_PLACEMENT_3D('',#209,#210,#211);
#209 = CARTESIAN_POINT('',(59.984761614565,-117.7160490911,23.3162));
#210 = DIRECTION('',(0.434092676912,-0.900868218915,0.));
#211 = DIRECTION('',(-0.900868218915,-0.434092676912,0.));
#212 = ADVANCED_FACE('',(#213),#238,.T.);
#213 = FACE_BOUND('',#214,.T.);
#214 = EDGE_LOOP('',(#215,#216,#224,#232));
#215 = ORIENTED_EDGE('',*,*,#194,.T.);
#216 = ORIENTED_EDGE('',*,*,#217,.T.);
#217 = EDGE_CURVE('',#187,#218,#220,.T.);
#218 = VERTEX_POINT('',#219);
#219 = CARTESIAN_POINT('',(59.22318010297,-118.0055771014,24.5162));
#220 = LINE('',#221,#222);
#221 = CARTESIAN_POINT('',(59.375739689619,-118.0095126101,24.5162));
#222 = VECTOR('',#223,1.);
#223 = DIRECTION('',(-0.999667435372,2.578795565676E-02,0.));
#224 = ORIENTED_EDGE('',*,*,#225,.F.);
#225 = EDGE_CURVE('',#226,#218,#228,.T.);
#226 = VERTEX_POINT('',#227);
#227 = CARTESIAN_POINT('',(59.22318010297,-118.0055771014,23.3162));
#228 = LINE('',#229,#230);
#229 = CARTESIAN_POINT('',(59.22318010297,-118.0055771014,23.3162));
#230 = VECTOR('',#231,1.);
#231 = DIRECTION('',(0.,0.,1.));
#232 = ORIENTED_EDGE('',*,*,#233,.F.);
#233 = EDGE_CURVE('',#195,#226,#234,.T.);
#234 = LINE('',#235,#236);
#235 = CARTESIAN_POINT('',(59.375739689619,-118.0095126101,23.3162));
#236 = VECTOR('',#237,1.);
#237 = DIRECTION('',(-0.999667435372,2.578795565676E-02,0.));
#238 = PLANE('',#239);
#239 = AXIS2_PLACEMENT_3D('',#240,#241,#242);
#240 = CARTESIAN_POINT('',(59.375739689619,-118.0095126101,23.3162));
#241 = DIRECTION('',(-2.578795565676E-02,-0.999667435372,0.));
#242 = DIRECTION('',(-0.999667435372,2.578795565676E-02,0.));
#243 = ADVANCED_FACE('',(#244),#269,.T.);
#244 = FACE_BOUND('',#245,.T.);
#245 = EDGE_LOOP('',(#246,#247,#255,#263));
#246 = ORIENTED_EDGE('',*,*,#225,.T.);
#247 = ORIENTED_EDGE('',*,*,#248,.T.);
#248 = EDGE_CURVE('',#218,#249,#251,.T.);
#249 = VERTEX_POINT('',#250);
#250 = CARTESIAN_POINT('',(58.917794618651,-117.7911905022,24.5162));
#251 = LINE('',#252,#253);
#252 = CARTESIAN_POINT('',(59.22318010297,-118.0055771014,24.5162));
#253 = VECTOR('',#254,1.);
#254 = DIRECTION('',(-0.818454610699,0.574571188127,0.));
#255 = ORIENTED_EDGE('',*,*,#256,.F.);
#256 = EDGE_CURVE('',#257,#249,#259,.T.);
#257 = VERTEX_POINT('',#258);
#258 = CARTESIAN_POINT('',(58.917794618651,-117.7911905022,23.3162));
#259 = LINE('',#260,#261);
#260 = CARTESIAN_POINT('',(58.917794618651,-117.7911905022,23.3162));
#261 = VECTOR('',#262,1.);
#262 = DIRECTION('',(0.,0.,1.));
#263 = ORIENTED_EDGE('',*,*,#264,.F.);
#264 = EDGE_CURVE('',#226,#257,#265,.T.);
#265 = LINE('',#266,#267);
#266 = CARTESIAN_POINT('',(59.22318010297,-118.0055771014,23.3162));
#267 = VECTOR('',#268,1.);
#268 = DIRECTION('',(-0.818454610699,0.574571188127,0.));
#269 = PLANE('',#270);
#270 = AXIS2_PLACEMENT_3D('',#271,#272,#273);
#271 = CARTESIAN_POINT('',(59.22318010297,-118.0055771014,23.3162));
#272 = DIRECTION('',(-0.574571188127,-0.818454610699,0.));
#273 = DIRECTION('',(-0.818454610699,0.574571188127,0.));
#274 = ADVANCED_FACE('',(#275),#300,.T.);
#275 = FACE_BOUND('',#276,.T.);
#276 = EDGE_LOOP('',(#277,#278,#286,#294));
#277 = ORIENTED_EDGE('',*,*,#256,.T.);
#278 = ORIENTED_EDGE('',*,*,#279,.T.);
#279 = EDGE_CURVE('',#249,#280,#282,.T.);
#280 = VERTEX_POINT('',#281);
#281 = CARTESIAN_POINT('',(58.820303732734,-117.3911298566,24.5162));
#282 = LINE('',#283,#284);
#283 = CARTESIAN_POINT('',(58.917794618651,-117.7911905022,24.5162));
#284 = VECTOR('',#285,1.);
#285 = DIRECTION('',(-0.236761611129,0.97156777401,0.));
#286 = ORIENTED_EDGE('',*,*,#287,.F.);
#287 = EDGE_CURVE('',#288,#280,#290,.T.);
#288 = VERTEX_POINT('',#289);
#289 = CARTESIAN_POINT('',(58.820303732734,-117.3911298566,23.3162));
#290 = LINE('',#291,#292);
#291 = CARTESIAN_POINT('',(58.820303732734,-117.3911298566,23.3162));
#292 = VECTOR('',#293,1.);
#293 = DIRECTION('',(0.,0.,1.));
#294 = ORIENTED_EDGE('',*,*,#295,.F.);
#295 = EDGE_CURVE('',#257,#288,#296,.T.);
#296 = LINE('',#297,#298);
#297 = CARTESIAN_POINT('',(58.917794618651,-117.7911905022,23.3162));
#298 = VECTOR('',#299,1.);
#299 = DIRECTION('',(-0.236761611129,0.97156777401,0.));
#300 = PLANE('',#301);
#301 = AXIS2_PLACEMENT_3D('',#302,#303,#304);
#302 = CARTESIAN_POINT('',(58.917794618651,-117.7911905022,23.3162));
#303 = DIRECTION('',(-0.97156777401,-0.236761611129,0.));
#304 = DIRECTION('',(-0.236761611129,0.97156777401,0.));
#305 = ADVANCED_FACE('',(#306),#331,.T.);
#306 = FACE_BOUND('',#307,.T.);
#307 = EDGE_LOOP('',(#308,#309,#317,#325));
#308 = ORIENTED_EDGE('',*,*,#287,.T.);
#309 = ORIENTED_EDGE('',*,*,#310,.T.);
#310 = EDGE_CURVE('',#280,#311,#313,.T.);
#311 = VERTEX_POINT('',#312);
#312 = CARTESIAN_POINT('',(58.814966972685,-117.0468792017,24.5162));
#313 = LINE('',#314,#315);
#314 = CARTESIAN_POINT('',(58.820303732734,-117.3911298566,24.5162));
#315 = VECTOR('',#316,1.);
#316 = DIRECTION('',(-1.550067894052E-02,0.999879857259,0.));
#317 = ORIENTED_EDGE('',*,*,#318,.F.);
#318 = EDGE_CURVE('',#319,#311,#321,.T.);
#319 = VERTEX_POINT('',#320);
#320 = CARTESIAN_POINT('',(58.814966972685,-117.0468792017,23.3162));
#321 = LINE('',#322,#323);
#322 = CARTESIAN_POINT('',(58.814966972685,-117.0468792017,23.3162));
#323 = VECTOR('',#324,1.);
#324 = DIRECTION('',(0.,0.,1.));
#325 = ORIENTED_EDGE('',*,*,#326,.F.);
#326 = EDGE_CURVE('',#288,#319,#327,.T.);
#327 = LINE('',#328,#329);
#328 = CARTESIAN_POINT('',(58.820303732734,-117.3911298566,23.3162));
#329 = VECTOR('',#330,1.);
#330 = DIRECTION('',(-1.550067894052E-02,0.999879857259,0.));
#331 = PLANE('',#332);
#332 = AXIS2_PLACEMENT_3D('',#333,#334,#335);
#333 = CARTESIAN_POINT('',(58.820303732734,-117.3911298566,23.3162));
#334 = DIRECTION('',(-0.999879857259,-1.550067894052E-02,0.));
#335 = DIRECTION('',(-1.550067894052E-02,0.999879857259,0.));
#336 = ADVANCED_FACE('',(#337),#362,.T.);
#337 = FACE_BOUND('',#338,.T.);
#338 = EDGE_LOOP('',(#339,#340,#348,#356));
#339 = ORIENTED_EDGE('',*,*,#318,.T.);
#340 = ORIENTED_EDGE('',*,*,#341,.T.);
#341 = EDGE_CURVE('',#311,#342,#344,.T.);
#342 = VERTEX_POINT('',#343);
#343 = CARTESIAN_POINT('',(58.043351832164,-116.9923157868,24.5162));
#344 = LINE('',#345,#346);
#345 = CARTESIAN_POINT('',(58.814966972685,-117.0468792017,24.5162));
#346 = VECTOR('',#347,1.);
#347 = DIRECTION('',(-0.997509155545,7.053711507492E-02,0.));
#348 = ORIENTED_EDGE('',*,*,#349,.F.);
#349 = EDGE_CURVE('',#350,#342,#352,.T.);
#350 = VERTEX_POINT('',#351);
#351 = CARTESIAN_POINT('',(58.043351832164,-116.9923157868,23.3162));
#352 = LINE('',#353,#354);
#353 = CARTESIAN_POINT('',(58.043351832164,-116.9923157868,23.3162));
#354 = VECTOR('',#355,1.);
#355 = DIRECTION('',(0.,0.,1.));
#356 = ORIENTED_EDGE('',*,*,#357,.F.);
#357 = EDGE_CURVE('',#319,#350,#358,.T.);
#358 = LINE('',#359,#360);
#359 = CARTESIAN_POINT('',(58.814966972685,-117.0468792017,23.3162));
#360 = VECTOR('',#361,1.);
#361 = DIRECTION('',(-0.997509155545,7.053711507492E-02,0.));
#362 = PLANE('',#363);
#363 = AXIS2_PLACEMENT_3D('',#364,#365,#366);
#364 = CARTESIAN_POINT('',(58.814966972685,-117.0468792017,23.3162));
#365 = DIRECTION('',(-7.053711507492E-02,-0.997509155545,0.));
#366 = DIRECTION('',(-0.997509155545,7.053711507492E-02,0.));
#367 = ADVANCED_FACE('',(#368),#393,.T.);
#368 = FACE_BOUND('',#369,.T.);
#369 = EDGE_LOOP('',(#370,#371,#379,#387));
#370 = ORIENTED_EDGE('',*,*,#349,.T.);
#371 = ORIENTED_EDGE('',*,*,#372,.T.);
#372 = EDGE_CURVE('',#342,#373,#375,.T.);
#373 = VERTEX_POINT('',#374);
#374 = CARTESIAN_POINT('',(57.758396986522,-116.7595565883,24.5162));
#375 = LINE('',#376,#377);
#376 = CARTESIAN_POINT('',(58.043351832164,-116.9923157868,24.5162));
#377 = VECTOR('',#378,1.);
#378 = DIRECTION('',(-0.77447077415,0.632609690084,0.));
#379 = ORIENTED_EDGE('',*,*,#380,.F.);
#380 = EDGE_CURVE('',#381,#373,#383,.T.);
#381 = VERTEX_POINT('',#382);
#382 = CARTESIAN_POINT('',(57.758396986522,-116.7595565883,23.3162));
#383 = LINE('',#384,#385);
#384 = CARTESIAN_POINT('',(57.758396986522,-116.7595565883,23.3162));
#385 = VECTOR('',#386,1.);
#386 = DIRECTION('',(0.,0.,1.));
#387 = ORIENTED_EDGE('',*,*,#388,.F.);
#388 = EDGE_CURVE('',#350,#381,#389,.T.);
#389 = LINE('',#390,#391);
#390 = CARTESIAN_POINT('',(58.043351832164,-116.9923157868,23.3162));
#391 = VECTOR('',#392,1.);
#392 = DIRECTION('',(-0.77447077415,0.632609690084,0.));
#393 = PLANE('',#394);
#394 = AXIS2_PLACEMENT_3D('',#395,#396,#397);
#395 = CARTESIAN_POINT('',(58.043351832164,-116.9923157868,23.3162));
#396 = DIRECTION('',(-0.632609690084,-0.77447077415,0.));
#397 = DIRECTION('',(-0.77447077415,0.632609690084,0.));
#398 = ADVANCED_FACE('',(#399),#424,.T.);
#399 = FACE_BOUND('',#400,.T.);
#400 = EDGE_LOOP('',(#401,#402,#410,#418));
#401 = ORIENTED_EDGE('',*,*,#380,.T.);
#402 = ORIENTED_EDGE('',*,*,#403,.T.);
#403 = EDGE_CURVE('',#373,#404,#406,.T.);
#404 = VERTEX_POINT('',#405);
#405 = CARTESIAN_POINT('',(57.712150708894,-116.5792062829,24.5162));
#406 = LINE('',#407,#408);
#407 = CARTESIAN_POINT('',(57.758396986522,-116.7595565883,24.5162));
#408 = VECTOR('',#409,1.);
#409 = DIRECTION('',(-0.248388501575,0.968660493819,0.));
#410 = ORIENTED_EDGE('',*,*,#411,.F.);
#411 = EDGE_CURVE('',#412,#404,#414,.T.);
#412 = VERTEX_POINT('',#413);
#413 = CARTESIAN_POINT('',(57.712150708894,-116.5792062829,23.3162));
#414 = LINE('',#415,#416);
#415 = CARTESIAN_POINT('',(57.712150708894,-116.5792062829,23.3162));
#416 = VECTOR('',#417,1.);
#417 = DIRECTION('',(0.,0.,1.));
#418 = ORIENTED_EDGE('',*,*,#419,.F.);
#419 = EDGE_CURVE('',#381,#412,#420,.T.);
#420 = LINE('',#421,#422);
#421 = CARTESIAN_POINT('',(57.758396986522,-116.7595565883,23.3162));
#422 = VECTOR('',#423,1.);
#423 = DIRECTION('',(-0.248388501575,0.968660493819,0.));
#424 = PLANE('',#425);
#425 = AXIS2_PLACEMENT_3D('',#426,#427,#428);
#426 = CARTESIAN_POINT('',(57.758396986522,-116.7595565883,23.3162));
#427 = DIRECTION('',(-0.968660493819,-0.248388501575,0.));
#428 = DIRECTION('',(-0.248388501575,0.968660493819,0.));
#429 = ADVANCED_FACE('',(#430),#455,.T.);
#430 = FACE_BOUND('',#431,.T.);
#431 = EDGE_LOOP('',(#432,#433,#441,#449));
#432 = ORIENTED_EDGE('',*,*,#411,.T.);
#433 = ORIENTED_EDGE('',*,*,#434,.T.);
#434 = EDGE_CURVE('',#404,#435,#437,.T.);
#435 = VERTEX_POINT('',#436);
#436 = CARTESIAN_POINT('',(57.940555290423,-115.9182558929,24.5162));
#437 = LINE('',#438,#439);
#438 = CARTESIAN_POINT('',(57.712150708894,-116.5792062829,24.5162));
#439 = VECTOR('',#440,1.);
#440 = DIRECTION('',(0.326617682369,0.945156542359,0.));
#441 = ORIENTED_EDGE('',*,*,#442,.F.);
#442 = EDGE_CURVE('',#443,#435,#445,.T.);
#443 = VERTEX_POINT('',#444);
#444 = CARTESIAN_POINT('',(57.940555290423,-115.9182558929,23.3162));
#445 = LINE('',#446,#447);
#446 = CARTESIAN_POINT('',(57.940555290423,-115.9182558929,23.3162));
#447 = VECTOR('',#448,1.);
#448 = DIRECTION('',(0.,0.,1.));
#449 = ORIENTED_EDGE('',*,*,#450,.F.);
#450 = EDGE_CURVE('',#412,#443,#451,.T.);
#451 = LINE('',#452,#453);
#452 = CARTESIAN_POINT('',(57.712150708894,-116.5792062829,23.3162));
#453 = VECTOR('',#454,1.);
#454 = DIRECTION('',(0.326617682369,0.945156542359,0.));
#455 = PLANE('',#456);
#456 = AXIS2_PLACEMENT_3D('',#457,#458,#459);
#457 = CARTESIAN_POINT('',(57.712150708894,-116.5792062829,23.3162));
#458 = DIRECTION('',(-0.945156542359,0.326617682369,0.));
#459 = DIRECTION('',(0.326617682369,0.945156542359,0.));
#460 = ADVANCED_FACE('',(#461),#486,.T.);
#461 = FACE_BOUND('',#462,.T.);
#462 = EDGE_LOOP('',(#463,#464,#472,#480));
#463 = ORIENTED_EDGE('',*,*,#442,.T.);
#464 = ORIENTED_EDGE('',*,*,#465,.T.);
#465 = EDGE_CURVE('',#435,#466,#468,.T.);
#466 = VERTEX_POINT('',#467);
#467 = CARTESIAN_POINT('',(57.895949191944,-115.833527089,24.5162));
#468 = LINE('',#469,#470);
#469 = CARTESIAN_POINT('',(57.940555290423,-115.9182558929,24.5162));
#470 = VECTOR('',#471,1.);
#471 = DIRECTION('',(-0.465844494659,0.884866603956,0.));
#472 = ORIENTED_EDGE('',*,*,#473,.F.);
#473 = EDGE_CURVE('',#474,#466,#476,.T.);
#474 = VERTEX_POINT('',#475);
#475 = CARTESIAN_POINT('',(57.895949191944,-115.833527089,23.3162));
#476 = LINE('',#477,#478);
#477 = CARTESIAN_POINT('',(57.895949191944,-115.833527089,23.3162));
#478 = VECTOR('',#479,1.);
#479 = DIRECTION('',(0.,0.,1.));
#480 = ORIENTED_EDGE('',*,*,#481,.F.);
#481 = EDGE_CURVE('',#443,#474,#482,.T.);
#482 = LINE('',#483,#484);
#483 = CARTESIAN_POINT('',(57.940555290423,-115.9182558929,23.3162));
#484 = VECTOR('',#485,1.);
#485 = DIRECTION('',(-0.465844494659,0.884866603956,0.));
#486 = PLANE('',#487);
#487 = AXIS2_PLACEMENT_3D('',#488,#489,#490);
#488 = CARTESIAN_POINT('',(57.940555290423,-115.9182558929,23.3162));
#489 = DIRECTION('',(-0.884866603956,-0.465844494659,0.));
#490 = DIRECTION('',(-0.465844494659,0.884866603956,0.));
#491 = ADVANCED_FACE('',(#492),#517,.T.);
#492 = FACE_BOUND('',#493,.T.);
#493 = EDGE_LOOP('',(#494,#495,#503,#511));
#494 = ORIENTED_EDGE('',*,*,#473,.T.);
#495 = ORIENTED_EDGE('',*,*,#496,.T.);
#496 = EDGE_CURVE('',#466,#497,#499,.T.);
#497 = VERTEX_POINT('',#498);
#498 = CARTESIAN_POINT('',(57.218375774605,-115.6855500454,24.5162));
#499 = LINE('',#500,#501);
#500 = CARTESIAN_POINT('',(57.895949191944,-115.833527089,24.5162));
#501 = VECTOR('',#502,1.);
#502 = DIRECTION('',(-0.976972846504,0.213363673555,0.));
#503 = ORIENTED_EDGE('',*,*,#504,.F.);
#504 = EDGE_CURVE('',#505,#497,#507,.T.);
#505 = VERTEX_POINT('',#506);
#506 = CARTESIAN_POINT('',(57.218375774605,-115.6855500454,23.3162));
#507 = LINE('',#508,#509);
#508 = CARTESIAN_POINT('',(57.218375774605,-115.6855500454,23.3162));
#509 = VECTOR('',#510,1.);
#510 = DIRECTION('',(0.,0.,1.));
#511 = ORIENTED_EDGE('',*,*,#512,.F.);
#512 = EDGE_CURVE('',#474,#505,#513,.T.);
#513 = LINE('',#514,#515);
#514 = CARTESIAN_POINT('',(57.895949191944,-115.833527089,23.3162));
#515 = VECTOR('',#516,1.);
#516 = DIRECTION('',(-0.976972846504,0.213363673555,0.));
#517 = PLANE('',#518);
#518 = AXIS2_PLACEMENT_3D('',#519,#520,#521);
#519 = CARTESIAN_POINT('',(57.895949191944,-115.833527089,23.3162));
#520 = DIRECTION('',(-0.213363673555,-0.976972846504,0.));
#521 = DIRECTION('',(-0.976972846504,0.213363673555,0.));
#522 = ADVANCED_FACE('',(#523),#548,.T.);
#523 = FACE_BOUND('',#524,.T.);
#524 = EDGE_LOOP('',(#525,#526,#534,#542));
#525 = ORIENTED_EDGE('',*,*,#504,.T.);
#526 = ORIENTED_EDGE('',*,*,#527,.T.);
#527 = EDGE_CURVE('',#497,#528,#530,.T.);
#528 = VERTEX_POINT('',#529);
#529 = CARTESIAN_POINT('',(57.017425298148,-115.3392325415,24.5162));
#530 = LINE('',#531,#532);
#531 = CARTESIAN_POINT('',(57.218375774605,-115.6855500454,24.5162));
#532 = VECTOR('',#533,1.);
#533 = DIRECTION('',(-0.501879407786,0.864937604709,0.));
#534 = ORIENTED_EDGE('',*,*,#535,.F.);
#535 = EDGE_CURVE('',#536,#528,#538,.T.);
#536 = VERTEX_POINT('',#537);
#537 = CARTESIAN_POINT('',(57.017425298148,-115.3392325415,23.3162));
#538 = LINE('',#539,#540);
#539 = CARTESIAN_POINT('',(57.017425298148,-115.3392325415,23.3162));
#540 = VECTOR('',#541,1.);
#541 = DIRECTION('',(0.,0.,1.));
#542 = ORIENTED_EDGE('',*,*,#543,.F.);
#543 = EDGE_CURVE('',#505,#536,#544,.T.);
#544 = LINE('',#545,#546);
#545 = CARTESIAN_POINT('',(57.218375774605,-115.6855500454,23.3162));
#546 = VECTOR('',#547,1.);
#547 = DIRECTION('',(-0.501879407786,0.864937604709,0.));
#548 = PLANE('',#549);
#549 = AXIS2_PLACEMENT_3D('',#550,#551,#552);
#550 = CARTESIAN_POINT('',(57.218375774605,-115.6855500454,23.3162));
#551 = DIRECTION('',(-0.864937604709,-0.501879407786,0.));
#552 = DIRECTION('',(-0.501879407786,0.864937604709,0.));
#553 = ADVANCED_FACE('',(#554),#579,.T.);
#554 = FACE_BOUND('',#555,.T.);
#555 = EDGE_LOOP('',(#556,#557,#565,#573));
#556 = ORIENTED_EDGE('',*,*,#535,.T.);
#557 = ORIENTED_EDGE('',*,*,#558,.T.);
#558 = EDGE_CURVE('',#528,#559,#561,.T.);
#559 = VERTEX_POINT('',#560);
#560 = CARTESIAN_POINT('',(57.165541027264,-114.8738671599,24.5162));
#561 = LINE('',#562,#563);
#562 = CARTESIAN_POINT('',(57.017425298148,-115.3392325415,24.5162));
#563 = VECTOR('',#564,1.);
#564 = DIRECTION('',(0.303287190951,0.952899197085,0.));
#565 = ORIENTED_EDGE('',*,*,#566,.F.);
#566 = EDGE_CURVE('',#567,#559,#569,.T.);
#567 = VERTEX_POINT('',#568);
#568 = CARTESIAN_POINT('',(57.165541027264,-114.8738671599,23.3162));
#569 = LINE('',#570,#571);
#570 = CARTESIAN_POINT('',(57.165541027264,-114.8738671599,23.3162));
#571 = VECTOR('',#572,1.);
#572 = DIRECTION('',(0.,0.,1.));
#573 = ORIENTED_EDGE('',*,*,#574,.F.);
#574 = EDGE_CURVE('',#536,#567,#575,.T.);
#575 = LINE('',#576,#577);
#576 = CARTESIAN_POINT('',(57.017425298148,-115.3392325415,23.3162));
#577 = VECTOR('',#578,1.);
#578 = DIRECTION('',(0.303287190951,0.952899197085,0.));
#579 = PLANE('',#580);
#580 = AXIS2_PLACEMENT_3D('',#581,#582,#583);
#581 = CARTESIAN_POINT('',(57.017425298148,-115.3392325415,23.3162));
#582 = DIRECTION('',(-0.952899197085,0.303287190951,0.));
#583 = DIRECTION('',(0.303287190951,0.952899197085,0.));
#584 = ADVANCED_FACE('',(#585),#610,.T.);
#585 = FACE_BOUND('',#586,.T.);
#586 = EDGE_LOOP('',(#587,#588,#596,#604));
#587 = ORIENTED_EDGE('',*,*,#566,.T.);
#588 = ORIENTED_EDGE('',*,*,#589,.T.);
#589 = EDGE_CURVE('',#559,#590,#592,.T.);
#590 = VERTEX_POINT('',#591);
#591 = CARTESIAN_POINT('',(57.556999648893,-114.5165544775,24.5162));
#592 = LINE('',#593,#594);
#593 = CARTESIAN_POINT('',(57.165541027264,-114.8738671599,24.5162));
#594 = VECTOR('',#595,1.);
#595 = DIRECTION('',(0.73858512684,0.674160226067,0.));
#596 = ORIENTED_EDGE('',*,*,#597,.F.);
#597 = EDGE_CURVE('',#598,#590,#600,.T.);
#598 = VERTEX_POINT('',#599);
#599 = CARTESIAN_POINT('',(57.556999648893,-114.5165544775,23.3162));
#600 = LINE('',#601,#602);
#601 = CARTESIAN_POINT('',(57.556999648893,-114.5165544775,23.3162));
#602 = VECTOR('',#603,1.);
#603 = DIRECTION('',(0.,0.,1.));
#604 = ORIENTED_EDGE('',*,*,#605,.F.);
#605 = EDGE_CURVE('',#567,#598,#606,.T.);
#606 = LINE('',#607,#608);
#607 = CARTESIAN_POINT('',(57.165541027264,-114.8738671599,23.3162));
#608 = VECTOR('',#609,1.);
#609 = DIRECTION('',(0.73858512684,0.674160226067,0.));
#610 = PLANE('',#611);
#611 = AXIS2_PLACEMENT_3D('',#612,#613,#614);
#612 = CARTESIAN_POINT('',(57.165541027264,-114.8738671599,23.3162));
#613 = DIRECTION('',(-0.674160226067,0.73858512684,0.));
#614 = DIRECTION('',(0.73858512684,0.674160226067,0.));
#615 = ADVANCED_FACE('',(#616),#641,.T.);
#616 = FACE_BOUND('',#617,.T.);
#617 = EDGE_LOOP('',(#618,#619,#627,#635));
#618 = ORIENTED_EDGE('',*,*,#597,.T.);
#619 = ORIENTED_EDGE('',*,*,#620,.T.);
#620 = EDGE_CURVE('',#590,#621,#623,.T.);
#621 = VERTEX_POINT('',#622);
#622 = CARTESIAN_POINT('',(57.550165793028,-114.4549507612,24.5162));
#623 = LINE('',#624,#625);
#624 = CARTESIAN_POINT('',(57.556999648893,-114.5165544775,24.5162));
#625 = VECTOR('',#626,1.);
#626 = DIRECTION('',(-0.110256192691,0.993903200505,0.));
#627 = ORIENTED_EDGE('',*,*,#628,.F.);
#628 = EDGE_CURVE('',#629,#621,#631,.T.);
#629 = VERTEX_POINT('',#630);
#630 = CARTESIAN_POINT('',(57.550165793028,-114.4549507612,23.3162));
#631 = LINE('',#632,#633);
#632 = CARTESIAN_POINT('',(57.550165793028,-114.4549507612,23.3162));
#633 = VECTOR('',#634,1.);
#634 = DIRECTION('',(0.,0.,1.));
#635 = ORIENTED_EDGE('',*,*,#636,.F.);
#636 = EDGE_CURVE('',#598,#629,#637,.T.);
#637 = LINE('',#638,#639);
#638 = CARTESIAN_POINT('',(57.556999648893,-114.5165544775,23.3162));
#639 = VECTOR('',#640,1.);
#640 = DIRECTION('',(-0.110256192691,0.993903200505,0.));
#641 = PLANE('',#642);
#642 = AXIS2_PLACEMENT_3D('',#643,#644,#645);
#643 = CARTESIAN_POINT('',(57.556999648893,-114.5165544775,23.3162));
#644 = DIRECTION('',(-0.993903200505,-0.110256192691,0.));
#645 = DIRECTION('',(-0.110256192691,0.993903200505,0.));
#646 = ADVANCED_FACE('',(#647),#672,.T.);
#647 = FACE_BOUND('',#648,.T.);
#648 = EDGE_LOOP('',(#649,#650,#658,#666));
#649 = ORIENTED_EDGE('',*,*,#628,.T.);
#650 = ORIENTED_EDGE('',*,*,#651,.T.);
#651 = EDGE_CURVE('',#621,#652,#654,.T.);
#652 = VERTEX_POINT('',#653);
#653 = CARTESIAN_POINT('',(56.985716512821,-114.0324407113,24.5162));
#654 = LINE('',#655,#656);
#655 = CARTESIAN_POINT('',(57.550165793028,-114.4549507612,24.5162));
#656 = VECTOR('',#657,1.);
#657 = DIRECTION('',(-0.800562598096,0.59924913561,0.));
#658 = ORIENTED_EDGE('',*,*,#659,.F.);
#659 = EDGE_CURVE('',#660,#652,#662,.T.);
#660 = VERTEX_POINT('',#661);
#661 = CARTESIAN_POINT('',(56.985716512821,-114.0324407113,23.3162));
#662 = LINE('',#663,#664);
#663 = CARTESIAN_POINT('',(56.985716512821,-114.0324407113,23.3162));
#664 = VECTOR('',#665,1.);
#665 = DIRECTION('',(0.,0.,1.));
#666 = ORIENTED_EDGE('',*,*,#667,.F.);
#667 = EDGE_CURVE('',#629,#660,#668,.T.);
#668 = LINE('',#669,#670);
#669 = CARTESIAN_POINT('',(57.550165793028,-114.4549507612,23.3162));
#670 = VECTOR('',#671,1.);
#671 = DIRECTION('',(-0.800562598096,0.59924913561,0.));
#672 = PLANE('',#673);
#673 = AXIS2_PLACEMENT_3D('',#674,#675,#676);
#674 = CARTESIAN_POINT('',(57.550165793028,-114.4549507612,23.3162));
#675 = DIRECTION('',(-0.59924913561,-0.800562598096,0.));
#676 = DIRECTION('',(-0.800562598096,0.59924913561,0.));
#677 = ADVANCED_FACE('',(#678),#703,.T.);
#678 = FACE_BOUND('',#679,.T.);
#679 = EDGE_LOOP('',(#680,#681,#689,#697));
#680 = ORIENTED_EDGE('',*,*,#659,.T.);
#681 = ORIENTED_EDGE('',*,*,#682,.T.);
#682 = EDGE_CURVE('',#652,#683,#685,.T.);
#683 = VERTEX_POINT('',#684);
#684 = CARTESIAN_POINT('',(56.900670422302,-113.6735064562,24.5162));
#685 = LINE('',#686,#687);
#686 = CARTESIAN_POINT('',(56.985716512821,-114.0324407113,24.5162));
#687 = VECTOR('',#688,1.);
#688 = DIRECTION('',(-0.23055711485,0.973058794109,0.));
#689 = ORIENTED_EDGE('',*,*,#690,.F.);
#690 = EDGE_CURVE('',#691,#683,#693,.T.);
#691 = VERTEX_POINT('',#692);
#692 = CARTESIAN_POINT('',(56.900670422302,-113.6735064562,23.3162));
#693 = LINE('',#694,#695);
#694 = CARTESIAN_POINT('',(56.900670422302,-113.6735064562,23.3162));
#695 = VECTOR('',#696,1.);
#696 = DIRECTION('',(0.,0.,1.));
#697 = ORIENTED_EDGE('',*,*,#698,.F.);
#698 = EDGE_CURVE('',#660,#691,#699,.T.);
#699 = LINE('',#700,#701);
#700 = CARTESIAN_POINT('',(56.985716512821,-114.0324407113,23.3162));
#701 = VECTOR('',#702,1.);
#702 = DIRECTION('',(-0.23055711485,0.973058794109,0.));
#703 = PLANE('',#704);
#704 = AXIS2_PLACEMENT_3D('',#705,#706,#707);
#705 = CARTESIAN_POINT('',(56.985716512821,-114.0324407113,23.3162));
#706 = DIRECTION('',(-0.973058794109,-0.23055711485,0.));
#707 = DIRECTION('',(-0.23055711485,0.973058794109,0.));
#708 = ADVANCED_FACE('',(#709),#734,.T.);
#709 = FACE_BOUND('',#710,.T.);
#710 = EDGE_LOOP('',(#711,#712,#720,#728));
#711 = ORIENTED_EDGE('',*,*,#690,.T.);
#712 = ORIENTED_EDGE('',*,*,#713,.T.);
#713 = EDGE_CURVE('',#683,#714,#716,.T.);
#714 = VERTEX_POINT('',#715);
#715 = CARTESIAN_POINT('',(56.948829864804,-113.5335221432,24.5162));
#716 = LINE('',#717,#718);
#717 = CARTESIAN_POINT('',(56.900670422302,-113.6735064562,24.5162));
#718 = VECTOR('',#719,1.);
#719 = DIRECTION('',(0.325320409237,0.945603844818,0.));
#720 = ORIENTED_EDGE('',*,*,#721,.F.);
#721 = EDGE_CURVE('',#722,#714,#724,.T.);
#722 = VERTEX_POINT('',#723);
#723 = CARTESIAN_POINT('',(56.948829864804,-113.5335221432,23.3162));
#724 = LINE('',#725,#726);
#725 = CARTESIAN_POINT('',(56.948829864804,-113.5335221432,23.3162));
#726 = VECTOR('',#727,1.);
#727 = DIRECTION('',(0.,0.,1.));
#728 = ORIENTED_EDGE('',*,*,#729,.F.);
#729 = EDGE_CURVE('',#691,#722,#730,.T.);
#730 = LINE('',#731,#732);
#731 = CARTESIAN_POINT('',(56.900670422302,-113.6735064562,23.3162));
#732 = VECTOR('',#733,1.);
#733 = DIRECTION('',(0.325320409237,0.945603844818,0.));
#734 = PLANE('',#735);
#735 = AXIS2_PLACEMENT_3D('',#736,#737,#738);
#736 = CARTESIAN_POINT('',(56.900670422302,-113.6735064562,23.3162));
#737 = DIRECTION('',(-0.945603844818,0.325320409237,0.));
#738 = DIRECTION('',(0.325320409237,0.945603844818,0.));
#739 = ADVANCED_FACE('',(#740),#765,.T.);
#740 = FACE_BOUND('',#741,.T.);
#741 = EDGE_LOOP('',(#742,#743,#751,#759));
#742 = ORIENTED_EDGE('',*,*,#721,.T.);
#743 = ORIENTED_EDGE('',*,*,#744,.T.);
#744 = EDGE_CURVE('',#714,#745,#747,.T.);
#745 = VERTEX_POINT('',#746);
#746 = CARTESIAN_POINT('',(57.209866035519,-113.3218090426,24.5162));
#747 = LINE('',#748,#749);
#748 = CARTESIAN_POINT('',(56.948829864804,-113.5335221432,24.5162));
#749 = VECTOR('',#750,1.);
#750 = DIRECTION('',(0.776665277508,0.629913523202,0.));
#751 = ORIENTED_EDGE('',*,*,#752,.F.);
#752 = EDGE_CURVE('',#753,#745,#755,.T.);
#753 = VERTEX_POINT('',#754);
#754 = CARTESIAN_POINT('',(57.209866035519,-113.3218090426,23.3162));
#755 = LINE('',#756,#757);
#756 = CARTESIAN_POINT('',(57.209866035519,-113.3218090426,23.3162));
#757 = VECTOR('',#758,1.);
#758 = DIRECTION('',(0.,0.,1.));
#759 = ORIENTED_EDGE('',*,*,#760,.F.);
#760 = EDGE_CURVE('',#722,#753,#761,.T.);
#761 = LINE('',#762,#763);
#762 = CARTESIAN_POINT('',(56.948829864804,-113.5335221432,23.3162));
#763 = VECTOR('',#764,1.);
#764 = DIRECTION('',(0.776665277508,0.629913523202,0.));
#765 = PLANE('',#766);
#766 = AXIS2_PLACEMENT_3D('',#767,#768,#769);
#767 = CARTESIAN_POINT('',(56.948829864804,-113.5335221432,23.3162));
#768 = DIRECTION('',(-0.629913523202,0.776665277508,0.));
#769 = DIRECTION('',(0.776665277508,0.629913523202,0.));
#770 = ADVANCED_FACE('',(#771),#796,.T.);
#771 = FACE_BOUND('',#772,.T.);
#772 = EDGE_LOOP('',(#773,#774,#782,#790));
#773 = ORIENTED_EDGE('',*,*,#752,.T.);
#774 = ORIENTED_EDGE('',*,*,#775,.T.);
#775 = EDGE_CURVE('',#745,#776,#778,.T.);
#776 = VERTEX_POINT('',#777);
#777 = CARTESIAN_POINT('',(57.642399265863,-113.1152972626,24.5162));
#778 = LINE('',#779,#780);
#779 = CARTESIAN_POINT('',(57.209866035519,-113.3218090426,24.5162));
#780 = VECTOR('',#781,1.);
#781 = DIRECTION('',(0.902419824533,0.430857819111,0.));
#782 = ORIENTED_EDGE('',*,*,#783,.F.);
#783 = EDGE_CURVE('',#784,#776,#786,.T.);
#784 = VERTEX_POINT('',#785);
#785 = CARTESIAN_POINT('',(57.642399265863,-113.1152972626,23.3162));
#786 = LINE('',#787,#788);
#787 = CARTESIAN_POINT('',(57.642399265863,-113.1152972626,23.3162));
#788 = VECTOR('',#789,1.);
#789 = DIRECTION('',(0.,0.,1.));
#790 = ORIENTED_EDGE('',*,*,#791,.F.);
#791 = EDGE_CURVE('',#753,#784,#792,.T.);
#792 = LINE('',#793,#794);
#793 = CARTESIAN_POINT('',(57.209866035519,-113.3218090426,23.3162));
#794 = VECTOR('',#795,1.);
#795 = DIRECTION('',(0.902419824533,0.430857819111,0.));
#796 = PLANE('',#797);
#797 = AXIS2_PLACEMENT_3D('',#798,#799,#800);
#798 = CARTESIAN_POINT('',(57.209866035519,-113.3218090426,23.3162));
#799 = DIRECTION('',(-0.430857819111,0.902419824533,0.));
#800 = DIRECTION('',(0.902419824533,0.430857819111,0.));
#801 = ADVANCED_FACE('',(#802),#827,.T.);
#802 = FACE_BOUND('',#803,.T.);
#803 = EDGE_LOOP('',(#804,#805,#813,#821));
#804 = ORIENTED_EDGE('',*,*,#783,.T.);
#805 = ORIENTED_EDGE('',*,*,#806,.T.);
#806 = EDGE_CURVE('',#776,#807,#809,.T.);
#807 = VERTEX_POINT('',#808);
#808 = CARTESIAN_POINT('',(57.689676713293,-112.9821008837,24.5162));
#809 = LINE('',#810,#811);
#810 = CARTESIAN_POINT('',(57.642399265863,-113.1152972626,24.5162));
#811 = VECTOR('',#812,1.);
#812 = DIRECTION('',(0.334499178462,0.942396041804,0.));
#813 = ORIENTED_EDGE('',*,*,#814,.F.);
#814 = EDGE_CURVE('',#815,#807,#817,.T.);
#815 = VERTEX_POINT('',#816);
#816 = CARTESIAN_POINT('',(57.689676713293,-112.9821008837,23.3162));
#817 = LINE('',#818,#819);
#818 = CARTESIAN_POINT('',(57.689676713293,-112.9821008837,23.3162));
#819 = VECTOR('',#820,1.);
#820 = DIRECTION('',(0.,0.,1.));
#821 = ORIENTED_EDGE('',*,*,#822,.F.);
#822 = EDGE_CURVE('',#784,#815,#823,.T.);
#823 = LINE('',#824,#825);
#824 = CARTESIAN_POINT('',(57.642399265863,-113.1152972626,23.3162));
#825 = VECTOR('',#826,1.);
#826 = DIRECTION('',(0.334499178462,0.942396041804,0.));
#827 = PLANE('',#828);
#828 = AXIS2_PLACEMENT_3D('',#829,#830,#831);
#829 = CARTESIAN_POINT('',(57.642399265863,-113.1152972626,23.3162));
#830 = DIRECTION('',(-0.942396041804,0.334499178462,0.));
#831 = DIRECTION('',(0.334499178462,0.942396041804,0.));
#832 = ADVANCED_FACE('',(#833),#858,.T.);
#833 = FACE_BOUND('',#834,.T.);
#834 = EDGE_LOOP('',(#835,#836,#844,#852));
#835 = ORIENTED_EDGE('',*,*,#814,.T.);
#836 = ORIENTED_EDGE('',*,*,#837,.T.);
#837 = EDGE_CURVE('',#807,#838,#840,.T.);
#838 = VERTEX_POINT('',#839);
#839 = CARTESIAN_POINT('',(57.371759281355,-112.3412532917,24.5162));
#840 = LINE('',#841,#842);
#841 = CARTESIAN_POINT('',(57.689676713293,-112.9821008837,24.5162));
#842 = VECTOR('',#843,1.);
#843 = DIRECTION('',(-0.444408534589,0.895824231858,0.));
#844 = ORIENTED_EDGE('',*,*,#845,.F.);
#845 = EDGE_CURVE('',#846,#838,#848,.T.);
#846 = VERTEX_POINT('',#847);
#847 = CARTESIAN_POINT('',(57.371759281355,-112.3412532917,23.3162));
#848 = LINE('',#849,#850);
#849 = CARTESIAN_POINT('',(57.371759281355,-112.3412532917,23.3162));
#850 = VECTOR('',#851,1.);
#851 = DIRECTION('',(0.,0.,1.));
#852 = ORIENTED_EDGE('',*,*,#853,.F.);
#853 = EDGE_CURVE('',#815,#846,#854,.T.);
#854 = LINE('',#855,#856);
#855 = CARTESIAN_POINT('',(57.689676713293,-112.9821008837,23.3162));
#856 = VECTOR('',#857,1.);
#857 = DIRECTION('',(-0.444408534589,0.895824231858,0.));
#858 = PLANE('',#859);
#859 = AXIS2_PLACEMENT_3D('',#860,#861,#862);
#860 = CARTESIAN_POINT('',(57.689676713293,-112.9821008837,23.3162));
#861 = DIRECTION('',(-0.895824231858,-0.444408534589,0.));
#862 = DIRECTION('',(-0.444408534589,0.895824231858,0.));
#863 = ADVANCED_FACE('',(#864),#889,.T.);
#864 = FACE_BOUND('',#865,.T.);
#865 = EDGE_LOOP('',(#866,#867,#875,#883));
#866 = ORIENTED_EDGE('',*,*,#845,.T.);
#867 = ORIENTED_EDGE('',*,*,#868,.T.);
#868 = EDGE_CURVE('',#838,#869,#871,.T.);
#869 = VERTEX_POINT('',#870);
#870 = CARTESIAN_POINT('',(57.538566441366,-111.9548689146,24.5162));
#871 = LINE('',#872,#873);
#872 = CARTESIAN_POINT('',(57.371759281355,-112.3412532917,24.5162));
#873 = VECTOR('',#874,1.);
#874 = DIRECTION('',(0.396354627069,0.918097494606,0.));
#875 = ORIENTED_EDGE('',*,*,#876,.F.);
#876 = EDGE_CURVE('',#877,#869,#879,.T.);
#877 = VERTEX_POINT('',#878);
#878 = CARTESIAN_POINT('',(57.538566441366,-111.9548689146,23.3162));
#879 = LINE('',#880,#881);
#880 = CARTESIAN_POINT('',(57.538566441366,-111.9548689146,23.3162));
#881 = VECTOR('',#882,1.);
#882 = DIRECTION('',(0.,0.,1.));
#883 = ORIENTED_EDGE('',*,*,#884,.F.);
#884 = EDGE_CURVE('',#846,#877,#885,.T.);
#885 = LINE('',#886,#887);
#886 = CARTESIAN_POINT('',(57.371759281355,-112.3412532917,23.3162));
#887 = VECTOR('',#888,1.);
#888 = DIRECTION('',(0.396354627069,0.918097494606,0.));
#889 = PLANE('',#890);
#890 = AXIS2_PLACEMENT_3D('',#891,#892,#893);
#891 = CARTESIAN_POINT('',(57.371759281355,-112.3412532917,23.3162));
#892 = DIRECTION('',(-0.918097494606,0.396354627069,0.));
#893 = DIRECTION('',(0.396354627069,0.918097494606,0.));
#894 = ADVANCED_FACE('',(#895),#920,.T.);
#895 = FACE_BOUND('',#896,.T.);
#896 = EDGE_LOOP('',(#897,#898,#906,#914));
#897 = ORIENTED_EDGE('',*,*,#876,.T.);
#898 = ORIENTED_EDGE('',*,*,#899,.T.);
#899 = EDGE_CURVE('',#869,#900,#902,.T.);
#900 = VERTEX_POINT('',#901);
#901 = CARTESIAN_POINT('',(58.481517684857,-111.7796285621,24.5162));
#902 = LINE('',#903,#904);
#903 = CARTESIAN_POINT('',(57.538566441366,-111.9548689146,24.5162));
#904 = VECTOR('',#905,1.);
#905 = DIRECTION('',(0.983166110632,0.182713981142,0.));
#906 = ORIENTED_EDGE('',*,*,#907,.F.);
#907 = EDGE_CURVE('',#908,#900,#910,.T.);
#908 = VERTEX_POINT('',#909);
#909 = CARTESIAN_POINT('',(58.481517684857,-111.7796285621,23.3162));
#910 = LINE('',#911,#912);
#911 = CARTESIAN_POINT('',(58.481517684857,-111.7796285621,23.3162));
#912 = VECTOR('',#913,1.);
#913 = DIRECTION('',(0.,0.,1.));
#914 = ORIENTED_EDGE('',*,*,#915,.F.);
#915 = EDGE_CURVE('',#877,#908,#916,.T.);
#916 = LINE('',#917,#918);
#917 = CARTESIAN_POINT('',(57.538566441366,-111.9548689146,23.3162));
#918 = VECTOR('',#919,1.);
#919 = DIRECTION('',(0.983166110632,0.182713981142,0.));
#920 = PLANE('',#921);
#921 = AXIS2_PLACEMENT_3D('',#922,#923,#924);
#922 = CARTESIAN_POINT('',(57.538566441366,-111.9548689146,23.3162));
#923 = DIRECTION('',(-0.182713981142,0.983166110632,0.));
#924 = DIRECTION('',(0.983166110632,0.182713981142,0.));
#925 = ADVANCED_FACE('',(#926),#951,.T.);
#926 = FACE_BOUND('',#927,.T.);
#927 = EDGE_LOOP('',(#928,#929,#937,#945));
#928 = ORIENTED_EDGE('',*,*,#907,.T.);
#929 = ORIENTED_EDGE('',*,*,#930,.T.);
#930 = EDGE_CURVE('',#900,#931,#933,.T.);
#931 = VERTEX_POINT('',#932);
#932 = CARTESIAN_POINT('',(58.821860137118,-111.7814061007,24.5162));
#933 = LINE('',#934,#935);
#934 = CARTESIAN_POINT('',(58.481517684857,-111.7796285621,24.5162));
#935 = VECTOR('',#936,1.);
#936 = DIRECTION('',(0.99998636149,-5.222722829376E-03,0.));
#937 = ORIENTED_EDGE('',*,*,#938,.F.);
#938 = EDGE_CURVE('',#939,#931,#941,.T.);
#939 = VERTEX_POINT('',#940);
#940 = CARTESIAN_POINT('',(58.821860137118,-111.7814061007,23.3162));
#941 = LINE('',#942,#943);
#942 = CARTESIAN_POINT('',(58.821860137118,-111.7814061007,23.3162));
#943 = VECTOR('',#944,1.);
#944 = DIRECTION('',(0.,0.,1.));
#945 = ORIENTED_EDGE('',*,*,#946,.F.);
#946 = EDGE_CURVE('',#908,#939,#947,.T.);
#947 = LINE('',#948,#949);
#948 = CARTESIAN_POINT('',(58.481517684857,-111.7796285621,23.3162));
#949 = VECTOR('',#950,1.);
#950 = DIRECTION('',(0.99998636149,-5.222722829376E-03,0.));
#951 = PLANE('',#952);
#952 = AXIS2_PLACEMENT_3D('',#953,#954,#955);
#953 = CARTESIAN_POINT('',(58.481517684857,-111.7796285621,23.3162));
#954 = DIRECTION('',(5.222722829376E-03,0.99998636149,-0.));
#955 = DIRECTION('',(0.99998636149,-5.222722829376E-03,0.));
#956 = ADVANCED_FACE('',(#957),#982,.T.);
#957 = FACE_BOUND('',#958,.T.);
#958 = EDGE_LOOP('',(#959,#960,#968,#976));
#959 = ORIENTED_EDGE('',*,*,#938,.T.);
#960 = ORIENTED_EDGE('',*,*,#961,.T.);
#961 = EDGE_CURVE('',#931,#962,#964,.T.);
#962 = VERTEX_POINT('',#963);
#963 = CARTESIAN_POINT('',(58.892457310634,-111.4297064333,24.5162));
#964 = LINE('',#965,#966);
#965 = CARTESIAN_POINT('',(58.821860137118,-111.7814061007,24.5162));
#966 = VECTOR('',#967,1.);
#967 = DIRECTION('',(0.19680562023,0.980442526539,0.));
#968 = ORIENTED_EDGE('',*,*,#969,.F.);
#969 = EDGE_CURVE('',#970,#962,#972,.T.);
#970 = VERTEX_POINT('',#971);
#971 = CARTESIAN_POINT('',(58.892457310634,-111.4297064333,23.3162));
#972 = LINE('',#973,#974);
#973 = CARTESIAN_POINT('',(58.892457310634,-111.4297064333,23.3162));
#974 = VECTOR('',#975,1.);
#975 = DIRECTION('',(0.,0.,1.));
#976 = ORIENTED_EDGE('',*,*,#977,.F.);
#977 = EDGE_CURVE('',#939,#970,#978,.T.);
#978 = LINE('',#979,#980);
#979 = CARTESIAN_POINT('',(58.821860137118,-111.7814061007,23.3162));
#980 = VECTOR('',#981,1.);
#981 = DIRECTION('',(0.19680562023,0.980442526539,0.));
#982 = PLANE('',#983);
#983 = AXIS2_PLACEMENT_3D('',#984,#985,#986);
#984 = CARTESIAN_POINT('',(58.821860137118,-111.7814061007,23.3162));
#985 = DIRECTION('',(-0.980442526539,0.19680562023,0.));
#986 = DIRECTION('',(0.19680562023,0.980442526539,0.));
#987 = ADVANCED_FACE('',(#988),#1013,.T.);
#988 = FACE_BOUND('',#989,.T.);
#989 = EDGE_LOOP('',(#990,#991,#999,#1007));
#990 = ORIENTED_EDGE('',*,*,#969,.T.);
#991 = ORIENTED_EDGE('',*,*,#992,.T.);
#992 = EDGE_CURVE('',#962,#993,#995,.T.);
#993 = VERTEX_POINT('',#994);
#994 = CARTESIAN_POINT('',(59.512987542682,-110.9982867203,24.5162));
#995 = LINE('',#996,#997);
#996 = CARTESIAN_POINT('',(58.892457310634,-111.4297064333,24.5162));
#997 = VECTOR('',#998,1.);
#998 = DIRECTION('',(0.82106240791,0.570838438017,0.));
#999 = ORIENTED_EDGE('',*,*,#1000,.F.);
#1000 = EDGE_CURVE('',#1001,#993,#1003,.T.);
#1001 = VERTEX_POINT('',#1002);
#1002 = CARTESIAN_POINT('',(59.512987542682,-110.9982867203,23.3162));
#1003 = LINE('',#1004,#1005);
#1004 = CARTESIAN_POINT('',(59.512987542682,-110.9982867203,23.3162));
#1005 = VECTOR('',#1006,1.);
#1006 = DIRECTION('',(0.,0.,1.));
#1007 = ORIENTED_EDGE('',*,*,#1008,.F.);
#1008 = EDGE_CURVE('',#970,#1001,#1009,.T.);
#1009 = LINE('',#1010,#1011);
#1010 = CARTESIAN_POINT('',(58.892457310634,-111.4297064333,23.3162));
#1011 = VECTOR('',#1012,1.);
#1012 = DIRECTION('',(0.82106240791,0.570838438017,0.));
#1013 = PLANE('',#1014);
#1014 = AXIS2_PLACEMENT_3D('',#1015,#1016,#1017);
#1015 = CARTESIAN_POINT('',(58.892457310634,-111.4297064333,23.3162));
#1016 = DIRECTION('',(-0.570838438017,0.82106240791,0.));
#1017 = DIRECTION('',(0.82106240791,0.570838438017,0.));
#1018 = ADVANCED_FACE('',(#1019),#1044,.T.);
#1019 = FACE_BOUND('',#1020,.T.);
#1020 = EDGE_LOOP('',(#1021,#1022,#1030,#1038));
#1021 = ORIENTED_EDGE('',*,*,#1000,.T.);
#1022 = ORIENTED_EDGE('',*,*,#1023,.T.);
#1023 = EDGE_CURVE('',#993,#1024,#1026,.T.);
#1024 = VERTEX_POINT('',#1025);
#1025 = CARTESIAN_POINT('',(60.386684130331,-110.6649297736,24.5162));
#1026 = LINE('',#1027,#1028);
#1027 = CARTESIAN_POINT('',(59.512987542682,-110.9982867203,24.5162));
#1028 = VECTOR('',#1029,1.);
#1029 = DIRECTION('',(0.934302564876,0.356481019505,0.));
#1030 = ORIENTED_EDGE('',*,*,#1031,.F.);
#1031 = EDGE_CURVE('',#1032,#1024,#1034,.T.);
#1032 = VERTEX_POINT('',#1033);
#1033 = CARTESIAN_POINT('',(60.386684130331,-110.6649297736,23.3162));
#1034 = LINE('',#1035,#1036);
#1035 = CARTESIAN_POINT('',(60.386684130331,-110.6649297736,23.3162));
#1036 = VECTOR('',#1037,1.);
#1037 = DIRECTION('',(0.,0.,1.));
#1038 = ORIENTED_EDGE('',*,*,#1039,.F.);
#1039 = EDGE_CURVE('',#1001,#1032,#1040,.T.);
#1040 = LINE('',#1041,#1042);
#1041 = CARTESIAN_POINT('',(59.512987542682,-110.9982867203,23.3162));
#1042 = VECTOR('',#1043,1.);
#1043 = DIRECTION('',(0.934302564876,0.356481019505,0.));
#1044 = PLANE('',#1045);
#1045 = AXIS2_PLACEMENT_3D('',#1046,#1047,#1048);
#1046 = CARTESIAN_POINT('',(59.512987542682,-110.9982867203,23.3162));
#1047 = DIRECTION('',(-0.356481019505,0.934302564876,0.));
#1048 = DIRECTION('',(0.934302564876,0.356481019505,0.));
#1049 = ADVANCED_FACE('',(#1050),#1075,.T.);
#1050 = FACE_BOUND('',#1051,.T.);
#1051 = EDGE_LOOP('',(#1052,#1053,#1061,#1069));
#1052 = ORIENTED_EDGE('',*,*,#1031,.T.);
#1053 = ORIENTED_EDGE('',*,*,#1054,.T.);
#1054 = EDGE_CURVE('',#1024,#1055,#1057,.T.);
#1055 = VERTEX_POINT('',#1056);
#1056 = CARTESIAN_POINT('',(61.178697926532,-110.5627952312,24.5162));
#1057 = LINE('',#1058,#1059);
#1058 = CARTESIAN_POINT('',(60.386684130331,-110.6649297736,24.5162));
#1059 = VECTOR('',#1060,1.);
#1060 = DIRECTION('',(0.991787524707,0.127896465295,0.));
#1061 = ORIENTED_EDGE('',*,*,#1062,.F.);
#1062 = EDGE_CURVE('',#1063,#1055,#1065,.T.);
#1063 = VERTEX_POINT('',#1064);
#1064 = CARTESIAN_POINT('',(61.178697926532,-110.5627952312,23.3162));
#1065 = LINE('',#1066,#1067);
#1066 = CARTESIAN_POINT('',(61.178697926532,-110.5627952312,23.3162));
#1067 = VECTOR('',#1068,1.);
#1068 = DIRECTION('',(0.,0.,1.));
#1069 = ORIENTED_EDGE('',*,*,#1070,.F.);
#1070 = EDGE_CURVE('',#1032,#1063,#1071,.T.);
#1071 = LINE('',#1072,#1073);
#1072 = CARTESIAN_POINT('',(60.386684130331,-110.6649297736,23.3162));
#1073 = VECTOR('',#1074,1.);
#1074 = DIRECTION('',(0.991787524707,0.127896465295,0.));
#1075 = PLANE('',#1076);
#1076 = AXIS2_PLACEMENT_3D('',#1077,#1078,#1079);
#1077 = CARTESIAN_POINT('',(60.386684130331,-110.6649297736,23.3162));
#1078 = DIRECTION('',(-0.127896465295,0.991787524707,0.));
#1079 = DIRECTION('',(0.991787524707,0.127896465295,0.));
#1080 = ADVANCED_FACE('',(#1081),#1106,.T.);
#1081 = FACE_BOUND('',#1082,.T.);
#1082 = EDGE_LOOP('',(#1083,#1084,#1092,#1100));
#1083 = ORIENTED_EDGE('',*,*,#1062,.T.);
#1084 = ORIENTED_EDGE('',*,*,#1085,.T.);
#1085 = EDGE_CURVE('',#1055,#1086,#1088,.T.);
#1086 = VERTEX_POINT('',#1087);
#1087 = CARTESIAN_POINT('',(62.147623906982,-110.7204204694,24.5162));
#1088 = LINE('',#1089,#1090);
#1089 = CARTESIAN_POINT('',(61.178697926532,-110.5627952312,24.5162));
#1090 = VECTOR('',#1091,1.);
#1091 = DIRECTION('',(0.987024533659,-0.160569517516,0.));
#1092 = ORIENTED_EDGE('',*,*,#1093,.F.);
#1093 = EDGE_CURVE('',#1094,#1086,#1096,.T.);
#1094 = VERTEX_POINT('',#1095);
#1095 = CARTESIAN_POINT('',(62.147623906982,-110.7204204694,23.3162));
#1096 = LINE('',#1097,#1098);
#1097 = CARTESIAN_POINT('',(62.147623906982,-110.7204204694,23.3162));
#1098 = VECTOR('',#1099,1.);
#1099 = DIRECTION('',(0.,0.,1.));
#1100 = ORIENTED_EDGE('',*,*,#1101,.F.);
#1101 = EDGE_CURVE('',#1063,#1094,#1102,.T.);
#1102 = LINE('',#1103,#1104);
#1103 = CARTESIAN_POINT('',(61.178697926532,-110.5627952312,23.3162));
#1104 = VECTOR('',#1105,1.);
#1105 = DIRECTION('',(0.987024533659,-0.160569517516,0.));
#1106 = PLANE('',#1107);
#1107 = AXIS2_PLACEMENT_3D('',#1108,#1109,#1110);
#1108 = CARTESIAN_POINT('',(61.178697926532,-110.5627952312,23.3162));
#1109 = DIRECTION('',(0.160569517516,0.987024533659,-0.));
#1110 = DIRECTION('',(0.987024533659,-0.160569517516,0.));
#1111 = ADVANCED_FACE('',(#1112),#1137,.T.);
#1112 = FACE_BOUND('',#1113,.T.);
#1113 = EDGE_LOOP('',(#1114,#1115,#1123,#1131));
#1114 = ORIENTED_EDGE('',*,*,#1093,.T.);
#1115 = ORIENTED_EDGE('',*,*,#1116,.T.);
#1116 = EDGE_CURVE('',#1086,#1117,#1119,.T.);
#1117 = VERTEX_POINT('',#1118);
#1118 = CARTESIAN_POINT('',(63.079897263737,-111.1309958763,24.5162));
#1119 = LINE('',#1120,#1121);
#1120 = CARTESIAN_POINT('',(62.147623906982,-110.7204204694,24.5162));
#1121 = VECTOR('',#1122,1.);
#1122 = DIRECTION('',(0.915179230827,-0.403047113205,0.));
#1123 = ORIENTED_EDGE('',*,*,#1124,.F.);
#1124 = EDGE_CURVE('',#1125,#1117,#1127,.T.);
#1125 = VERTEX_POINT('',#1126);
#1126 = CARTESIAN_POINT('',(63.079897263737,-111.1309958763,23.3162));
#1127 = LINE('',#1128,#1129);
#1128 = CARTESIAN_POINT('',(63.079897263737,-111.1309958763,23.3162));
#1129 = VECTOR('',#1130,1.);
#1130 = DIRECTION('',(0.,0.,1.));
#1131 = ORIENTED_EDGE('',*,*,#1132,.F.);
#1132 = EDGE_CURVE('',#1094,#1125,#1133,.T.);
#1133 = LINE('',#1134,#1135);
#1134 = CARTESIAN_POINT('',(62.147623906982,-110.7204204694,23.3162));
#1135 = VECTOR('',#1136,1.);
#1136 = DIRECTION('',(0.915179230827,-0.403047113205,0.));
#1137 = PLANE('',#1138);
#1138 = AXIS2_PLACEMENT_3D('',#1139,#1140,#1141);
#1139 = CARTESIAN_POINT('',(62.147623906982,-110.7204204694,23.3162));
#1140 = DIRECTION('',(0.403047113205,0.915179230827,-0.));
#1141 = DIRECTION('',(0.915179230827,-0.403047113205,0.));
#1142 = ADVANCED_FACE('',(#1143),#1168,.T.);
#1143 = FACE_BOUND('',#1144,.T.);
#1144 = EDGE_LOOP('',(#1145,#1146,#1154,#1162));
#1145 = ORIENTED_EDGE('',*,*,#1124,.T.);
#1146 = ORIENTED_EDGE('',*,*,#1147,.T.);
#1147 = EDGE_CURVE('',#1117,#1148,#1150,.T.);
#1148 = VERTEX_POINT('',#1149);
#1149 = CARTESIAN_POINT('',(63.86926678702,-111.7683262572,24.5162));
#1150 = LINE('',#1151,#1152);
#1151 = CARTESIAN_POINT('',(63.079897263737,-111.1309958763,24.5162));
#1152 = VECTOR('',#1153,1.);
#1153 = DIRECTION('',(0.778055504526,-0.62819553634,0.));
#1154 = ORIENTED_EDGE('',*,*,#1155,.F.);
#1155 = EDGE_CURVE('',#1156,#1148,#1158,.T.);
#1156 = VERTEX_POINT('',#1157);
#1157 = CARTESIAN_POINT('',(63.86926678702,-111.7683262572,23.3162));
#1158 = LINE('',#1159,#1160);
#1159 = CARTESIAN_POINT('',(63.86926678702,-111.7683262572,23.3162));
#1160 = VECTOR('',#1161,1.);
#1161 = DIRECTION('',(0.,0.,1.));
#1162 = ORIENTED_EDGE('',*,*,#1163,.F.);
#1163 = EDGE_CURVE('',#1125,#1156,#1164,.T.);
#1164 = LINE('',#1165,#1166);
#1165 = CARTESIAN_POINT('',(63.079897263737,-111.1309958763,23.3162));
#1166 = VECTOR('',#1167,1.);
#1167 = DIRECTION('',(0.778055504526,-0.62819553634,0.));
#1168 = PLANE('',#1169);
#1169 = AXIS2_PLACEMENT_3D('',#1170,#1171,#1172);
#1170 = CARTESIAN_POINT('',(63.079897263737,-111.1309958763,23.3162));
#1171 = DIRECTION('',(0.62819553634,0.778055504526,-0.));
#1172 = DIRECTION('',(0.778055504526,-0.62819553634,0.));
#1173 = ADVANCED_FACE('',(#1174),#1199,.T.);
#1174 = FACE_BOUND('',#1175,.T.);
#1175 = EDGE_LOOP('',(#1176,#1177,#1185,#1193));
#1176 = ORIENTED_EDGE('',*,*,#1155,.T.);
#1177 = ORIENTED_EDGE('',*,*,#1178,.T.);
#1178 = EDGE_CURVE('',#1148,#1179,#1181,.T.);
#1179 = VERTEX_POINT('',#1180);
#1180 = CARTESIAN_POINT('',(64.447691998243,-112.5942546312,24.5162));
#1181 = LINE('',#1182,#1183);
#1182 = CARTESIAN_POINT('',(63.86926678702,-111.7683262572,24.5162));
#1183 = VECTOR('',#1184,1.);
#1184 = DIRECTION('',(0.573645601298,-0.81910361012,0.));
#1185 = ORIENTED_EDGE('',*,*,#1186,.F.);
#1186 = EDGE_CURVE('',#1187,#1179,#1189,.T.);
#1187 = VERTEX_POINT('',#1188);
#1188 = CARTESIAN_POINT('',(64.447691998243,-112.5942546312,23.3162));
#1189 = LINE('',#1190,#1191);
#1190 = CARTESIAN_POINT('',(64.447691998243,-112.5942546312,23.3162));
#1191 = VECTOR('',#1192,1.);
#1192 = DIRECTION('',(0.,0.,1.));
#1193 = ORIENTED_EDGE('',*,*,#1194,.F.);
#1194 = EDGE_CURVE('',#1156,#1187,#1195,.T.);
#1195 = LINE('',#1196,#1197);
#1196 = CARTESIAN_POINT('',(63.86926678702,-111.7683262572,23.3162));
#1197 = VECTOR('',#1198,1.);
#1198 = DIRECTION('',(0.573645601298,-0.81910361012,0.));
#1199 = PLANE('',#1200);
#1200 = AXIS2_PLACEMENT_3D('',#1201,#1202,#1203);
#1201 = CARTESIAN_POINT('',(63.86926678702,-111.7683262572,23.3162));
#1202 = DIRECTION('',(0.81910361012,0.573645601298,-0.));
#1203 = DIRECTION('',(0.573645601298,-0.81910361012,0.));
#1204 = ADVANCED_FACE('',(#1205),#1230,.T.);
#1205 = FACE_BOUND('',#1206,.T.);
#1206 = EDGE_LOOP('',(#1207,#1208,#1216,#1224));
#1207 = ORIENTED_EDGE('',*,*,#1186,.T.);
#1208 = ORIENTED_EDGE('',*,*,#1209,.T.);
#1209 = EDGE_CURVE('',#1179,#1210,#1212,.T.);
#1210 = VERTEX_POINT('',#1211);
#1211 = CARTESIAN_POINT('',(64.760197822267,-113.4892364706,24.5162));
#1212 = LINE('',#1213,#1214);
#1213 = CARTESIAN_POINT('',(64.447691998243,-112.5942546312,24.5162));
#1214 = VECTOR('',#1215,1.);
#1215 = DIRECTION('',(0.329656960749,-0.944100782877,0.));
#1216 = ORIENTED_EDGE('',*,*,#1217,.F.);
#1217 = EDGE_CURVE('',#1218,#1210,#1220,.T.);
#1218 = VERTEX_POINT('',#1219);
#1219 = CARTESIAN_POINT('',(64.760197822267,-113.4892364706,23.3162));
#1220 = LINE('',#1221,#1222);
#1221 = CARTESIAN_POINT('',(64.760197822267,-113.4892364706,23.3162));
#1222 = VECTOR('',#1223,1.);
#1223 = DIRECTION('',(0.,0.,1.));
#1224 = ORIENTED_EDGE('',*,*,#1225,.F.);
#1225 = EDGE_CURVE('',#1187,#1218,#1226,.T.);
#1226 = LINE('',#1227,#1228);
#1227 = CARTESIAN_POINT('',(64.447691998243,-112.5942546312,23.3162));
#1228 = VECTOR('',#1229,1.);
#1229 = DIRECTION('',(0.329656960749,-0.944100782877,0.));
#1230 = PLANE('',#1231);
#1231 = AXIS2_PLACEMENT_3D('',#1232,#1233,#1234);
#1232 = CARTESIAN_POINT('',(64.447691998243,-112.5942546312,23.3162));
#1233 = DIRECTION('',(0.944100782877,0.329656960749,-0.));
#1234 = DIRECTION('',(0.329656960749,-0.944100782877,0.));
#1235 = ADVANCED_FACE('',(#1236),#1261,.T.);
#1236 = FACE_BOUND('',#1237,.T.);
#1237 = EDGE_LOOP('',(#1238,#1239,#1247,#1255));
#1238 = ORIENTED_EDGE('',*,*,#1217,.T.);
#1239 = ORIENTED_EDGE('',*,*,#1240,.T.);
#1240 = EDGE_CURVE('',#1210,#1241,#1243,.T.);
#1241 = VERTEX_POINT('',#1242);
#1242 = CARTESIAN_POINT('',(64.812807465154,-114.4306566653,24.5162));
#1243 = LINE('',#1244,#1245);
#1244 = CARTESIAN_POINT('',(64.760197822267,-113.4892364706,24.5162));
#1245 = VECTOR('',#1246,1.);
#1246 = DIRECTION('',(5.579621799444E-02,-0.998442177623,0.));
#1247 = ORIENTED_EDGE('',*,*,#1248,.F.);
#1248 = EDGE_CURVE('',#1249,#1241,#1251,.T.);
#1249 = VERTEX_POINT('',#1250);
#1250 = CARTESIAN_POINT('',(64.812807465154,-114.4306566653,23.3162));
#1251 = LINE('',#1252,#1253);
#1252 = CARTESIAN_POINT('',(64.812807465154,-114.4306566653,23.3162));
#1253 = VECTOR('',#1254,1.);
#1254 = DIRECTION('',(0.,0.,1.));
#1255 = ORIENTED_EDGE('',*,*,#1256,.F.);
#1256 = EDGE_CURVE('',#1218,#1249,#1257,.T.);
#1257 = LINE('',#1258,#1259);
#1258 = CARTESIAN_POINT('',(64.760197822267,-113.4892364706,23.3162));
#1259 = VECTOR('',#1260,1.);
#1260 = DIRECTION('',(5.579621799444E-02,-0.998442177623,0.));
#1261 = PLANE('',#1262);
#1262 = AXIS2_PLACEMENT_3D('',#1263,#1264,#1265);
#1263 = CARTESIAN_POINT('',(64.760197822267,-113.4892364706,23.3162));
#1264 = DIRECTION('',(0.998442177623,5.579621799444E-02,-0.));
#1265 = DIRECTION('',(5.579621799444E-02,-0.998442177623,0.));
#1266 = ADVANCED_FACE('',(#1267),#1292,.T.);
#1267 = FACE_BOUND('',#1268,.T.);
#1268 = EDGE_LOOP('',(#1269,#1270,#1278,#1286));
#1269 = ORIENTED_EDGE('',*,*,#1248,.T.);
#1270 = ORIENTED_EDGE('',*,*,#1271,.T.);
#1271 = EDGE_CURVE('',#1241,#1272,#1274,.T.);
#1272 = VERTEX_POINT('',#1273);
#1273 = CARTESIAN_POINT('',(64.707127312285,-115.0499563245,24.5162));
#1274 = LINE('',#1275,#1276);
#1275 = CARTESIAN_POINT('',(64.812807465154,-114.4306566653,24.5162));
#1276 = VECTOR('',#1277,1.);
#1277 = DIRECTION('',(-0.168213044078,-0.985750664114,0.));
#1278 = ORIENTED_EDGE('',*,*,#1279,.F.);
#1279 = EDGE_CURVE('',#1280,#1272,#1282,.T.);
#1280 = VERTEX_POINT('',#1281);
#1281 = CARTESIAN_POINT('',(64.707127312285,-115.0499563245,23.3162));
#1282 = LINE('',#1283,#1284);
#1283 = CARTESIAN_POINT('',(64.707127312285,-115.0499563245,23.3162));
#1284 = VECTOR('',#1285,1.);
#1285 = DIRECTION('',(0.,0.,1.));
#1286 = ORIENTED_EDGE('',*,*,#1287,.F.);
#1287 = EDGE_CURVE('',#1249,#1280,#1288,.T.);
#1288 = LINE('',#1289,#1290);
#1289 = CARTESIAN_POINT('',(64.812807465154,-114.4306566653,23.3162));
#1290 = VECTOR('',#1291,1.);
#1291 = DIRECTION('',(-0.168213044078,-0.985750664114,0.));
#1292 = PLANE('',#1293);
#1293 = AXIS2_PLACEMENT_3D('',#1294,#1295,#1296);
#1294 = CARTESIAN_POINT('',(64.812807465154,-114.4306566653,23.3162));
#1295 = DIRECTION('',(0.985750664114,-0.168213044078,0.));
#1296 = DIRECTION('',(-0.168213044078,-0.985750664114,0.));
#1297 = ADVANCED_FACE('',(#1298),#1323,.T.);
#1298 = FACE_BOUND('',#1299,.T.);
#1299 = EDGE_LOOP('',(#1300,#1301,#1309,#1317));
#1300 = ORIENTED_EDGE('',*,*,#1279,.T.);
#1301 = ORIENTED_EDGE('',*,*,#1302,.T.);
#1302 = EDGE_CURVE('',#1272,#1303,#1305,.T.);
#1303 = VERTEX_POINT('',#1304);
#1304 = CARTESIAN_POINT('',(64.512186493576,-115.6236829633,24.5162));
#1305 = LINE('',#1306,#1307);
#1306 = CARTESIAN_POINT('',(64.707127312285,-115.0499563245,24.5162));
#1307 = VECTOR('',#1308,1.);
#1308 = DIRECTION('',(-0.321715980197,-0.946836220307,0.));
#1309 = ORIENTED_EDGE('',*,*,#1310,.F.);
#1310 = EDGE_CURVE('',#1311,#1303,#1313,.T.);
#1311 = VERTEX_POINT('',#1312);
#1312 = CARTESIAN_POINT('',(64.512186493576,-115.6236829633,23.3162));
#1313 = LINE('',#1314,#1315);
#1314 = CARTESIAN_POINT('',(64.512186493576,-115.6236829633,23.3162));
#1315 = VECTOR('',#1316,1.);
#1316 = DIRECTION('',(0.,0.,1.));
#1317 = ORIENTED_EDGE('',*,*,#1318,.F.);
#1318 = EDGE_CURVE('',#1280,#1311,#1319,.T.);
#1319 = LINE('',#1320,#1321);
#1320 = CARTESIAN_POINT('',(64.707127312285,-115.0499563245,23.3162));
#1321 = VECTOR('',#1322,1.);
#1322 = DIRECTION('',(-0.321715980197,-0.946836220307,0.));
#1323 = PLANE('',#1324);
#1324 = AXIS2_PLACEMENT_3D('',#1325,#1326,#1327);
#1325 = CARTESIAN_POINT('',(64.707127312285,-115.0499563245,23.3162));
#1326 = DIRECTION('',(0.946836220307,-0.321715980197,0.));
#1327 = DIRECTION('',(-0.321715980197,-0.946836220307,0.));
#1328 = ADVANCED_FACE('',(#1329),#1354,.T.);
#1329 = FACE_BOUND('',#1330,.T.);
#1330 = EDGE_LOOP('',(#1331,#1332,#1340,#1348));
#1331 = ORIENTED_EDGE('',*,*,#1310,.T.);
#1332 = ORIENTED_EDGE('',*,*,#1333,.T.);
#1333 = EDGE_CURVE('',#1303,#1334,#1336,.T.);
#1334 = VERTEX_POINT('',#1335);
#1335 = CARTESIAN_POINT('',(64.047601581604,-116.4484523639,24.5162));
#1336 = LINE('',#1337,#1338);
#1337 = CARTESIAN_POINT('',(64.512186493576,-115.6236829633,24.5162));
#1338 = VECTOR('',#1339,1.);
#1339 = DIRECTION('',(-0.490784469749,-0.871281013366,0.));
#1340 = ORIENTED_EDGE('',*,*,#1341,.F.);
#1341 = EDGE_CURVE('',#1342,#1334,#1344,.T.);
#1342 = VERTEX_POINT('',#1343);
#1343 = CARTESIAN_POINT('',(64.047601581604,-116.4484523639,23.3162));
#1344 = LINE('',#1345,#1346);
#1345 = CARTESIAN_POINT('',(64.047601581604,-116.4484523639,23.3162));
#1346 = VECTOR('',#1347,1.);
#1347 = DIRECTION('',(0.,0.,1.));
#1348 = ORIENTED_EDGE('',*,*,#1349,.F.);
#1349 = EDGE_CURVE('',#1311,#1342,#1350,.T.);
#1350 = LINE('',#1351,#1352);
#1351 = CARTESIAN_POINT('',(64.512186493576,-115.6236829633,23.3162));
#1352 = VECTOR('',#1353,1.);
#1353 = DIRECTION('',(-0.490784469749,-0.871281013366,0.));
#1354 = PLANE('',#1355);
#1355 = AXIS2_PLACEMENT_3D('',#1356,#1357,#1358);
#1356 = CARTESIAN_POINT('',(64.512186493576,-115.6236829633,23.3162));
#1357 = DIRECTION('',(0.871281013366,-0.490784469749,0.));
#1358 = DIRECTION('',(-0.490784469749,-0.871281013366,0.));
#1359 = ADVANCED_FACE('',(#1360),#1385,.T.);
#1360 = FACE_BOUND('',#1361,.T.);
#1361 = EDGE_LOOP('',(#1362,#1363,#1371,#1379));
#1362 = ORIENTED_EDGE('',*,*,#1341,.T.);
#1363 = ORIENTED_EDGE('',*,*,#1364,.T.);
#1364 = EDGE_CURVE('',#1334,#1365,#1367,.T.);
#1365 = VERTEX_POINT('',#1366);
#1366 = CARTESIAN_POINT('',(63.758596289828,-116.6422758004,24.5162));
#1367 = LINE('',#1368,#1369);
#1368 = CARTESIAN_POINT('',(64.047601581604,-116.4484523639,24.5162));
#1369 = VECTOR('',#1370,1.);
#1370 = DIRECTION('',(-0.830517553829,-0.556992453075,0.));
#1371 = ORIENTED_EDGE('',*,*,#1372,.F.);
#1372 = EDGE_CURVE('',#1373,#1365,#1375,.T.);
#1373 = VERTEX_POINT('',#1374);
#1374 = CARTESIAN_POINT('',(63.758596289828,-116.6422758004,23.3162));
#1375 = LINE('',#1376,#1377);
#1376 = CARTESIAN_POINT('',(63.758596289828,-116.6422758004,23.3162));
#1377 = VECTOR('',#1378,1.);
#1378 = DIRECTION('',(0.,0.,1.));
#1379 = ORIENTED_EDGE('',*,*,#1380,.F.);
#1380 = EDGE_CURVE('',#1342,#1373,#1381,.T.);
#1381 = LINE('',#1382,#1383);
#1382 = CARTESIAN_POINT('',(64.047601581604,-116.4484523639,23.3162));
#1383 = VECTOR('',#1384,1.);
#1384 = DIRECTION('',(-0.830517553829,-0.556992453075,0.));
#1385 = PLANE('',#1386);
#1386 = AXIS2_PLACEMENT_3D('',#1387,#1388,#1389);
#1387 = CARTESIAN_POINT('',(64.047601581604,-116.4484523639,23.3162));
#1388 = DIRECTION('',(0.556992453075,-0.830517553829,0.));
#1389 = DIRECTION('',(-0.830517553829,-0.556992453075,0.));
#1390 = ADVANCED_FACE('',(#1391),#1416,.T.);
#1391 = FACE_BOUND('',#1392,.T.);
#1392 = EDGE_LOOP('',(#1393,#1394,#1402,#1410));
#1393 = ORIENTED_EDGE('',*,*,#1372,.T.);
#1394 = ORIENTED_EDGE('',*,*,#1395,.T.);
#1395 = EDGE_CURVE('',#1365,#1396,#1398,.T.);
#1396 = VERTEX_POINT('',#1397);
#1397 = CARTESIAN_POINT('',(64.119606197135,-117.1004661048,24.5162));
#1398 = LINE('',#1399,#1400);
#1399 = CARTESIAN_POINT('',(63.758596289828,-116.6422758004,24.5162));
#1400 = VECTOR('',#1401,1.);
#1401 = DIRECTION('',(0.618884375224,-0.785482100435,0.));
#1402 = ORIENTED_EDGE('',*,*,#1403,.F.);
#1403 = EDGE_CURVE('',#1404,#1396,#1406,.T.);
#1404 = VERTEX_POINT('',#1405);
#1405 = CARTESIAN_POINT('',(64.119606197135,-117.1004661048,23.3162));
#1406 = LINE('',#1407,#1408);
#1407 = CARTESIAN_POINT('',(64.119606197135,-117.1004661048,23.3162));
#1408 = VECTOR('',#1409,1.);
#1409 = DIRECTION('',(0.,0.,1.));
#1410 = ORIENTED_EDGE('',*,*,#1411,.F.);
#1411 = EDGE_CURVE('',#1373,#1404,#1412,.T.);
#1412 = LINE('',#1413,#1414);
#1413 = CARTESIAN_POINT('',(63.758596289828,-116.6422758004,23.3162));
#1414 = VECTOR('',#1415,1.);
#1415 = DIRECTION('',(0.618884375224,-0.785482100435,0.));
#1416 = PLANE('',#1417);
#1417 = AXIS2_PLACEMENT_3D('',#1418,#1419,#1420);
#1418 = CARTESIAN_POINT('',(63.758596289828,-116.6422758004,23.3162));
#1419 = DIRECTION('',(0.785482100435,0.618884375224,-0.));
#1420 = DIRECTION('',(0.618884375224,-0.785482100435,0.));
#1421 = ADVANCED_FACE('',(#1422),#1447,.T.);
#1422 = FACE_BOUND('',#1423,.T.);
#1423 = EDGE_LOOP('',(#1424,#1425,#1433,#1441));
#1424 = ORIENTED_EDGE('',*,*,#1403,.T.);
#1425 = ORIENTED_EDGE('',*,*,#1426,.T.);
#1426 = EDGE_CURVE('',#1396,#1427,#1429,.T.);
#1427 = VERTEX_POINT('',#1428);
#1428 = CARTESIAN_POINT('',(64.13649348919,-117.3121673483,24.5162));
#1429 = LINE('',#1430,#1431);
#1430 = CARTESIAN_POINT('',(64.119606197135,-117.1004661048,24.5162));
#1431 = VECTOR('',#1432,1.);
#1432 = DIRECTION('',(7.951686312504E-02,-0.996833520945,0.));
#1433 = ORIENTED_EDGE('',*,*,#1434,.F.);
#1434 = EDGE_CURVE('',#1435,#1427,#1437,.T.);
#1435 = VERTEX_POINT('',#1436);
#1436 = CARTESIAN_POINT('',(64.13649348919,-117.3121673483,23.3162));
#1437 = LINE('',#1438,#1439);
#1438 = CARTESIAN_POINT('',(64.13649348919,-117.3121673483,23.3162));
#1439 = VECTOR('',#1440,1.);
#1440 = DIRECTION('',(0.,0.,1.));
#1441 = ORIENTED_EDGE('',*,*,#1442,.F.);
#1442 = EDGE_CURVE('',#1404,#1435,#1443,.T.);
#1443 = LINE('',#1444,#1445);
#1444 = CARTESIAN_POINT('',(64.119606197135,-117.1004661048,23.3162));
#1445 = VECTOR('',#1446,1.);
#1446 = DIRECTION('',(7.951686312504E-02,-0.996833520945,0.));
#1447 = PLANE('',#1448);
#1448 = AXIS2_PLACEMENT_3D('',#1449,#1450,#1451);
#1449 = CARTESIAN_POINT('',(64.119606197135,-117.1004661048,23.3162));
#1450 = DIRECTION('',(0.996833520945,7.951686312504E-02,-0.));
#1451 = DIRECTION('',(7.951686312504E-02,-0.996833520945,0.));
#1452 = ADVANCED_FACE('',(#1453),#1478,.T.);
#1453 = FACE_BOUND('',#1454,.T.);
#1454 = EDGE_LOOP('',(#1455,#1456,#1464,#1472));
#1455 = ORIENTED_EDGE('',*,*,#1434,.T.);
#1456 = ORIENTED_EDGE('',*,*,#1457,.T.);
#1457 = EDGE_CURVE('',#1427,#1458,#1460,.T.);
#1458 = VERTEX_POINT('',#1459);
#1459 = CARTESIAN_POINT('',(64.081455559266,-117.4322757385,24.5162));
#1460 = LINE('',#1461,#1462);
#1461 = CARTESIAN_POINT('',(64.13649348919,-117.3121673483,24.5162));
#1462 = VECTOR('',#1463,1.);
#1463 = DIRECTION('',(-0.416581219492,-0.909098502675,0.));
#1464 = ORIENTED_EDGE('',*,*,#1465,.F.);
#1465 = EDGE_CURVE('',#1466,#1458,#1468,.T.);
#1466 = VERTEX_POINT('',#1467);
#1467 = CARTESIAN_POINT('',(64.081455559266,-117.4322757385,23.3162));
#1468 = LINE('',#1469,#1470);
#1469 = CARTESIAN_POINT('',(64.081455559266,-117.4322757385,23.3162));
#1470 = VECTOR('',#1471,1.);
#1471 = DIRECTION('',(0.,0.,1.));
#1472 = ORIENTED_EDGE('',*,*,#1473,.F.);
#1473 = EDGE_CURVE('',#1435,#1466,#1474,.T.);
#1474 = LINE('',#1475,#1476);
#1475 = CARTESIAN_POINT('',(64.13649348919,-117.3121673483,23.3162));
#1476 = VECTOR('',#1477,1.);
#1477 = DIRECTION('',(-0.416581219492,-0.909098502675,0.));
#1478 = PLANE('',#1479);
#1479 = AXIS2_PLACEMENT_3D('',#1480,#1481,#1482);
#1480 = CARTESIAN_POINT('',(64.13649348919,-117.3121673483,23.3162));
#1481 = DIRECTION('',(0.909098502675,-0.416581219492,0.));
#1482 = DIRECTION('',(-0.416581219492,-0.909098502675,0.));
#1483 = ADVANCED_FACE('',(#1484),#1509,.T.);
#1484 = FACE_BOUND('',#1485,.T.);
#1485 = EDGE_LOOP('',(#1486,#1487,#1495,#1503));
#1486 = ORIENTED_EDGE('',*,*,#1465,.T.);
#1487 = ORIENTED_EDGE('',*,*,#1488,.T.);
#1488 = EDGE_CURVE('',#1458,#1489,#1491,.T.);
#1489 = VERTEX_POINT('',#1490);
#1490 = CARTESIAN_POINT('',(63.801628385569,-117.582568555,24.5162));
#1491 = LINE('',#1492,#1493);
#1492 = CARTESIAN_POINT('',(64.081455559266,-117.4322757385,24.5162));
#1493 = VECTOR('',#1494,1.);
#1494 = DIRECTION('',(-0.880974402937,-0.47316392653,0.));
#1495 = ORIENTED_EDGE('',*,*,#1496,.F.);
#1496 = EDGE_CURVE('',#1497,#1489,#1499,.T.);
#1497 = VERTEX_POINT('',#1498);
#1498 = CARTESIAN_POINT('',(63.801628385569,-117.582568555,23.3162));
#1499 = LINE('',#1500,#1501);
#1500 = CARTESIAN_POINT('',(63.801628385569,-117.582568555,23.3162));
#1501 = VECTOR('',#1502,1.);
#1502 = DIRECTION('',(0.,0.,1.));
#1503 = ORIENTED_EDGE('',*,*,#1504,.F.);
#1504 = EDGE_CURVE('',#1466,#1497,#1505,.T.);
#1505 = LINE('',#1506,#1507);
#1506 = CARTESIAN_POINT('',(64.081455559266,-117.4322757385,23.3162));
#1507 = VECTOR('',#1508,1.);
#1508 = DIRECTION('',(-0.880974402937,-0.47316392653,0.));
#1509 = PLANE('',#1510);
#1510 = AXIS2_PLACEMENT_3D('',#1511,#1512,#1513);
#1511 = CARTESIAN_POINT('',(64.081455559266,-117.4322757385,23.3162));
#1512 = DIRECTION('',(0.47316392653,-0.880974402937,0.));
#1513 = DIRECTION('',(-0.880974402937,-0.47316392653,0.));
#1514 = ADVANCED_FACE('',(#1515),#1540,.T.);
#1515 = FACE_BOUND('',#1516,.T.);
#1516 = EDGE_LOOP('',(#1517,#1518,#1526,#1534));
#1517 = ORIENTED_EDGE('',*,*,#1496,.T.);
#1518 = ORIENTED_EDGE('',*,*,#1519,.T.);
#1519 = EDGE_CURVE('',#1489,#1520,#1522,.T.);
#1520 = VERTEX_POINT('',#1521);
#1521 = CARTESIAN_POINT('',(63.4428310632,-117.5977402641,24.5162));
#1522 = LINE('',#1523,#1524);
#1523 = CARTESIAN_POINT('',(63.801628385569,-117.582568555,24.5162));
#1524 = VECTOR('',#1525,1.);
#1525 = DIRECTION('',(-0.999107190682,-4.224714815061E-02,0.));
#1526 = ORIENTED_EDGE('',*,*,#1527,.F.);
#1527 = EDGE_CURVE('',#1528,#1520,#1530,.T.);
#1528 = VERTEX_POINT('',#1529);
#1529 = CARTESIAN_POINT('',(63.4428310632,-117.5977402641,23.3162));
#1530 = LINE('',#1531,#1532);
#1531 = CARTESIAN_POINT('',(63.4428310632,-117.5977402641,23.3162));
#1532 = VECTOR('',#1533,1.);
#1533 = DIRECTION('',(0.,0.,1.));
#1534 = ORIENTED_EDGE('',*,*,#1535,.F.);
#1535 = EDGE_CURVE('',#1497,#1528,#1536,.T.);
#1536 = LINE('',#1537,#1538);
#1537 = CARTESIAN_POINT('',(63.801628385569,-117.582568555,23.3162));
#1538 = VECTOR('',#1539,1.);
#1539 = DIRECTION('',(-0.999107190682,-4.224714815061E-02,0.));
#1540 = PLANE('',#1541);
#1541 = AXIS2_PLACEMENT_3D('',#1542,#1543,#1544);
#1542 = CARTESIAN_POINT('',(63.801628385569,-117.582568555,23.3162));
#1543 = DIRECTION('',(4.224714815061E-02,-0.999107190682,0.));
#1544 = DIRECTION('',(-0.999107190682,-4.224714815061E-02,0.));
#1545 = ADVANCED_FACE('',(#1546),#1571,.T.);
#1546 = FACE_BOUND('',#1547,.T.);
#1547 = EDGE_LOOP('',(#1548,#1549,#1557,#1565));
#1548 = ORIENTED_EDGE('',*,*,#1527,.T.);
#1549 = ORIENTED_EDGE('',*,*,#1550,.T.);
#1550 = EDGE_CURVE('',#1520,#1551,#1553,.T.);
#1551 = VERTEX_POINT('',#1552);
#1552 = CARTESIAN_POINT('',(62.905188602207,-117.4603369175,24.5162));
#1553 = LINE('',#1554,#1555);
#1554 = CARTESIAN_POINT('',(63.4428310632,-117.5977402641,24.5162));
#1555 = VECTOR('',#1556,1.);
#1556 = DIRECTION('',(-0.96886026613,0.247608127321,0.));
#1557 = ORIENTED_EDGE('',*,*,#1558,.F.);
#1558 = EDGE_CURVE('',#1559,#1551,#1561,.T.);
#1559 = VERTEX_POINT('',#1560);
#1560 = CARTESIAN_POINT('',(62.905188602207,-117.4603369175,23.3162));
#1561 = LINE('',#1562,#1563);
#1562 = CARTESIAN_POINT('',(62.905188602207,-117.4603369175,23.3162));
#1563 = VECTOR('',#1564,1.);
#1564 = DIRECTION('',(0.,0.,1.));
#1565 = ORIENTED_EDGE('',*,*,#1566,.F.);
#1566 = EDGE_CURVE('',#1528,#1559,#1567,.T.);
#1567 = LINE('',#1568,#1569);
#1568 = CARTESIAN_POINT('',(63.4428310632,-117.5977402641,23.3162));
#1569 = VECTOR('',#1570,1.);
#1570 = DIRECTION('',(-0.96886026613,0.247608127321,0.));
#1571 = PLANE('',#1572);
#1572 = AXIS2_PLACEMENT_3D('',#1573,#1574,#1575);
#1573 = CARTESIAN_POINT('',(63.4428310632,-117.5977402641,23.3162));
#1574 = DIRECTION('',(-0.247608127321,-0.96886026613,0.));
#1575 = DIRECTION('',(-0.96886026613,0.247608127321,0.));
#1576 = ADVANCED_FACE('',(#1577),#1602,.T.);
#1577 = FACE_BOUND('',#1578,.T.);
#1578 = EDGE_LOOP('',(#1579,#1580,#1588,#1596));
#1579 = ORIENTED_EDGE('',*,*,#1558,.T.);
#1580 = ORIENTED_EDGE('',*,*,#1581,.T.);
#1581 = EDGE_CURVE('',#1551,#1582,#1584,.T.);
#1582 = VERTEX_POINT('',#1583);
#1583 = CARTESIAN_POINT('',(62.772301801254,-117.5342417328,24.5162));
#1584 = LINE('',#1585,#1586);
#1585 = CARTESIAN_POINT('',(62.905188602207,-117.4603369175,24.5162));
#1586 = VECTOR('',#1587,1.);
#1587 = DIRECTION('',(-0.873937140851,-0.486038963296,0.));
#1588 = ORIENTED_EDGE('',*,*,#1589,.F.);
#1589 = EDGE_CURVE('',#1590,#1582,#1592,.T.);
#1590 = VERTEX_POINT('',#1591);
#1591 = CARTESIAN_POINT('',(62.772301801254,-117.5342417328,23.3162));
#1592 = LINE('',#1593,#1594);
#1593 = CARTESIAN_POINT('',(62.772301801254,-117.5342417328,23.3162));
#1594 = VECTOR('',#1595,1.);
#1595 = DIRECTION('',(0.,0.,1.));
#1596 = ORIENTED_EDGE('',*,*,#1597,.F.);
#1597 = EDGE_CURVE('',#1559,#1590,#1598,.T.);
#1598 = LINE('',#1599,#1600);
#1599 = CARTESIAN_POINT('',(62.905188602207,-117.4603369175,23.3162));
#1600 = VECTOR('',#1601,1.);
#1601 = DIRECTION('',(-0.873937140851,-0.486038963296,0.));
#1602 = PLANE('',#1603);
#1603 = AXIS2_PLACEMENT_3D('',#1604,#1605,#1606);
#1604 = CARTESIAN_POINT('',(62.905188602207,-117.4603369175,23.3162));
#1605 = DIRECTION('',(0.486038963296,-0.873937140851,0.));
#1606 = DIRECTION('',(-0.873937140851,-0.486038963296,0.));
#1607 = ADVANCED_FACE('',(#1608),#1633,.T.);
#1608 = FACE_BOUND('',#1609,.T.);
#1609 = EDGE_LOOP('',(#1610,#1611,#1619,#1627));
#1610 = ORIENTED_EDGE('',*,*,#1589,.T.);
#1611 = ORIENTED_EDGE('',*,*,#1612,.T.);
#1612 = EDGE_CURVE('',#1582,#1613,#1615,.T.);
#1613 = VERTEX_POINT('',#1614);
#1614 = CARTESIAN_POINT('',(62.594914407272,-118.1723155433,24.5162));
#1615 = LINE('',#1616,#1617);
#1616 = CARTESIAN_POINT('',(62.772301801254,-117.5342417328,24.5162));
#1617 = VECTOR('',#1618,1.);
#1618 = DIRECTION('',(-0.267846653243,-0.963461556237,0.));
#1619 = ORIENTED_EDGE('',*,*,#1620,.F.);
#1620 = EDGE_CURVE('',#1621,#1613,#1623,.T.);
#1621 = VERTEX_POINT('',#1622);
#1622 = CARTESIAN_POINT('',(62.594914407272,-118.1723155433,23.3162));
#1623 = LINE('',#1624,#1625);
#1624 = CARTESIAN_POINT('',(62.594914407272,-118.1723155433,23.3162));
#1625 = VECTOR('',#1626,1.);
#1626 = DIRECTION('',(0.,0.,1.));
#1627 = ORIENTED_EDGE('',*,*,#1628,.F.);
#1628 = EDGE_CURVE('',#1590,#1621,#1629,.T.);
#1629 = LINE('',#1630,#1631);
#1630 = CARTESIAN_POINT('',(62.772301801254,-117.5342417328,23.3162));
#1631 = VECTOR('',#1632,1.);
#1632 = DIRECTION('',(-0.267846653243,-0.963461556237,0.));
#1633 = PLANE('',#1634);
#1634 = AXIS2_PLACEMENT_3D('',#1635,#1636,#1637);
#1635 = CARTESIAN_POINT('',(62.772301801254,-117.5342417328,23.3162));
#1636 = DIRECTION('',(0.963461556237,-0.267846653243,0.));
#1637 = DIRECTION('',(-0.267846653243,-0.963461556237,0.));
#1638 = ADVANCED_FACE('',(#1639),#1664,.T.);
#1639 = FACE_BOUND('',#1640,.T.);
#1640 = EDGE_LOOP('',(#1641,#1642,#1650,#1658));
#1641 = ORIENTED_EDGE('',*,*,#1620,.T.);
#1642 = ORIENTED_EDGE('',*,*,#1643,.T.);
#1643 = EDGE_CURVE('',#1613,#1644,#1646,.T.);
#1644 = VERTEX_POINT('',#1645);
#1645 = CARTESIAN_POINT('',(62.281754997733,-118.3543513612,24.5162));
#1646 = LINE('',#1647,#1648);
#1647 = CARTESIAN_POINT('',(62.594914407272,-118.1723155433,24.5162));
#1648 = VECTOR('',#1649,1.);
#1649 = DIRECTION('',(-0.864547497561,-0.502551116266,0.));
#1650 = ORIENTED_EDGE('',*,*,#1651,.F.);
#1651 = EDGE_CURVE('',#1652,#1644,#1654,.T.);
#1652 = VERTEX_POINT('',#1653);
#1653 = CARTESIAN_POINT('',(62.281754997733,-118.3543513612,23.3162));
#1654 = LINE('',#1655,#1656);
#1655 = CARTESIAN_POINT('',(62.281754997733,-118.3543513612,23.3162));
#1656 = VECTOR('',#1657,1.);
#1657 = DIRECTION('',(0.,0.,1.));
#1658 = ORIENTED_EDGE('',*,*,#1659,.F.);
#1659 = EDGE_CURVE('',#1621,#1652,#1660,.T.);
#1660 = LINE('',#1661,#1662);
#1661 = CARTESIAN_POINT('',(62.594914407272,-118.1723155433,23.3162));
#1662 = VECTOR('',#1663,1.);
#1663 = DIRECTION('',(-0.864547497561,-0.502551116266,0.));
#1664 = PLANE('',#1665);
#1665 = AXIS2_PLACEMENT_3D('',#1666,#1667,#1668);
#1666 = CARTESIAN_POINT('',(62.594914407272,-118.1723155433,23.3162));
#1667 = DIRECTION('',(0.502551116266,-0.864547497561,0.));
#1668 = DIRECTION('',(-0.864547497561,-0.502551116266,0.));
#1669 = ADVANCED_FACE('',(#1670),#1695,.T.);
#1670 = FACE_BOUND('',#1671,.T.);
#1671 = EDGE_LOOP('',(#1672,#1673,#1681,#1689));
#1672 = ORIENTED_EDGE('',*,*,#1651,.T.);
#1673 = ORIENTED_EDGE('',*,*,#1674,.T.);
#1674 = EDGE_CURVE('',#1644,#1675,#1677,.T.);
#1675 = VERTEX_POINT('',#1676);
#1676 = CARTESIAN_POINT('',(62.142294241623,-118.3421254245,24.5162));
#1677 = LINE('',#1678,#1679);
#1678 = CARTESIAN_POINT('',(62.281754997733,-118.3543513612,24.5162));
#1679 = VECTOR('',#1680,1.);
#1680 = DIRECTION('',(-0.996179363013,8.733084624772E-02,0.));
#1681 = ORIENTED_EDGE('',*,*,#1682,.F.);
#1682 = EDGE_CURVE('',#1683,#1675,#1685,.T.);
#1683 = VERTEX_POINT('',#1684);
#1684 = CARTESIAN_POINT('',(62.142294241623,-118.3421254245,23.3162));
#1685 = LINE('',#1686,#1687);
#1686 = CARTESIAN_POINT('',(62.142294241623,-118.3421254245,23.3162));
#1687 = VECTOR('',#1688,1.);
#1688 = DIRECTION('',(0.,0.,1.));
#1689 = ORIENTED_EDGE('',*,*,#1690,.F.);
#1690 = EDGE_CURVE('',#1652,#1683,#1691,.T.);
#1691 = LINE('',#1692,#1693);
#1692 = CARTESIAN_POINT('',(62.281754997733,-118.3543513612,23.3162));
#1693 = VECTOR('',#1694,1.);
#1694 = DIRECTION('',(-0.996179363013,8.733084624772E-02,0.));
#1695 = PLANE('',#1696);
#1696 = AXIS2_PLACEMENT_3D('',#1697,#1698,#1699);
#1697 = CARTESIAN_POINT('',(62.281754997733,-118.3543513612,23.3162));
#1698 = DIRECTION('',(-8.733084624772E-02,-0.996179363013,0.));
#1699 = DIRECTION('',(-0.996179363013,8.733084624772E-02,0.));
#1700 = ADVANCED_FACE('',(#1701),#1726,.T.);
#1701 = FACE_BOUND('',#1702,.T.);
#1702 = EDGE_LOOP('',(#1703,#1704,#1712,#1720));
#1703 = ORIENTED_EDGE('',*,*,#1682,.T.);
#1704 = ORIENTED_EDGE('',*,*,#1705,.T.);
#1705 = EDGE_CURVE('',#1675,#1706,#1708,.T.);
#1706 = VERTEX_POINT('',#1707);
#1707 = CARTESIAN_POINT('',(61.854291324484,-118.1678931888,24.5162));
#1708 = LINE('',#1709,#1710);
#1709 = CARTESIAN_POINT('',(62.142294241623,-118.3421254245,24.5162));
#1710 = VECTOR('',#1711,1.);
#1711 = DIRECTION('',(-0.855612341527,0.517617156813,0.));
#1712 = ORIENTED_EDGE('',*,*,#1713,.F.);
#1713 = EDGE_CURVE('',#1714,#1706,#1716,.T.);
#1714 = VERTEX_POINT('',#1715);
#1715 = CARTESIAN_POINT('',(61.854291324484,-118.1678931888,23.3162));
#1716 = LINE('',#1717,#1718);
#1717 = CARTESIAN_POINT('',(61.854291324484,-118.1678931888,23.3162));
#1718 = VECTOR('',#1719,1.);
#1719 = DIRECTION('',(0.,0.,1.));
#1720 = ORIENTED_EDGE('',*,*,#1721,.F.);
#1721 = EDGE_CURVE('',#1683,#1714,#1722,.T.);
#1722 = LINE('',#1723,#1724);
#1723 = CARTESIAN_POINT('',(62.142294241623,-118.3421254245,23.3162));
#1724 = VECTOR('',#1725,1.);
#1725 = DIRECTION('',(-0.855612341527,0.517617156813,0.));
#1726 = PLANE('',#1727);
#1727 = AXIS2_PLACEMENT_3D('',#1728,#1729,#1730);
#1728 = CARTESIAN_POINT('',(62.142294241623,-118.3421254245,23.3162));
#1729 = DIRECTION('',(-0.517617156813,-0.855612341527,0.));
#1730 = DIRECTION('',(-0.855612341527,0.517617156813,0.));
#1731 = ADVANCED_FACE('',(#1732),#1757,.T.);
#1732 = FACE_BOUND('',#1733,.T.);
#1733 = EDGE_LOOP('',(#1734,#1735,#1743,#1751));
#1734 = ORIENTED_EDGE('',*,*,#1713,.T.);
#1735 = ORIENTED_EDGE('',*,*,#1736,.T.);
#1736 = EDGE_CURVE('',#1706,#1737,#1739,.T.);
#1737 = VERTEX_POINT('',#1738);
#1738 = CARTESIAN_POINT('',(61.520010834363,-117.8742070729,24.5162));
#1739 = LINE('',#1740,#1741);
#1740 = CARTESIAN_POINT('',(61.854291324484,-118.1678931888,24.5162));
#1741 = VECTOR('',#1742,1.);
#1742 = DIRECTION('',(-0.751249056884,0.660018828921,0.));
#1743 = ORIENTED_EDGE('',*,*,#1744,.F.);
#1744 = EDGE_CURVE('',#1745,#1737,#1747,.T.);
#1745 = VERTEX_POINT('',#1746);
#1746 = CARTESIAN_POINT('',(61.520010834363,-117.8742070729,23.3162));
#1747 = LINE('',#1748,#1749);
#1748 = CARTESIAN_POINT('',(61.520010834363,-117.8742070729,23.3162));
#1749 = VECTOR('',#1750,1.);
#1750 = DIRECTION('',(0.,0.,1.));
#1751 = ORIENTED_EDGE('',*,*,#1752,.F.);
#1752 = EDGE_CURVE('',#1714,#1745,#1753,.T.);
#1753 = LINE('',#1754,#1755);
#1754 = CARTESIAN_POINT('',(61.854291324484,-118.1678931888,23.3162));
#1755 = VECTOR('',#1756,1.);
#1756 = DIRECTION('',(-0.751249056884,0.660018828921,0.));
#1757 = PLANE('',#1758);
#1758 = AXIS2_PLACEMENT_3D('',#1759,#1760,#1761);
#1759 = CARTESIAN_POINT('',(61.854291324484,-118.1678931888,23.3162));
#1760 = DIRECTION('',(-0.660018828921,-0.751249056884,0.));
#1761 = DIRECTION('',(-0.751249056884,0.660018828921,0.));
#1762 = ADVANCED_FACE('',(#1763),#1779,.T.);
#1763 = FACE_BOUND('',#1764,.T.);
#1764 = EDGE_LOOP('',(#1765,#1766,#1772,#1773));
#1765 = ORIENTED_EDGE('',*,*,#1744,.T.);
#1766 = ORIENTED_EDGE('',*,*,#1767,.T.);
#1767 = EDGE_CURVE('',#1737,#24,#1768,.T.);
#1768 = LINE('',#1769,#1770);
#1769 = CARTESIAN_POINT('',(61.520010834363,-117.8742070729,24.5162));
#1770 = VECTOR('',#1771,1.);
#1771 = DIRECTION('',(-0.998570071383,-5.345851230214E-02,0.));
#1772 = ORIENTED_EDGE('',*,*,#21,.F.);
#1773 = ORIENTED_EDGE('',*,*,#1774,.F.);
#1774 = EDGE_CURVE('',#1745,#22,#1775,.T.);
#1775 = LINE('',#1776,#1777);
#1776 = CARTESIAN_POINT('',(61.520010834363,-117.8742070729,23.3162));
#1777 = VECTOR('',#1778,1.);
#1778 = DIRECTION('',(-0.998570071383,-5.345851230214E-02,0.));
#1779 = PLANE('',#1780);
#1780 = AXIS2_PLACEMENT_3D('',#1781,#1782,#1783);
#1781 = CARTESIAN_POINT('',(61.520010834363,-117.8742070729,23.3162));
#1782 = DIRECTION('',(5.345851230214E-02,-0.998570071383,0.));
#1783 = DIRECTION('',(-0.998570071383,-5.345851230214E-02,0.));
#1784 = ADVANCED_FACE('',(#1785),#1819,.T.);
#1785 = FACE_BOUND('',#1786,.T.);
#1786 = EDGE_LOOP('',(#1787,#1797,#1805,#1813));
#1787 = ORIENTED_EDGE('',*,*,#1788,.T.);
#1788 = EDGE_CURVE('',#1789,#1791,#1793,.T.);
#1789 = VERTEX_POINT('',#1790);
#1790 = CARTESIAN_POINT('',(59.513200787837,-112.4410102493,23.3162));
#1791 = VERTEX_POINT('',#1792);
#1792 = CARTESIAN_POINT('',(59.513200787837,-112.4410102493,24.5162));
#1793 = LINE('',#1794,#1795);
#1794 = CARTESIAN_POINT('',(59.513200787837,-112.4410102493,23.3162));
#1795 = VECTOR('',#1796,1.);
#1796 = DIRECTION('',(0.,0.,1.));
#1797 = ORIENTED_EDGE('',*,*,#1798,.T.);
#1798 = EDGE_CURVE('',#1791,#1799,#1801,.T.);
#1799 = VERTEX_POINT('',#1800);
#1800 = CARTESIAN_POINT('',(58.942451366732,-113.8503547701,24.5162));
#1801 = LINE('',#1802,#1803);
#1802 = CARTESIAN_POINT('',(59.513200787837,-112.4410102493,24.5162));
#1803 = VECTOR('',#1804,1.);
#1804 = DIRECTION('',(-0.375362530831,-0.926878077445,0.));
#1805 = ORIENTED_EDGE('',*,*,#1806,.F.);
#1806 = EDGE_CURVE('',#1807,#1799,#1809,.T.);
#1807 = VERTEX_POINT('',#1808);
#1808 = CARTESIAN_POINT('',(58.942451366732,-113.8503547701,23.3162));
#1809 = LINE('',#1810,#1811);
#1810 = CARTESIAN_POINT('',(58.942451366732,-113.8503547701,23.3162));
#1811 = VECTOR('',#1812,1.);
#1812 = DIRECTION('',(0.,0.,1.));
#1813 = ORIENTED_EDGE('',*,*,#1814,.F.);
#1814 = EDGE_CURVE('',#1789,#1807,#1815,.T.);
#1815 = LINE('',#1816,#1817);
#1816 = CARTESIAN_POINT('',(59.513200787837,-112.4410102493,23.3162));
#1817 = VECTOR('',#1818,1.);
#1818 = DIRECTION('',(-0.375362530831,-0.926878077445,0.));
#1819 = PLANE('',#1820);
#1820 = AXIS2_PLACEMENT_3D('',#1821,#1822,#1823);
#1821 = CARTESIAN_POINT('',(59.513200787837,-112.4410102493,23.3162));
#1822 = DIRECTION('',(0.926878077445,-0.375362530831,0.));
#1823 = DIRECTION('',(-0.375362530831,-0.926878077445,0.));
#1824 = ADVANCED_FACE('',(#1825),#1850,.T.);
#1825 = FACE_BOUND('',#1826,.T.);
#1826 = EDGE_LOOP('',(#1827,#1828,#1836,#1844));
#1827 = ORIENTED_EDGE('',*,*,#1806,.T.);
#1828 = ORIENTED_EDGE('',*,*,#1829,.T.);
#1829 = EDGE_CURVE('',#1799,#1830,#1832,.T.);
#1830 = VERTEX_POINT('',#1831);
#1831 = CARTESIAN_POINT('',(58.928125036125,-114.4414045043,24.5162));
#1832 = LINE('',#1833,#1834);
#1833 = CARTESIAN_POINT('',(58.942451366732,-113.8503547701,24.5162));
#1834 = VECTOR('',#1835,1.);
#1835 = DIRECTION('',(-2.423167313726E-02,-0.999706369899,0.));
#1836 = ORIENTED_EDGE('',*,*,#1837,.F.);
#1837 = EDGE_CURVE('',#1838,#1830,#1840,.T.);
#1838 = VERTEX_POINT('',#1839);
#1839 = CARTESIAN_POINT('',(58.928125036125,-114.4414045043,23.3162));
#1840 = LINE('',#1841,#1842);
#1841 = CARTESIAN_POINT('',(58.928125036125,-114.4414045043,23.3162));
#1842 = VECTOR('',#1843,1.);
#1843 = DIRECTION('',(0.,0.,1.));
#1844 = ORIENTED_EDGE('',*,*,#1845,.F.);
#1845 = EDGE_CURVE('',#1807,#1838,#1846,.T.);
#1846 = LINE('',#1847,#1848);
#1847 = CARTESIAN_POINT('',(58.942451366732,-113.8503547701,23.3162));
#1848 = VECTOR('',#1849,1.);
#1849 = DIRECTION('',(-2.423167313726E-02,-0.999706369899,0.));
#1850 = PLANE('',#1851);
#1851 = AXIS2_PLACEMENT_3D('',#1852,#1853,#1854);
#1852 = CARTESIAN_POINT('',(58.942451366732,-113.8503547701,23.3162));
#1853 = DIRECTION('',(0.999706369899,-2.423167313726E-02,0.));
#1854 = DIRECTION('',(-2.423167313726E-02,-0.999706369899,0.));
#1855 = ADVANCED_FACE('',(#1856),#1881,.T.);
#1856 = FACE_BOUND('',#1857,.T.);
#1857 = EDGE_LOOP('',(#1858,#1859,#1867,#1875));
#1858 = ORIENTED_EDGE('',*,*,#1837,.T.);
#1859 = ORIENTED_EDGE('',*,*,#1860,.T.);
#1860 = EDGE_CURVE('',#1830,#1861,#1863,.T.);
#1861 = VERTEX_POINT('',#1862);
#1862 = CARTESIAN_POINT('',(59.141493223343,-115.1147708461,24.5162));
#1863 = LINE('',#1864,#1865);
#1864 = CARTESIAN_POINT('',(58.928125036125,-114.4414045043,24.5162));
#1865 = VECTOR('',#1866,1.);
#1866 = DIRECTION('',(0.302066060385,-0.953286995172,0.));
#1867 = ORIENTED_EDGE('',*,*,#1868,.F.);
#1868 = EDGE_CURVE('',#1869,#1861,#1871,.T.);
#1869 = VERTEX_POINT('',#1870);
#1870 = CARTESIAN_POINT('',(59.141493223343,-115.1147708461,23.3162));
#1871 = LINE('',#1872,#1873);
#1872 = CARTESIAN_POINT('',(59.141493223343,-115.1147708461,23.3162));
#1873 = VECTOR('',#1874,1.);
#1874 = DIRECTION('',(0.,0.,1.));
#1875 = ORIENTED_EDGE('',*,*,#1876,.F.);
#1876 = EDGE_CURVE('',#1838,#1869,#1877,.T.);
#1877 = LINE('',#1878,#1879);
#1878 = CARTESIAN_POINT('',(58.928125036125,-114.4414045043,23.3162));
#1879 = VECTOR('',#1880,1.);
#1880 = DIRECTION('',(0.302066060385,-0.953286995172,0.));
#1881 = PLANE('',#1882);
#1882 = AXIS2_PLACEMENT_3D('',#1883,#1884,#1885);
#1883 = CARTESIAN_POINT('',(58.928125036125,-114.4414045043,23.3162));
#1884 = DIRECTION('',(0.953286995172,0.302066060385,-0.));
#1885 = DIRECTION('',(0.302066060385,-0.953286995172,0.));
#1886 = ADVANCED_FACE('',(#1887),#1912,.T.);
#1887 = FACE_BOUND('',#1888,.T.);
#1888 = EDGE_LOOP('',(#1889,#1890,#1898,#1906));
#1889 = ORIENTED_EDGE('',*,*,#1868,.T.);
#1890 = ORIENTED_EDGE('',*,*,#1891,.T.);
#1891 = EDGE_CURVE('',#1861,#1892,#1894,.T.);
#1892 = VERTEX_POINT('',#1893);
#1893 = CARTESIAN_POINT('',(59.554637611208,-115.7161283669,24.5162));
#1894 = LINE('',#1895,#1896);
#1895 = CARTESIAN_POINT('',(59.141493223343,-115.1147708461,24.5162));
#1896 = VECTOR('',#1897,1.);
#1897 = DIRECTION('',(0.566259904558,-0.824226740946,0.));
#1898 = ORIENTED_EDGE('',*,*,#1899,.F.);
#1899 = EDGE_CURVE('',#1900,#1892,#1902,.T.);
#1900 = VERTEX_POINT('',#1901);
#1901 = CARTESIAN_POINT('',(59.554637611208,-115.7161283669,23.3162));
#1902 = LINE('',#1903,#1904);
#1903 = CARTESIAN_POINT('',(59.554637611208,-115.7161283669,23.3162));
#1904 = VECTOR('',#1905,1.);
#1905 = DIRECTION('',(0.,0.,1.));
#1906 = ORIENTED_EDGE('',*,*,#1907,.F.);
#1907 = EDGE_CURVE('',#1869,#1900,#1908,.T.);
#1908 = LINE('',#1909,#1910);
#1909 = CARTESIAN_POINT('',(59.141493223343,-115.1147708461,23.3162));
#1910 = VECTOR('',#1911,1.);
#1911 = DIRECTION('',(0.566259904558,-0.824226740946,0.));
#1912 = PLANE('',#1913);
#1913 = AXIS2_PLACEMENT_3D('',#1914,#1915,#1916);
#1914 = CARTESIAN_POINT('',(59.141493223343,-115.1147708461,23.3162));
#1915 = DIRECTION('',(0.824226740946,0.566259904558,-0.));
#1916 = DIRECTION('',(0.566259904558,-0.824226740946,0.));
#1917 = ADVANCED_FACE('',(#1918),#1943,.T.);
#1918 = FACE_BOUND('',#1919,.T.);
#1919 = EDGE_LOOP('',(#1920,#1921,#1929,#1937));
#1920 = ORIENTED_EDGE('',*,*,#1899,.T.);
#1921 = ORIENTED_EDGE('',*,*,#1922,.T.);
#1922 = EDGE_CURVE('',#1892,#1923,#1925,.T.);
#1923 = VERTEX_POINT('',#1924);
#1924 = CARTESIAN_POINT('',(60.122973236946,-116.1345338893,24.5162));
#1925 = LINE('',#1926,#1927);
#1926 = CARTESIAN_POINT('',(59.554637611208,-115.7161283669,24.5162));
#1927 = VECTOR('',#1928,1.);
#1928 = DIRECTION('',(0.805304849116,-0.592860944902,0.));
#1929 = ORIENTED_EDGE('',*,*,#1930,.F.);
#1930 = EDGE_CURVE('',#1931,#1923,#1933,.T.);
#1931 = VERTEX_POINT('',#1932);
#1932 = CARTESIAN_POINT('',(60.122973236946,-116.1345338893,23.3162));
#1933 = LINE('',#1934,#1935);
#1934 = CARTESIAN_POINT('',(60.122973236946,-116.1345338893,23.3162));
#1935 = VECTOR('',#1936,1.);
#1936 = DIRECTION('',(0.,0.,1.));
#1937 = ORIENTED_EDGE('',*,*,#1938,.F.);
#1938 = EDGE_CURVE('',#1900,#1931,#1939,.T.);
#1939 = LINE('',#1940,#1941);
#1940 = CARTESIAN_POINT('',(59.554637611208,-115.7161283669,23.3162));
#1941 = VECTOR('',#1942,1.);
#1942 = DIRECTION('',(0.805304849116,-0.592860944902,0.));
#1943 = PLANE('',#1944);
#1944 = AXIS2_PLACEMENT_3D('',#1945,#1946,#1947);
#1945 = CARTESIAN_POINT('',(59.554637611208,-115.7161283669,23.3162));
#1946 = DIRECTION('',(0.592860944902,0.805304849116,-0.));
#1947 = DIRECTION('',(0.805304849116,-0.592860944902,0.));
#1948 = ADVANCED_FACE('',(#1949),#1974,.T.);
#1949 = FACE_BOUND('',#1950,.T.);
#1950 = EDGE_LOOP('',(#1951,#1952,#1960,#1968));
#1951 = ORIENTED_EDGE('',*,*,#1930,.T.);
#1952 = ORIENTED_EDGE('',*,*,#1953,.T.);
#1953 = EDGE_CURVE('',#1923,#1954,#1956,.T.);
#1954 = VERTEX_POINT('',#1955);
#1955 = CARTESIAN_POINT('',(60.798220566307,-116.3630068847,24.5162));
#1956 = LINE('',#1957,#1958);
#1957 = CARTESIAN_POINT('',(60.122973236946,-116.1345338893,24.5162));
#1958 = VECTOR('',#1959,1.);
#1959 = DIRECTION('',(0.947246745484,-0.320505231112,0.));
#1960 = ORIENTED_EDGE('',*,*,#1961,.F.);
#1961 = EDGE_CURVE('',#1962,#1954,#1964,.T.);
#1962 = VERTEX_POINT('',#1963);
#1963 = CARTESIAN_POINT('',(60.798220566307,-116.3630068847,23.3162));
#1964 = LINE('',#1965,#1966);
#1965 = CARTESIAN_POINT('',(60.798220566307,-116.3630068847,23.3162));
#1966 = VECTOR('',#1967,1.);
#1967 = DIRECTION('',(0.,0.,1.));
#1968 = ORIENTED_EDGE('',*,*,#1969,.F.);
#1969 = EDGE_CURVE('',#1931,#1962,#1970,.T.);
#1970 = LINE('',#1971,#1972);
#1971 = CARTESIAN_POINT('',(60.122973236946,-116.1345338893,23.3162));
#1972 = VECTOR('',#1973,1.);
#1973 = DIRECTION('',(0.947246745484,-0.320505231112,0.));
#1974 = PLANE('',#1975);
#1975 = AXIS2_PLACEMENT_3D('',#1976,#1977,#1978);
#1976 = CARTESIAN_POINT('',(60.122973236946,-116.1345338893,23.3162));
#1977 = DIRECTION('',(0.320505231112,0.947246745484,-0.));
#1978 = DIRECTION('',(0.947246745484,-0.320505231112,0.));
#1979 = ADVANCED_FACE('',(#1980),#2005,.T.);
#1980 = FACE_BOUND('',#1981,.T.);
#1981 = EDGE_LOOP('',(#1982,#1983,#1991,#1999));
#1982 = ORIENTED_EDGE('',*,*,#1961,.T.);
#1983 = ORIENTED_EDGE('',*,*,#1984,.T.);
#1984 = EDGE_CURVE('',#1954,#1985,#1987,.T.);
#1985 = VERTEX_POINT('',#1986);
#1986 = CARTESIAN_POINT('',(61.517185017582,-116.3797391614,24.5162));
#1987 = LINE('',#1988,#1989);
#1988 = CARTESIAN_POINT('',(60.798220566307,-116.3630068847,24.5162));
#1989 = VECTOR('',#1990,1.);
#1990 = DIRECTION('',(0.999729299618,-2.326644546498E-02,0.));
#1991 = ORIENTED_EDGE('',*,*,#1992,.F.);
#1992 = EDGE_CURVE('',#1993,#1985,#1995,.T.);
#1993 = VERTEX_POINT('',#1994);
#1994 = CARTESIAN_POINT('',(61.517185017582,-116.3797391614,23.3162));
#1995 = LINE('',#1996,#1997);
#1996 = CARTESIAN_POINT('',(61.517185017582,-116.3797391614,23.3162));
#1997 = VECTOR('',#1998,1.);
#1998 = DIRECTION('',(0.,0.,1.));
#1999 = ORIENTED_EDGE('',*,*,#2000,.F.);
#2000 = EDGE_CURVE('',#1962,#1993,#2001,.T.);
#2001 = LINE('',#2002,#2003);
#2002 = CARTESIAN_POINT('',(60.798220566307,-116.3630068847,23.3162));
#2003 = VECTOR('',#2004,1.);
#2004 = DIRECTION('',(0.999729299618,-2.326644546498E-02,0.));
#2005 = PLANE('',#2006);
#2006 = AXIS2_PLACEMENT_3D('',#2007,#2008,#2009);
#2007 = CARTESIAN_POINT('',(60.798220566307,-116.3630068847,23.3162));
#2008 = DIRECTION('',(2.326644546498E-02,0.999729299618,-0.));
#2009 = DIRECTION('',(0.999729299618,-2.326644546498E-02,0.));
#2010 = ADVANCED_FACE('',(#2011),#2036,.T.);
#2011 = FACE_BOUND('',#2012,.T.);
#2012 = EDGE_LOOP('',(#2013,#2014,#2022,#2030));
#2013 = ORIENTED_EDGE('',*,*,#1992,.T.);
#2014 = ORIENTED_EDGE('',*,*,#2015,.T.);
#2015 = EDGE_CURVE('',#1985,#2016,#2018,.T.);
#2016 = VERTEX_POINT('',#2017);
#2017 = CARTESIAN_POINT('',(62.234311866682,-116.1610164045,24.5162));
#2018 = LINE('',#2019,#2020);
#2019 = CARTESIAN_POINT('',(61.517185017582,-116.3797391614,24.5162));
#2020 = VECTOR('',#2021,1.);
#2021 = DIRECTION('',(0.956500298339,0.291731347779,0.));
#2022 = ORIENTED_EDGE('',*,*,#2023,.F.);
#2023 = EDGE_CURVE('',#2024,#2016,#2026,.T.);
#2024 = VERTEX_POINT('',#2025);
#2025 = CARTESIAN_POINT('',(62.234311866682,-116.1610164045,23.3162));
#2026 = LINE('',#2027,#2028);
#2027 = CARTESIAN_POINT('',(62.234311866682,-116.1610164045,23.3162));
#2028 = VECTOR('',#2029,1.);
#2029 = DIRECTION('',(0.,0.,1.));
#2030 = ORIENTED_EDGE('',*,*,#2031,.F.);
#2031 = EDGE_CURVE('',#1993,#2024,#2032,.T.);
#2032 = LINE('',#2033,#2034);
#2033 = CARTESIAN_POINT('',(61.517185017582,-116.3797391614,23.3162));
#2034 = VECTOR('',#2035,1.);
#2035 = DIRECTION('',(0.956500298339,0.291731347779,0.));
#2036 = PLANE('',#2037);
#2037 = AXIS2_PLACEMENT_3D('',#2038,#2039,#2040);
#2038 = CARTESIAN_POINT('',(61.517185017582,-116.3797391614,23.3162));
#2039 = DIRECTION('',(-0.291731347779,0.956500298339,0.));
#2040 = DIRECTION('',(0.956500298339,0.291731347779,0.));
#2041 = ADVANCED_FACE('',(#2042),#2067,.T.);
#2042 = FACE_BOUND('',#2043,.T.);
#2043 = EDGE_LOOP('',(#2044,#2045,#2053,#2061));
#2044 = ORIENTED_EDGE('',*,*,#2023,.T.);
#2045 = ORIENTED_EDGE('',*,*,#2046,.T.);
#2046 = EDGE_CURVE('',#2016,#2047,#2049,.T.);
#2047 = VERTEX_POINT('',#2048);
#2048 = CARTESIAN_POINT('',(62.970083047826,-115.8269740533,24.5162));
#2049 = LINE('',#2050,#2051);
#2050 = CARTESIAN_POINT('',(62.234311866682,-116.1610164045,24.5162));
#2051 = VECTOR('',#2052,1.);
#2052 = DIRECTION('',(0.910552443336,0.413393575102,0.));
#2053 = ORIENTED_EDGE('',*,*,#2054,.F.);
#2054 = EDGE_CURVE('',#2055,#2047,#2057,.T.);
#2055 = VERTEX_POINT('',#2056);
#2056 = CARTESIAN_POINT('',(62.970083047826,-115.8269740533,23.3162));
#2057 = LINE('',#2058,#2059);
#2058 = CARTESIAN_POINT('',(62.970083047826,-115.8269740533,23.3162));
#2059 = VECTOR('',#2060,1.);
#2060 = DIRECTION('',(0.,0.,1.));
#2061 = ORIENTED_EDGE('',*,*,#2062,.F.);
#2062 = EDGE_CURVE('',#2024,#2055,#2063,.T.);
#2063 = LINE('',#2064,#2065);
#2064 = CARTESIAN_POINT('',(62.234311866682,-116.1610164045,23.3162));
#2065 = VECTOR('',#2066,1.);
#2066 = DIRECTION('',(0.910552443336,0.413393575102,0.));
#2067 = PLANE('',#2068);
#2068 = AXIS2_PLACEMENT_3D('',#2069,#2070,#2071);
#2069 = CARTESIAN_POINT('',(62.234311866682,-116.1610164045,23.3162));
#2070 = DIRECTION('',(-0.413393575102,0.910552443336,0.));
#2071 = DIRECTION('',(0.910552443336,0.413393575102,0.));
#2072 = ADVANCED_FACE('',(#2073),#2098,.T.);
#2073 = FACE_BOUND('',#2074,.T.);
#2074 = EDGE_LOOP('',(#2075,#2076,#2084,#2092));
#2075 = ORIENTED_EDGE('',*,*,#2054,.T.);
#2076 = ORIENTED_EDGE('',*,*,#2077,.T.);
#2077 = EDGE_CURVE('',#2047,#2078,#2080,.T.);
#2078 = VERTEX_POINT('',#2079);
#2079 = CARTESIAN_POINT('',(63.44463515392,-114.5033505909,24.5162));
#2080 = LINE('',#2081,#2082);
#2081 = CARTESIAN_POINT('',(62.970083047826,-115.8269740533,24.5162));
#2082 = VECTOR('',#2083,1.);
#2083 = DIRECTION('',(0.337490020758,0.941329106046,0.));
#2084 = ORIENTED_EDGE('',*,*,#2085,.F.);
#2085 = EDGE_CURVE('',#2086,#2078,#2088,.T.);
#2086 = VERTEX_POINT('',#2087);
#2087 = CARTESIAN_POINT('',(63.44463515392,-114.5033505909,23.3162));
#2088 = LINE('',#2089,#2090);
#2089 = CARTESIAN_POINT('',(63.44463515392,-114.5033505909,23.3162));
#2090 = VECTOR('',#2091,1.);
#2091 = DIRECTION('',(0.,0.,1.));
#2092 = ORIENTED_EDGE('',*,*,#2093,.F.);
#2093 = EDGE_CURVE('',#2055,#2086,#2094,.T.);
#2094 = LINE('',#2095,#2096);
#2095 = CARTESIAN_POINT('',(62.970083047826,-115.8269740533,23.3162));
#2096 = VECTOR('',#2097,1.);
#2097 = DIRECTION('',(0.337490020758,0.941329106046,0.));
#2098 = PLANE('',#2099);
#2099 = AXIS2_PLACEMENT_3D('',#2100,#2101,#2102);
#2100 = CARTESIAN_POINT('',(62.970083047826,-115.8269740533,23.3162));
#2101 = DIRECTION('',(-0.941329106046,0.337490020758,0.));
#2102 = DIRECTION('',(0.337490020758,0.941329106046,0.));
#2103 = ADVANCED_FACE('',(#2104),#2129,.T.);
#2104 = FACE_BOUND('',#2105,.T.);
#2105 = EDGE_LOOP('',(#2106,#2107,#2115,#2123));
#2106 = ORIENTED_EDGE('',*,*,#2085,.T.);
#2107 = ORIENTED_EDGE('',*,*,#2108,.T.);
#2108 = EDGE_CURVE('',#2078,#2109,#2111,.T.);
#2109 = VERTEX_POINT('',#2110);
#2110 = CARTESIAN_POINT('',(63.428952178802,-113.8362385943,24.5162));
#2111 = LINE('',#2112,#2113);
#2112 = CARTESIAN_POINT('',(63.44463515392,-114.5033505909,24.5162));
#2113 = VECTOR('',#2114,1.);
#2114 = DIRECTION('',(-2.350226543821E-02,0.999723783612,0.));
#2115 = ORIENTED_EDGE('',*,*,#2116,.F.);
#2116 = EDGE_CURVE('',#2117,#2109,#2119,.T.);
#2117 = VERTEX_POINT('',#2118);
#2118 = CARTESIAN_POINT('',(63.428952178802,-113.8362385943,23.3162));
#2119 = LINE('',#2120,#2121);
#2120 = CARTESIAN_POINT('',(63.428952178802,-113.8362385943,23.3162));
#2121 = VECTOR('',#2122,1.);
#2122 = DIRECTION('',(0.,0.,1.));
#2123 = ORIENTED_EDGE('',*,*,#2124,.F.);
#2124 = EDGE_CURVE('',#2086,#2117,#2125,.T.);
#2125 = LINE('',#2126,#2127);
#2126 = CARTESIAN_POINT('',(63.44463515392,-114.5033505909,23.3162));
#2127 = VECTOR('',#2128,1.);
#2128 = DIRECTION('',(-2.350226543821E-02,0.999723783612,0.));
#2129 = PLANE('',#2130);
#2130 = AXIS2_PLACEMENT_3D('',#2131,#2132,#2133);
#2131 = CARTESIAN_POINT('',(63.44463515392,-114.5033505909,23.3162));
#2132 = DIRECTION('',(-0.999723783612,-2.350226543821E-02,0.));
#2133 = DIRECTION('',(-2.350226543821E-02,0.999723783612,0.));
#2134 = ADVANCED_FACE('',(#2135),#2160,.T.);
#2135 = FACE_BOUND('',#2136,.T.);
#2136 = EDGE_LOOP('',(#2137,#2138,#2146,#2154));
#2137 = ORIENTED_EDGE('',*,*,#2116,.T.);
#2138 = ORIENTED_EDGE('',*,*,#2139,.T.);
#2139 = EDGE_CURVE('',#2109,#2140,#2142,.T.);
#2140 = VERTEX_POINT('',#2141);
#2141 = CARTESIAN_POINT('',(63.172640062113,-113.157836807,24.5162));
#2142 = LINE('',#2143,#2144);
#2143 = CARTESIAN_POINT('',(63.428952178802,-113.8362385943,24.5162));
#2144 = VECTOR('',#2145,1.);
#2145 = DIRECTION('',(-0.353433145909,0.93545978608,0.));
#2146 = ORIENTED_EDGE('',*,*,#2147,.F.);
#2147 = EDGE_CURVE('',#2148,#2140,#2150,.T.);
#2148 = VERTEX_POINT('',#2149);
#2149 = CARTESIAN_POINT('',(63.172640062113,-113.157836807,23.3162));
#2150 = LINE('',#2151,#2152);
#2151 = CARTESIAN_POINT('',(63.172640062113,-113.157836807,23.3162));
#2152 = VECTOR('',#2153,1.);
#2153 = DIRECTION('',(0.,0.,1.));
#2154 = ORIENTED_EDGE('',*,*,#2155,.F.);
#2155 = EDGE_CURVE('',#2117,#2148,#2156,.T.);
#2156 = LINE('',#2157,#2158);
#2157 = CARTESIAN_POINT('',(63.428952178802,-113.8362385943,23.3162));
#2158 = VECTOR('',#2159,1.);
#2159 = DIRECTION('',(-0.353433145909,0.93545978608,0.));
#2160 = PLANE('',#2161);
#2161 = AXIS2_PLACEMENT_3D('',#2162,#2163,#2164);
#2162 = CARTESIAN_POINT('',(63.428952178802,-113.8362385943,23.3162));
#2163 = DIRECTION('',(-0.93545978608,-0.353433145909,0.));
#2164 = DIRECTION('',(-0.353433145909,0.93545978608,0.));
#2165 = ADVANCED_FACE('',(#2166),#2191,.T.);
#2166 = FACE_BOUND('',#2167,.T.);
#2167 = EDGE_LOOP('',(#2168,#2169,#2177,#2185));
#2168 = ORIENTED_EDGE('',*,*,#2147,.T.);
#2169 = ORIENTED_EDGE('',*,*,#2170,.T.);
#2170 = EDGE_CURVE('',#2140,#2171,#2173,.T.);
#2171 = VERTEX_POINT('',#2172);
#2172 = CARTESIAN_POINT('',(62.716260327363,-112.5627136633,24.5162));
#2173 = LINE('',#2174,#2175);
#2174 = CARTESIAN_POINT('',(63.172640062113,-113.157836807,24.5162));
#2175 = VECTOR('',#2176,1.);
#2176 = DIRECTION('',(-0.60853118565,0.793529959164,0.));
#2177 = ORIENTED_EDGE('',*,*,#2178,.F.);
#2178 = EDGE_CURVE('',#2179,#2171,#2181,.T.);
#2179 = VERTEX_POINT('',#2180);
#2180 = CARTESIAN_POINT('',(62.716260327363,-112.5627136633,23.3162));
#2181 = LINE('',#2182,#2183);
#2182 = CARTESIAN_POINT('',(62.716260327363,-112.5627136633,23.3162));
#2183 = VECTOR('',#2184,1.);
#2184 = DIRECTION('',(0.,0.,1.));
#2185 = ORIENTED_EDGE('',*,*,#2186,.F.);
#2186 = EDGE_CURVE('',#2148,#2179,#2187,.T.);
#2187 = LINE('',#2188,#2189);
#2188 = CARTESIAN_POINT('',(63.172640062113,-113.157836807,23.3162));
#2189 = VECTOR('',#2190,1.);
#2190 = DIRECTION('',(-0.60853118565,0.793529959164,0.));
#2191 = PLANE('',#2192);
#2192 = AXIS2_PLACEMENT_3D('',#2193,#2194,#2195);
#2193 = CARTESIAN_POINT('',(63.172640062113,-113.157836807,23.3162));
#2194 = DIRECTION('',(-0.793529959164,-0.60853118565,0.));
#2195 = DIRECTION('',(-0.60853118565,0.793529959164,0.));
#2196 = ADVANCED_FACE('',(#2197),#2222,.T.);
#2197 = FACE_BOUND('',#2198,.T.);
#2198 = EDGE_LOOP('',(#2199,#2200,#2208,#2216));
#2199 = ORIENTED_EDGE('',*,*,#2178,.T.);
#2200 = ORIENTED_EDGE('',*,*,#2201,.T.);
#2201 = EDGE_CURVE('',#2171,#2202,#2204,.T.);
#2202 = VERTEX_POINT('',#2203);
#2203 = CARTESIAN_POINT('',(62.115914957956,-112.1657466681,24.5162));
#2204 = LINE('',#2205,#2206);
#2205 = CARTESIAN_POINT('',(62.716260327363,-112.5627136633,24.5162));
#2206 = VECTOR('',#2207,1.);
#2207 = DIRECTION('',(-0.834137013802,0.551557288235,0.));
#2208 = ORIENTED_EDGE('',*,*,#2209,.F.);
#2209 = EDGE_CURVE('',#2210,#2202,#2212,.T.);
#2210 = VERTEX_POINT('',#2211);
#2211 = CARTESIAN_POINT('',(62.115914957956,-112.1657466681,23.3162));
#2212 = LINE('',#2213,#2214);
#2213 = CARTESIAN_POINT('',(62.115914957956,-112.1657466681,23.3162));
#2214 = VECTOR('',#2215,1.);
#2215 = DIRECTION('',(0.,0.,1.));
#2216 = ORIENTED_EDGE('',*,*,#2217,.F.);
#2217 = EDGE_CURVE('',#2179,#2210,#2218,.T.);
#2218 = LINE('',#2219,#2220);
#2219 = CARTESIAN_POINT('',(62.716260327363,-112.5627136633,23.3162));
#2220 = VECTOR('',#2221,1.);
#2221 = DIRECTION('',(-0.834137013802,0.551557288235,0.));
#2222 = PLANE('',#2223);
#2223 = AXIS2_PLACEMENT_3D('',#2224,#2225,#2226);
#2224 = CARTESIAN_POINT('',(62.716260327363,-112.5627136633,23.3162));
#2225 = DIRECTION('',(-0.551557288235,-0.834137013802,0.));
#2226 = DIRECTION('',(-0.834137013802,0.551557288235,0.));
#2227 = ADVANCED_FACE('',(#2228),#2253,.T.);
#2228 = FACE_BOUND('',#2229,.T.);
#2229 = EDGE_LOOP('',(#2230,#2231,#2239,#2247));
#2230 = ORIENTED_EDGE('',*,*,#2209,.T.);
#2231 = ORIENTED_EDGE('',*,*,#2232,.T.);
#2232 = EDGE_CURVE('',#2202,#2233,#2235,.T.);
#2233 = VERTEX_POINT('',#2234);
#2234 = CARTESIAN_POINT('',(61.424736867754,-111.9804723823,24.5162));
#2235 = LINE('',#2236,#2237);
#2236 = CARTESIAN_POINT('',(62.115914957956,-112.1657466681,24.5162));
#2237 = VECTOR('',#2238,1.);
#2238 = DIRECTION('',(-0.965900081998,0.258915104996,0.));
#2239 = ORIENTED_EDGE('',*,*,#2240,.F.);
#2240 = EDGE_CURVE('',#2241,#2233,#2243,.T.);
#2241 = VERTEX_POINT('',#2242);
#2242 = CARTESIAN_POINT('',(61.424736867754,-111.9804723823,23.3162));
#2243 = LINE('',#2244,#2245);
#2244 = CARTESIAN_POINT('',(61.424736867754,-111.9804723823,23.3162));
#2245 = VECTOR('',#2246,1.);
#2246 = DIRECTION('',(0.,0.,1.));
#2247 = ORIENTED_EDGE('',*,*,#2248,.F.);
#2248 = EDGE_CURVE('',#2210,#2241,#2249,.T.);
#2249 = LINE('',#2250,#2251);
#2250 = CARTESIAN_POINT('',(62.115914957956,-112.1657466681,23.3162));
#2251 = VECTOR('',#2252,1.);
#2252 = DIRECTION('',(-0.965900081998,0.258915104996,0.));
#2253 = PLANE('',#2254);
#2254 = AXIS2_PLACEMENT_3D('',#2255,#2256,#2257);
#2255 = CARTESIAN_POINT('',(62.115914957956,-112.1657466681,23.3162));
#2256 = DIRECTION('',(-0.258915104996,-0.965900081998,0.));
#2257 = DIRECTION('',(-0.965900081998,0.258915104996,0.));
#2258 = ADVANCED_FACE('',(#2259),#2284,.T.);
#2259 = FACE_BOUND('',#2260,.T.);
#2260 = EDGE_LOOP('',(#2261,#2262,#2270,#2278));
#2261 = ORIENTED_EDGE('',*,*,#2240,.T.);
#2262 = ORIENTED_EDGE('',*,*,#2263,.T.);
#2263 = EDGE_CURVE('',#2233,#2264,#2266,.T.);
#2264 = VERTEX_POINT('',#2265);
#2265 = CARTESIAN_POINT('',(60.695497882493,-112.0253388932,24.5162));
#2266 = LINE('',#2267,#2268);
#2267 = CARTESIAN_POINT('',(61.424736867754,-111.9804723823,24.5162));
#2268 = VECTOR('',#2269,1.);
#2269 = DIRECTION('',(-0.998112686646,-6.140899572748E-02,0.));
#2270 = ORIENTED_EDGE('',*,*,#2271,.F.);
#2271 = EDGE_CURVE('',#2272,#2264,#2274,.T.);
#2272 = VERTEX_POINT('',#2273);
#2273 = CARTESIAN_POINT('',(60.695497882493,-112.0253388932,23.3162));
#2274 = LINE('',#2275,#2276);
#2275 = CARTESIAN_POINT('',(60.695497882493,-112.0253388932,23.3162));
#2276 = VECTOR('',#2277,1.);
#2277 = DIRECTION('',(0.,0.,1.));
#2278 = ORIENTED_EDGE('',*,*,#2279,.F.);
#2279 = EDGE_CURVE('',#2241,#2272,#2280,.T.);
#2280 = LINE('',#2281,#2282);
#2281 = CARTESIAN_POINT('',(61.424736867754,-111.9804723823,23.3162));
#2282 = VECTOR('',#2283,1.);
#2283 = DIRECTION('',(-0.998112686646,-6.140899572748E-02,0.));
#2284 = PLANE('',#2285);
#2285 = AXIS2_PLACEMENT_3D('',#2286,#2287,#2288);
#2286 = CARTESIAN_POINT('',(61.424736867754,-111.9804723823,23.3162));
#2287 = DIRECTION('',(6.140899572748E-02,-0.998112686646,0.));
#2288 = DIRECTION('',(-0.998112686646,-6.140899572748E-02,0.));
#2289 = ADVANCED_FACE('',(#2290),#2315,.T.);
#2290 = FACE_BOUND('',#2291,.T.);
#2291 = EDGE_LOOP('',(#2292,#2293,#2301,#2309));
#2292 = ORIENTED_EDGE('',*,*,#2271,.T.);
#2293 = ORIENTED_EDGE('',*,*,#2294,.T.);
#2294 = EDGE_CURVE('',#2264,#2295,#2297,.T.);
#2295 = VERTEX_POINT('',#2296);
#2296 = CARTESIAN_POINT('',(59.785280083091,-112.3952294788,24.5162));
#2297 = LINE('',#2298,#2299);
#2298 = CARTESIAN_POINT('',(60.695497882493,-112.0253388932,24.5162));
#2299 = VECTOR('',#2300,1.);
#2300 = DIRECTION('',(-0.926425897397,-0.376477166149,0.));
#2301 = ORIENTED_EDGE('',*,*,#2302,.F.);
#2302 = EDGE_CURVE('',#2303,#2295,#2305,.T.);
#2303 = VERTEX_POINT('',#2304);
#2304 = CARTESIAN_POINT('',(59.785280083091,-112.3952294788,23.3162));
#2305 = LINE('',#2306,#2307);
#2306 = CARTESIAN_POINT('',(59.785280083091,-112.3952294788,23.3162));
#2307 = VECTOR('',#2308,1.);
#2308 = DIRECTION('',(0.,0.,1.));
#2309 = ORIENTED_EDGE('',*,*,#2310,.F.);
#2310 = EDGE_CURVE('',#2272,#2303,#2311,.T.);
#2311 = LINE('',#2312,#2313);
#2312 = CARTESIAN_POINT('',(60.695497882493,-112.0253388932,23.3162));
#2313 = VECTOR('',#2314,1.);
#2314 = DIRECTION('',(-0.926425897397,-0.376477166149,0.));
#2315 = PLANE('',#2316);
#2316 = AXIS2_PLACEMENT_3D('',#2317,#2318,#2319);
#2317 = CARTESIAN_POINT('',(60.695497882493,-112.0253388932,23.3162));
#2318 = DIRECTION('',(0.376477166149,-0.926425897397,0.));
#2319 = DIRECTION('',(-0.926425897397,-0.376477166149,0.));
#2320 = ADVANCED_FACE('',(#2321),#2337,.T.);
#2321 = FACE_BOUND('',#2322,.T.);
#2322 = EDGE_LOOP('',(#2323,#2324,#2330,#2331));
#2323 = ORIENTED_EDGE('',*,*,#2302,.T.);
#2324 = ORIENTED_EDGE('',*,*,#2325,.T.);
#2325 = EDGE_CURVE('',#2295,#1791,#2326,.T.);
#2326 = LINE('',#2327,#2328);
#2327 = CARTESIAN_POINT('',(59.785280083091,-112.3952294788,24.5162));
#2328 = VECTOR('',#2329,1.);
#2329 = DIRECTION('',(-0.986137522334,-0.165930066733,0.));
#2330 = ORIENTED_EDGE('',*,*,#1788,.F.);
#2331 = ORIENTED_EDGE('',*,*,#2332,.F.);
#2332 = EDGE_CURVE('',#2303,#1789,#2333,.T.);
#2333 = LINE('',#2334,#2335);
#2334 = CARTESIAN_POINT('',(59.785280083091,-112.3952294788,23.3162));
#2335 = VECTOR('',#2336,1.);
#2336 = DIRECTION('',(-0.986137522334,-0.165930066733,0.));
#2337 = PLANE('',#2338);
#2338 = AXIS2_PLACEMENT_3D('',#2339,#2340,#2341);
#2339 = CARTESIAN_POINT('',(59.785280083091,-112.3952294788,23.3162));
#2340 = DIRECTION('',(0.165930066733,-0.986137522334,0.));
#2341 = DIRECTION('',(-0.986137522334,-0.165930066733,0.));
#2342 = ADVANCED_FACE('',(#2343,#2402),#2422,.T.);
#2343 = FACE_BOUND('',#2344,.T.);
#2344 = EDGE_LOOP('',(#2345,#2346,#2347,#2348,#2349,#2350,#2351,#2352,
    #2353,#2354,#2355,#2356,#2357,#2358,#2359,#2360,#2361,#2362,#2363,
    #2364,#2365,#2366,#2367,#2368,#2369,#2370,#2371,#2372,#2373,#2374,
    #2375,#2376,#2377,#2378,#2379,#2380,#2381,#2382,#2383,#2384,#2385,
    #2386,#2387,#2388,#2389,#2390,#2391,#2392,#2393,#2394,#2395,#2396,
    #2397,#2398,#2399,#2400,#2401));
#2345 = ORIENTED_EDGE('',*,*,#47,.T.);
#2346 = ORIENTED_EDGE('',*,*,#78,.T.);
#2347 = ORIENTED_EDGE('',*,*,#109,.T.);
#2348 = ORIENTED_EDGE('',*,*,#140,.T.);
#2349 = ORIENTED_EDGE('',*,*,#171,.T.);
#2350 = ORIENTED_EDGE('',*,*,#202,.T.);
#2351 = ORIENTED_EDGE('',*,*,#233,.T.);
#2352 = ORIENTED_EDGE('',*,*,#264,.T.);
#2353 = ORIENTED_EDGE('',*,*,#295,.T.);
#2354 = ORIENTED_EDGE('',*,*,#326,.T.);
#2355 = ORIENTED_EDGE('',*,*,#357,.T.);
#2356 = ORIENTED_EDGE('',*,*,#388,.T.);
#2357 = ORIENTED_EDGE('',*,*,#419,.T.);
#2358 = ORIENTED_EDGE('',*,*,#450,.T.);
#2359 = ORIENTED_EDGE('',*,*,#481,.T.);
#2360 = ORIENTED_EDGE('',*,*,#512,.T.);
#2361 = ORIENTED_EDGE('',*,*,#543,.T.);
#2362 = ORIENTED_EDGE('',*,*,#574,.T.);
#2363 = ORIENTED_EDGE('',*,*,#605,.T.);
#2364 = ORIENTED_EDGE('',*,*,#636,.T.);
#2365 = ORIENTED_EDGE('',*,*,#667,.T.);
#2366 = ORIENTED_EDGE('',*,*,#698,.T.);
#2367 = ORIENTED_EDGE('',*,*,#729,.T.);
#2368 = ORIENTED_EDGE('',*,*,#760,.T.);
#2369 = ORIENTED_EDGE('',*,*,#791,.T.);
#2370 = ORIENTED_EDGE('',*,*,#822,.T.);
#2371 = ORIENTED_EDGE('',*,*,#853,.T.);
#2372 = ORIENTED_EDGE('',*,*,#884,.T.);
#2373 = ORIENTED_EDGE('',*,*,#915,.T.);
#2374 = ORIENTED_EDGE('',*,*,#946,.T.);
#2375 = ORIENTED_EDGE('',*,*,#977,.T.);
#2376 = ORIENTED_EDGE('',*,*,#1008,.T.);
#2377 = ORIENTED_EDGE('',*,*,#1039,.T.);
#2378 = ORIENTED_EDGE('',*,*,#1070,.T.);
#2379 = ORIENTED_EDGE('',*,*,#1101,.T.);
#2380 = ORIENTED_EDGE('',*,*,#1132,.T.);
#2381 = ORIENTED_EDGE('',*,*,#1163,.T.);
#2382 = ORIENTED_EDGE('',*,*,#1194,.T.);
#2383 = ORIENTED_EDGE('',*,*,#1225,.T.);
#2384 = ORIENTED_EDGE('',*,*,#1256,.T.);
#2385 = ORIENTED_EDGE('',*,*,#1287,.T.);
#2386 = ORIENTED_EDGE('',*,*,#1318,.T.);
#2387 = ORIENTED_EDGE('',*,*,#1349,.T.);
#2388 = ORIENTED_EDGE('',*,*,#1380,.T.);
#2389 = ORIENTED_EDGE('',*,*,#1411,.T.);
#2390 = ORIENTED_EDGE('',*,*,#1442,.T.);
#2391 = ORIENTED_EDGE('',*,*,#1473,.T.);
#2392 = ORIENTED_EDGE('',*,*,#1504,.T.);
#2393 = ORIENTED_EDGE('',*,*,#1535,.T.);
#2394 = ORIENTED_EDGE('',*,*,#1566,.T.);
#2395 = ORIENTED_EDGE('',*,*,#1597,.T.);
#2396 = ORIENTED_EDGE('',*,*,#1628,.T.);
#2397 = ORIENTED_EDGE('',*,*,#1659,.T.);
#2398 = ORIENTED_EDGE('',*,*,#1690,.T.);
#2399 = ORIENTED_EDGE('',*,*,#1721,.T.);
#2400 = ORIENTED_EDGE('',*,*,#1752,.T.);
#2401 = ORIENTED_EDGE('',*,*,#1774,.T.);
#2402 = FACE_BOUND('',#2403,.T.);
#2403 = EDGE_LOOP('',(#2404,#2405,#2406,#2407,#2408,#2409,#2410,#2411,
    #2412,#2413,#2414,#2415,#2416,#2417,#2418,#2419,#2420,#2421));
#2404 = ORIENTED_EDGE('',*,*,#1814,.T.);
#2405 = ORIENTED_EDGE('',*,*,#1845,.T.);
#2406 = ORIENTED_EDGE('',*,*,#1876,.T.);
#2407 = ORIENTED_EDGE('',*,*,#1907,.T.);
#2408 = ORIENTED_EDGE('',*,*,#1938,.T.);
#2409 = ORIENTED_EDGE('',*,*,#1969,.T.);
#2410 = ORIENTED_EDGE('',*,*,#2000,.T.);
#2411 = ORIENTED_EDGE('',*,*,#2031,.T.);
#2412 = ORIENTED_EDGE('',*,*,#2062,.T.);
#2413 = ORIENTED_EDGE('',*,*,#2093,.T.);
#2414 = ORIENTED_EDGE('',*,*,#2124,.T.);
#2415 = ORIENTED_EDGE('',*,*,#2155,.T.);
#2416 = ORIENTED_EDGE('',*,*,#2186,.T.);
#2417 = ORIENTED_EDGE('',*,*,#2217,.T.);
#2418 = ORIENTED_EDGE('',*,*,#2248,.T.);
#2419 = ORIENTED_EDGE('',*,*,#2279,.T.);
#2420 = ORIENTED_EDGE('',*,*,#2310,.T.);
#2421 = ORIENTED_EDGE('',*,*,#2332,.T.);
#2422 = PLANE('',#2423);
#2423 = AXIS2_PLACEMENT_3D('',#2424,#2425,#2426);
#2424 = CARTESIAN_POINT('',(60.815871836201,-114.6565076211,23.3162));
#2425 = DIRECTION('',(-0.,-0.,-1.));
#2426 = DIRECTION('',(-1.,0.,0.));
#2427 = ADVANCED_FACE('',(#2428,#2487),#2507,.F.);
#2428 = FACE_BOUND('',#2429,.F.);
#2429 = EDGE_LOOP('',(#2430,#2431,#2432,#2433,#2434,#2435,#2436,#2437,
    #2438,#2439,#2440,#2441,#2442,#2443,#2444,#2445,#2446,#2447,#2448,
    #2449,#2450,#2451,#2452,#2453,#2454,#2455,#2456,#2457,#2458,#2459,
    #2460,#2461,#2462,#2463,#2464,#2465,#2466,#2467,#2468,#2469,#2470,
    #2471,#2472,#2473,#2474,#2475,#2476,#2477,#2478,#2479,#2480,#2481,
    #2482,#2483,#2484,#2485,#2486));
#2430 = ORIENTED_EDGE('',*,*,#31,.T.);
#2431 = ORIENTED_EDGE('',*,*,#62,.T.);
#2432 = ORIENTED_EDGE('',*,*,#93,.T.);
#2433 = ORIENTED_EDGE('',*,*,#124,.T.);
#2434 = ORIENTED_EDGE('',*,*,#155,.T.);
#2435 = ORIENTED_EDGE('',*,*,#186,.T.);
#2436 = ORIENTED_EDGE('',*,*,#217,.T.);
#2437 = ORIENTED_EDGE('',*,*,#248,.T.);
#2438 = ORIENTED_EDGE('',*,*,#279,.T.);
#2439 = ORIENTED_EDGE('',*,*,#310,.T.);
#2440 = ORIENTED_EDGE('',*,*,#341,.T.);
#2441 = ORIENTED_EDGE('',*,*,#372,.T.);
#2442 = ORIENTED_EDGE('',*,*,#403,.T.);
#2443 = ORIENTED_EDGE('',*,*,#434,.T.);
#2444 = ORIENTED_EDGE('',*,*,#465,.T.);
#2445 = ORIENTED_EDGE('',*,*,#496,.T.);
#2446 = ORIENTED_EDGE('',*,*,#527,.T.);
#2447 = ORIENTED_EDGE('',*,*,#558,.T.);
#2448 = ORIENTED_EDGE('',*,*,#589,.T.);
#2449 = ORIENTED_EDGE('',*,*,#620,.T.);
#2450 = ORIENTED_EDGE('',*,*,#651,.T.);
#2451 = ORIENTED_EDGE('',*,*,#682,.T.);
#2452 = ORIENTED_EDGE('',*,*,#713,.T.);
#2453 = ORIENTED_EDGE('',*,*,#744,.T.);
#2454 = ORIENTED_EDGE('',*,*,#775,.T.);
#2455 = ORIENTED_EDGE('',*,*,#806,.T.);
#2456 = ORIENTED_EDGE('',*,*,#837,.T.);
#2457 = ORIENTED_EDGE('',*,*,#868,.T.);
#2458 = ORIENTED_EDGE('',*,*,#899,.T.);
#2459 = ORIENTED_EDGE('',*,*,#930,.T.);
#2460 = ORIENTED_EDGE('',*,*,#961,.T.);
#2461 = ORIENTED_EDGE('',*,*,#992,.T.);
#2462 = ORIENTED_EDGE('',*,*,#1023,.T.);
#2463 = ORIENTED_EDGE('',*,*,#1054,.T.);
#2464 = ORIENTED_EDGE('',*,*,#1085,.T.);
#2465 = ORIENTED_EDGE('',*,*,#1116,.T.);
#2466 = ORIENTED_EDGE('',*,*,#1147,.T.);
#2467 = ORIENTED_EDGE('',*,*,#1178,.T.);
#2468 = ORIENTED_EDGE('',*,*,#1209,.T.);
#2469 = ORIENTED_EDGE('',*,*,#1240,.T.);
#2470 = ORIENTED_EDGE('',*,*,#1271,.T.);
#2471 = ORIENTED_EDGE('',*,*,#1302,.T.);
#2472 = ORIENTED_EDGE('',*,*,#1333,.T.);
#2473 = ORIENTED_EDGE('',*,*,#1364,.T.);
#2474 = ORIENTED_EDGE('',*,*,#1395,.T.);
#2475 = ORIENTED_EDGE('',*,*,#1426,.T.);
#2476 = ORIENTED_EDGE('',*,*,#1457,.T.);
#2477 = ORIENTED_EDGE('',*,*,#1488,.T.);
#2478 = ORIENTED_EDGE('',*,*,#1519,.T.);
#2479 = ORIENTED_EDGE('',*,*,#1550,.T.);
#2480 = ORIENTED_EDGE('',*,*,#1581,.T.);
#2481 = ORIENTED_EDGE('',*,*,#1612,.T.);
#2482 = ORIENTED_EDGE('',*,*,#1643,.T.);
#2483 = ORIENTED_EDGE('',*,*,#1674,.T.);
#2484 = ORIENTED_EDGE('',*,*,#1705,.T.);
#2485 = ORIENTED_EDGE('',*,*,#1736,.T.);
#2486 = ORIENTED_EDGE('',*,*,#1767,.T.);
#2487 = FACE_BOUND('',#2488,.F.);
#2488 = EDGE_LOOP('',(#2489,#2490,#2491,#2492,#2493,#2494,#2495,#2496,
    #2497,#2498,#2499,#2500,#2501,#2502,#2503,#2504,#2505,#2506));
#2489 = ORIENTED_EDGE('',*,*,#1798,.T.);
#2490 = ORIENTED_EDGE('',*,*,#1829,.T.);
#2491 = ORIENTED_EDGE('',*,*,#1860,.T.);
#2492 = ORIENTED_EDGE('',*,*,#1891,.T.);
#2493 = ORIENTED_EDGE('',*,*,#1922,.T.);
#2494 = ORIENTED_EDGE('',*,*,#1953,.T.);
#2495 = ORIENTED_EDGE('',*,*,#1984,.T.);
#2496 = ORIENTED_EDGE('',*,*,#2015,.T.);
#2497 = ORIENTED_EDGE('',*,*,#2046,.T.);
#2498 = ORIENTED_EDGE('',*,*,#2077,.T.);
#2499 = ORIENTED_EDGE('',*,*,#2108,.T.);
#2500 = ORIENTED_EDGE('',*,*,#2139,.T.);
#2501 = ORIENTED_EDGE('',*,*,#2170,.T.);
#2502 = ORIENTED_EDGE('',*,*,#2201,.T.);
#2503 = ORIENTED_EDGE('',*,*,#2232,.T.);
#2504 = ORIENTED_EDGE('',*,*,#2263,.T.);
#2505 = ORIENTED_EDGE('',*,*,#2294,.T.);
#2506 = ORIENTED_EDGE('',*,*,#2325,.T.);
#2507 = PLANE('',#2508);
#2508 = AXIS2_PLACEMENT_3D('',#2509,#2510,#2511);
#2509 = CARTESIAN_POINT('',(60.815871836201,-114.6565076211,24.5162));
#2510 = DIRECTION('',(-0.,-0.,-1.));
#2511 = DIRECTION('',(-1.,0.,0.));
#2512 = MANIFOLD_SOLID_BREP('',#2513);
#2513 = CLOSED_SHELL('',(#2514,#2554,#2585,#2616,#2647,#2678,#2709,#2740
    ,#2771,#2802,#2833,#2864,#2895,#2926,#2957,#2988,#3019,#3050,#3081,
    #3112,#3143,#3174,#3205,#3227,#3258));
#2514 = ADVANCED_FACE('',(#2515),#2549,.T.);
#2515 = FACE_BOUND('',#2516,.T.);
#2516 = EDGE_LOOP('',(#2517,#2527,#2535,#2543));
#2517 = ORIENTED_EDGE('',*,*,#2518,.T.);
#2518 = EDGE_CURVE('',#2519,#2521,#2523,.T.);
#2519 = VERTEX_POINT('',#2520);
#2520 = CARTESIAN_POINT('',(60.545746737796,-109.0404067555,23.3162));
#2521 = VERTEX_POINT('',#2522);
#2522 = CARTESIAN_POINT('',(60.545746737796,-109.0404067555,24.5162));
#2523 = LINE('',#2524,#2525);
#2524 = CARTESIAN_POINT('',(60.545746737796,-109.0404067555,23.3162));
#2525 = VECTOR('',#2526,1.);
#2526 = DIRECTION('',(0.,0.,1.));
#2527 = ORIENTED_EDGE('',*,*,#2528,.T.);
#2528 = EDGE_CURVE('',#2521,#2529,#2531,.T.);
#2529 = VERTEX_POINT('',#2530);
#2530 = CARTESIAN_POINT('',(60.545746737796,-106.1509688955,24.5162));
#2531 = LINE('',#2532,#2533);
#2532 = CARTESIAN_POINT('',(60.545746737796,-109.0404067555,24.5162));
#2533 = VECTOR('',#2534,1.);
#2534 = DIRECTION('',(0.,1.,0.));
#2535 = ORIENTED_EDGE('',*,*,#2536,.F.);
#2536 = EDGE_CURVE('',#2537,#2529,#2539,.T.);
#2537 = VERTEX_POINT('',#2538);
#2538 = CARTESIAN_POINT('',(60.545746737796,-106.1509688955,23.3162));
#2539 = LINE('',#2540,#2541);
#2540 = CARTESIAN_POINT('',(60.545746737796,-106.1509688955,23.3162));
#2541 = VECTOR('',#2542,1.);
#2542 = DIRECTION('',(0.,0.,1.));
#2543 = ORIENTED_EDGE('',*,*,#2544,.F.);
#2544 = EDGE_CURVE('',#2519,#2537,#2545,.T.);
#2545 = LINE('',#2546,#2547);
#2546 = CARTESIAN_POINT('',(60.545746737796,-109.0404067555,23.3162));
#2547 = VECTOR('',#2548,1.);
#2548 = DIRECTION('',(0.,1.,0.));
#2549 = PLANE('',#2550);
#2550 = AXIS2_PLACEMENT_3D('',#2551,#2552,#2553);
#2551 = CARTESIAN_POINT('',(60.545746737796,-109.0404067555,23.3162));
#2552 = DIRECTION('',(-1.,0.,0.));
#2553 = DIRECTION('',(0.,1.,0.));
#2554 = ADVANCED_FACE('',(#2555),#2580,.T.);
#2555 = FACE_BOUND('',#2556,.T.);
#2556 = EDGE_LOOP('',(#2557,#2558,#2566,#2574));
#2557 = ORIENTED_EDGE('',*,*,#2536,.T.);
#2558 = ORIENTED_EDGE('',*,*,#2559,.T.);
#2559 = EDGE_CURVE('',#2529,#2560,#2562,.T.);
#2560 = VERTEX_POINT('',#2561);
#2561 = CARTESIAN_POINT('',(60.618868080963,-105.9963668048,24.5162));
#2562 = LINE('',#2563,#2564);
#2563 = CARTESIAN_POINT('',(60.545746737796,-106.1509688955,24.5162));
#2564 = VECTOR('',#2565,1.);
#2565 = DIRECTION('',(0.42755509343,0.903989293123,0.));
#2566 = ORIENTED_EDGE('',*,*,#2567,.F.);
#2567 = EDGE_CURVE('',#2568,#2560,#2570,.T.);
#2568 = VERTEX_POINT('',#2569);
#2569 = CARTESIAN_POINT('',(60.618868080963,-105.9963668048,23.3162));
#2570 = LINE('',#2571,#2572);
#2571 = CARTESIAN_POINT('',(60.618868080963,-105.9963668048,23.3162));
#2572 = VECTOR('',#2573,1.);
#2573 = DIRECTION('',(0.,0.,1.));
#2574 = ORIENTED_EDGE('',*,*,#2575,.F.);
#2575 = EDGE_CURVE('',#2537,#2568,#2576,.T.);
#2576 = LINE('',#2577,#2578);
#2577 = CARTESIAN_POINT('',(60.545746737796,-106.1509688955,23.3162));
#2578 = VECTOR('',#2579,1.);
#2579 = DIRECTION('',(0.42755509343,0.903989293123,0.));
#2580 = PLANE('',#2581);
#2581 = AXIS2_PLACEMENT_3D('',#2582,#2583,#2584);
#2582 = CARTESIAN_POINT('',(60.545746737796,-106.1509688955,23.3162));
#2583 = DIRECTION('',(-0.903989293123,0.42755509343,0.));
#2584 = DIRECTION('',(0.42755509343,0.903989293123,0.));
#2585 = ADVANCED_FACE('',(#2586),#2611,.T.);
#2586 = FACE_BOUND('',#2587,.T.);
#2587 = EDGE_LOOP('',(#2588,#2589,#2597,#2605));
#2588 = ORIENTED_EDGE('',*,*,#2567,.T.);
#2589 = ORIENTED_EDGE('',*,*,#2590,.T.);
#2590 = EDGE_CURVE('',#2560,#2591,#2593,.T.);
#2591 = VERTEX_POINT('',#2592);
#2592 = CARTESIAN_POINT('',(61.648048367862,-105.9519319501,24.5162));
#2593 = LINE('',#2594,#2595);
#2594 = CARTESIAN_POINT('',(60.618868080963,-105.9963668048,24.5162));
#2595 = VECTOR('',#2596,1.);
#2596 = DIRECTION('',(0.999069260892,4.313481123767E-02,0.));
#2597 = ORIENTED_EDGE('',*,*,#2598,.F.);
#2598 = EDGE_CURVE('',#2599,#2591,#2601,.T.);
#2599 = VERTEX_POINT('',#2600);
#2600 = CARTESIAN_POINT('',(61.648048367862,-105.9519319501,23.3162));
#2601 = LINE('',#2602,#2603);
#2602 = CARTESIAN_POINT('',(61.648048367862,-105.9519319501,23.3162));
#2603 = VECTOR('',#2604,1.);
#2604 = DIRECTION('',(0.,0.,1.));
#2605 = ORIENTED_EDGE('',*,*,#2606,.F.);
#2606 = EDGE_CURVE('',#2568,#2599,#2607,.T.);
#2607 = LINE('',#2608,#2609);
#2608 = CARTESIAN_POINT('',(60.618868080963,-105.9963668048,23.3162));
#2609 = VECTOR('',#2610,1.);
#2610 = DIRECTION('',(0.999069260892,4.313481123767E-02,0.));
#2611 = PLANE('',#2612);
#2612 = AXIS2_PLACEMENT_3D('',#2613,#2614,#2615);
#2613 = CARTESIAN_POINT('',(60.618868080963,-105.9963668048,23.3162));
#2614 = DIRECTION('',(-4.313481123767E-02,0.999069260892,0.));
#2615 = DIRECTION('',(0.999069260892,4.313481123767E-02,0.));
#2616 = ADVANCED_FACE('',(#2617),#2642,.T.);
#2617 = FACE_BOUND('',#2618,.T.);
#2618 = EDGE_LOOP('',(#2619,#2620,#2628,#2636));
#2619 = ORIENTED_EDGE('',*,*,#2598,.T.);
#2620 = ORIENTED_EDGE('',*,*,#2621,.T.);
#2621 = EDGE_CURVE('',#2591,#2622,#2624,.T.);
#2622 = VERTEX_POINT('',#2623);
#2623 = CARTESIAN_POINT('',(61.813220846298,-106.074432209,24.5162));
#2624 = LINE('',#2625,#2626);
#2625 = CARTESIAN_POINT('',(61.648048367862,-105.9519319501,24.5162));
#2626 = VECTOR('',#2627,1.);
#2627 = DIRECTION('',(0.803207531481,-0.595699304492,0.));
#2628 = ORIENTED_EDGE('',*,*,#2629,.F.);
#2629 = EDGE_CURVE('',#2630,#2622,#2632,.T.);
#2630 = VERTEX_POINT('',#2631);
#2631 = CARTESIAN_POINT('',(61.813220846298,-106.074432209,23.3162));
#2632 = LINE('',#2633,#2634);
#2633 = CARTESIAN_POINT('',(61.813220846298,-106.074432209,23.3162));
#2634 = VECTOR('',#2635,1.);
#2635 = DIRECTION('',(0.,0.,1.));
#2636 = ORIENTED_EDGE('',*,*,#2637,.F.);
#2637 = EDGE_CURVE('',#2599,#2630,#2638,.T.);
#2638 = LINE('',#2639,#2640);
#2639 = CARTESIAN_POINT('',(61.648048367862,-105.9519319501,23.3162));
#2640 = VECTOR('',#2641,1.);
#2641 = DIRECTION('',(0.803207531481,-0.595699304492,0.));
#2642 = PLANE('',#2643);
#2643 = AXIS2_PLACEMENT_3D('',#2644,#2645,#2646);
#2644 = CARTESIAN_POINT('',(61.648048367862,-105.9519319501,23.3162));
#2645 = DIRECTION('',(0.595699304492,0.803207531481,-0.));
#2646 = DIRECTION('',(0.803207531481,-0.595699304492,0.));
#2647 = ADVANCED_FACE('',(#2648),#2673,.T.);
#2648 = FACE_BOUND('',#2649,.T.);
#2649 = EDGE_LOOP('',(#2650,#2651,#2659,#2667));
#2650 = ORIENTED_EDGE('',*,*,#2629,.T.);
#2651 = ORIENTED_EDGE('',*,*,#2652,.T.);
#2652 = EDGE_CURVE('',#2622,#2653,#2655,.T.);
#2653 = VERTEX_POINT('',#2654);
#2654 = CARTESIAN_POINT('',(61.828444939796,-109.0404067555,24.5162));
#2655 = LINE('',#2656,#2657);
#2656 = CARTESIAN_POINT('',(61.813220846298,-106.074432209,24.5162));
#2657 = VECTOR('',#2658,1.);
#2658 = DIRECTION('',(5.132846796227E-03,-0.999986826855,0.));
#2659 = ORIENTED_EDGE('',*,*,#2660,.F.);
#2660 = EDGE_CURVE('',#2661,#2653,#2663,.T.);
#2661 = VERTEX_POINT('',#2662);
#2662 = CARTESIAN_POINT('',(61.828444939796,-109.0404067555,23.3162));
#2663 = LINE('',#2664,#2665);
#2664 = CARTESIAN_POINT('',(61.828444939796,-109.0404067555,23.3162));
#2665 = VECTOR('',#2666,1.);
#2666 = DIRECTION('',(0.,0.,1.));
#2667 = ORIENTED_EDGE('',*,*,#2668,.F.);
#2668 = EDGE_CURVE('',#2630,#2661,#2669,.T.);
#2669 = LINE('',#2670,#2671);
#2670 = CARTESIAN_POINT('',(61.813220846298,-106.074432209,23.3162));
#2671 = VECTOR('',#2672,1.);
#2672 = DIRECTION('',(5.132846796227E-03,-0.999986826855,0.));
#2673 = PLANE('',#2674);
#2674 = AXIS2_PLACEMENT_3D('',#2675,#2676,#2677);
#2675 = CARTESIAN_POINT('',(61.813220846298,-106.074432209,23.3162));
#2676 = DIRECTION('',(0.999986826855,5.132846796227E-03,-0.));
#2677 = DIRECTION('',(5.132846796227E-03,-0.999986826855,0.));
#2678 = ADVANCED_FACE('',(#2679),#2704,.T.);
#2679 = FACE_BOUND('',#2680,.T.);
#2680 = EDGE_LOOP('',(#2681,#2682,#2690,#2698));
#2681 = ORIENTED_EDGE('',*,*,#2660,.T.);
#2682 = ORIENTED_EDGE('',*,*,#2683,.T.);
#2683 = EDGE_CURVE('',#2653,#2684,#2686,.T.);
#2684 = VERTEX_POINT('',#2685);
#2685 = CARTESIAN_POINT('',(63.336211541976,-109.0404067555,24.5162));
#2686 = LINE('',#2687,#2688);
#2687 = CARTESIAN_POINT('',(61.828444939796,-109.0404067555,24.5162));
#2688 = VECTOR('',#2689,1.);
#2689 = DIRECTION('',(1.,0.,0.));
#2690 = ORIENTED_EDGE('',*,*,#2691,.F.);
#2691 = EDGE_CURVE('',#2692,#2684,#2694,.T.);
#2692 = VERTEX_POINT('',#2693);
#2693 = CARTESIAN_POINT('',(63.336211541976,-109.0404067555,23.3162));
#2694 = LINE('',#2695,#2696);
#2695 = CARTESIAN_POINT('',(63.336211541976,-109.0404067555,23.3162));
#2696 = VECTOR('',#2697,1.);
#2697 = DIRECTION('',(0.,0.,1.));
#2698 = ORIENTED_EDGE('',*,*,#2699,.F.);
#2699 = EDGE_CURVE('',#2661,#2692,#2700,.T.);
#2700 = LINE('',#2701,#2702);
#2701 = CARTESIAN_POINT('',(61.828444939796,-109.0404067555,23.3162));
#2702 = VECTOR('',#2703,1.);
#2703 = DIRECTION('',(1.,0.,0.));
#2704 = PLANE('',#2705);
#2705 = AXIS2_PLACEMENT_3D('',#2706,#2707,#2708);
#2706 = CARTESIAN_POINT('',(61.828444939796,-109.0404067555,23.3162));
#2707 = DIRECTION('',(0.,1.,0.));
#2708 = DIRECTION('',(1.,0.,0.));
#2709 = ADVANCED_FACE('',(#2710),#2735,.T.);
#2710 = FACE_BOUND('',#2711,.T.);
#2711 = EDGE_LOOP('',(#2712,#2713,#2721,#2729));
#2712 = ORIENTED_EDGE('',*,*,#2691,.T.);
#2713 = ORIENTED_EDGE('',*,*,#2714,.T.);
#2714 = EDGE_CURVE('',#2684,#2715,#2717,.T.);
#2715 = VERTEX_POINT('',#2716);
#2716 = CARTESIAN_POINT('',(63.431298895219,-105.997210683,24.5162));
#2717 = LINE('',#2718,#2719);
#2718 = CARTESIAN_POINT('',(63.336211541976,-109.0404067555,24.5162));
#2719 = VECTOR('',#2720,1.);
#2720 = DIRECTION('',(3.123064298058E-02,0.999512204497,0.));
#2721 = ORIENTED_EDGE('',*,*,#2722,.F.);
#2722 = EDGE_CURVE('',#2723,#2715,#2725,.T.);
#2723 = VERTEX_POINT('',#2724);
#2724 = CARTESIAN_POINT('',(63.431298895219,-105.997210683,23.3162));
#2725 = LINE('',#2726,#2727);
#2726 = CARTESIAN_POINT('',(63.431298895219,-105.997210683,23.3162));
#2727 = VECTOR('',#2728,1.);
#2728 = DIRECTION('',(0.,0.,1.));
#2729 = ORIENTED_EDGE('',*,*,#2730,.F.);
#2730 = EDGE_CURVE('',#2692,#2723,#2731,.T.);
#2731 = LINE('',#2732,#2733);
#2732 = CARTESIAN_POINT('',(63.336211541976,-109.0404067555,23.3162));
#2733 = VECTOR('',#2734,1.);
#2734 = DIRECTION('',(3.123064298058E-02,0.999512204497,0.));
#2735 = PLANE('',#2736);
#2736 = AXIS2_PLACEMENT_3D('',#2737,#2738,#2739);
#2737 = CARTESIAN_POINT('',(63.336211541976,-109.0404067555,23.3162));
#2738 = DIRECTION('',(-0.999512204497,3.123064298058E-02,0.));
#2739 = DIRECTION('',(3.123064298058E-02,0.999512204497,0.));
#2740 = ADVANCED_FACE('',(#2741),#2766,.T.);
#2741 = FACE_BOUND('',#2742,.T.);
#2742 = EDGE_LOOP('',(#2743,#2744,#2752,#2760));
#2743 = ORIENTED_EDGE('',*,*,#2722,.T.);
#2744 = ORIENTED_EDGE('',*,*,#2745,.T.);
#2745 = EDGE_CURVE('',#2715,#2746,#2748,.T.);
#2746 = VERTEX_POINT('',#2747);
#2747 = CARTESIAN_POINT('',(63.595319586959,-105.8783330206,24.5162));
#2748 = LINE('',#2749,#2750);
#2749 = CARTESIAN_POINT('',(63.431298895219,-105.997210683,24.5162));
#2750 = VECTOR('',#2751,1.);
#2751 = DIRECTION('',(0.809698029262,0.586846744397,0.));
#2752 = ORIENTED_EDGE('',*,*,#2753,.F.);
#2753 = EDGE_CURVE('',#2754,#2746,#2756,.T.);
#2754 = VERTEX_POINT('',#2755);
#2755 = CARTESIAN_POINT('',(63.595319586959,-105.8783330206,23.3162));
#2756 = LINE('',#2757,#2758);
#2757 = CARTESIAN_POINT('',(63.595319586959,-105.8783330206,23.3162));
#2758 = VECTOR('',#2759,1.);
#2759 = DIRECTION('',(0.,0.,1.));
#2760 = ORIENTED_EDGE('',*,*,#2761,.F.);
#2761 = EDGE_CURVE('',#2723,#2754,#2762,.T.);
#2762 = LINE('',#2763,#2764);
#2763 = CARTESIAN_POINT('',(63.431298895219,-105.997210683,23.3162));
#2764 = VECTOR('',#2765,1.);
#2765 = DIRECTION('',(0.809698029262,0.586846744397,0.));
#2766 = PLANE('',#2767);
#2767 = AXIS2_PLACEMENT_3D('',#2768,#2769,#2770);
#2768 = CARTESIAN_POINT('',(63.431298895219,-105.997210683,23.3162));
#2769 = DIRECTION('',(-0.586846744397,0.809698029262,0.));
#2770 = DIRECTION('',(0.809698029262,0.586846744397,0.));
#2771 = ADVANCED_FACE('',(#2772),#2797,.T.);
#2772 = FACE_BOUND('',#2773,.T.);
#2773 = EDGE_LOOP('',(#2774,#2775,#2783,#2791));
#2774 = ORIENTED_EDGE('',*,*,#2753,.T.);
#2775 = ORIENTED_EDGE('',*,*,#2776,.T.);
#2776 = EDGE_CURVE('',#2746,#2777,#2779,.T.);
#2777 = VERTEX_POINT('',#2778);
#2778 = CARTESIAN_POINT('',(64.571155958018,-105.785210719,24.5162));
#2779 = LINE('',#2780,#2781);
#2780 = CARTESIAN_POINT('',(63.595319586959,-105.8783330206,24.5162));
#2781 = VECTOR('',#2782,1.);
#2782 = DIRECTION('',(0.995477594254,9.499662803619E-02,0.));
#2783 = ORIENTED_EDGE('',*,*,#2784,.F.);
#2784 = EDGE_CURVE('',#2785,#2777,#2787,.T.);
#2785 = VERTEX_POINT('',#2786);
#2786 = CARTESIAN_POINT('',(64.571155958018,-105.785210719,23.3162));
#2787 = LINE('',#2788,#2789);
#2788 = CARTESIAN_POINT('',(64.571155958018,-105.785210719,23.3162));
#2789 = VECTOR('',#2790,1.);
#2790 = DIRECTION('',(0.,0.,1.));
#2791 = ORIENTED_EDGE('',*,*,#2792,.F.);
#2792 = EDGE_CURVE('',#2754,#2785,#2793,.T.);
#2793 = LINE('',#2794,#2795);
#2794 = CARTESIAN_POINT('',(63.595319586959,-105.8783330206,23.3162));
#2795 = VECTOR('',#2796,1.);
#2796 = DIRECTION('',(0.995477594254,9.499662803619E-02,0.));
#2797 = PLANE('',#2798);
#2798 = AXIS2_PLACEMENT_3D('',#2799,#2800,#2801);
#2799 = CARTESIAN_POINT('',(63.595319586959,-105.8783330206,23.3162));
#2800 = DIRECTION('',(-9.499662803619E-02,0.995477594254,0.));
#2801 = DIRECTION('',(0.995477594254,9.499662803619E-02,0.));
#2802 = ADVANCED_FACE('',(#2803),#2828,.T.);
#2803 = FACE_BOUND('',#2804,.T.);
#2804 = EDGE_LOOP('',(#2805,#2806,#2814,#2822));
#2805 = ORIENTED_EDGE('',*,*,#2784,.T.);
#2806 = ORIENTED_EDGE('',*,*,#2807,.T.);
#2807 = EDGE_CURVE('',#2777,#2808,#2810,.T.);
#2808 = VERTEX_POINT('',#2809);
#2809 = CARTESIAN_POINT('',(64.7254779876,-105.8584628075,24.5162));
#2810 = LINE('',#2811,#2812);
#2811 = CARTESIAN_POINT('',(64.571155958018,-105.785210719,24.5162));
#2812 = VECTOR('',#2813,1.);
#2813 = DIRECTION('',(0.903392895069,-0.428813802412,0.));
#2814 = ORIENTED_EDGE('',*,*,#2815,.F.);
#2815 = EDGE_CURVE('',#2816,#2808,#2818,.T.);
#2816 = VERTEX_POINT('',#2817);
#2817 = CARTESIAN_POINT('',(64.7254779876,-105.8584628075,23.3162));
#2818 = LINE('',#2819,#2820);
#2819 = CARTESIAN_POINT('',(64.7254779876,-105.8584628075,23.3162));
#2820 = VECTOR('',#2821,1.);
#2821 = DIRECTION('',(0.,0.,1.));
#2822 = ORIENTED_EDGE('',*,*,#2823,.F.);
#2823 = EDGE_CURVE('',#2785,#2816,#2824,.T.);
#2824 = LINE('',#2825,#2826);
#2825 = CARTESIAN_POINT('',(64.571155958018,-105.785210719,23.3162));
#2826 = VECTOR('',#2827,1.);
#2827 = DIRECTION('',(0.903392895069,-0.428813802412,0.));
#2828 = PLANE('',#2829);
#2829 = AXIS2_PLACEMENT_3D('',#2830,#2831,#2832);
#2830 = CARTESIAN_POINT('',(64.571155958018,-105.785210719,23.3162));
#2831 = DIRECTION('',(0.428813802412,0.903392895069,-0.));
#2832 = DIRECTION('',(0.903392895069,-0.428813802412,0.));
#2833 = ADVANCED_FACE('',(#2834),#2859,.T.);
#2834 = FACE_BOUND('',#2835,.T.);
#2835 = EDGE_LOOP('',(#2836,#2837,#2845,#2853));
#2836 = ORIENTED_EDGE('',*,*,#2815,.T.);
#2837 = ORIENTED_EDGE('',*,*,#2838,.T.);
#2838 = EDGE_CURVE('',#2808,#2839,#2841,.T.);
#2839 = VERTEX_POINT('',#2840);
#2840 = CARTESIAN_POINT('',(64.770768381796,-105.9852103435,24.5162));
#2841 = LINE('',#2842,#2843);
#2842 = CARTESIAN_POINT('',(64.7254779876,-105.8584628075,24.5162));
#2843 = VECTOR('',#2844,1.);
#2844 = DIRECTION('',(0.336490691534,-0.941686792151,0.));
#2845 = ORIENTED_EDGE('',*,*,#2846,.F.);
#2846 = EDGE_CURVE('',#2847,#2839,#2849,.T.);
#2847 = VERTEX_POINT('',#2848);
#2848 = CARTESIAN_POINT('',(64.770768381796,-105.9852103435,23.3162));
#2849 = LINE('',#2850,#2851);
#2850 = CARTESIAN_POINT('',(64.770768381796,-105.9852103435,23.3162));
#2851 = VECTOR('',#2852,1.);
#2852 = DIRECTION('',(0.,0.,1.));
#2853 = ORIENTED_EDGE('',*,*,#2854,.F.);
#2854 = EDGE_CURVE('',#2816,#2847,#2855,.T.);
#2855 = LINE('',#2856,#2857);
#2856 = CARTESIAN_POINT('',(64.7254779876,-105.8584628075,23.3162));
#2857 = VECTOR('',#2858,1.);
#2858 = DIRECTION('',(0.336490691534,-0.941686792151,0.));
#2859 = PLANE('',#2860);
#2860 = AXIS2_PLACEMENT_3D('',#2861,#2862,#2863);
#2861 = CARTESIAN_POINT('',(64.7254779876,-105.8584628075,23.3162));
#2862 = DIRECTION('',(0.941686792151,0.336490691534,-0.));
#2863 = DIRECTION('',(0.336490691534,-0.941686792151,0.));
#2864 = ADVANCED_FACE('',(#2865),#2890,.T.);
#2865 = FACE_BOUND('',#2866,.T.);
#2866 = EDGE_LOOP('',(#2867,#2868,#2876,#2884));
#2867 = ORIENTED_EDGE('',*,*,#2846,.T.);
#2868 = ORIENTED_EDGE('',*,*,#2869,.T.);
#2869 = EDGE_CURVE('',#2839,#2870,#2872,.T.);
#2870 = VERTEX_POINT('',#2871);
#2871 = CARTESIAN_POINT('',(64.770768381796,-110.1231049575,24.5162));
#2872 = LINE('',#2873,#2874);
#2873 = CARTESIAN_POINT('',(64.770768381796,-105.9852103435,24.5162));
#2874 = VECTOR('',#2875,1.);
#2875 = DIRECTION('',(0.,-1.,0.));
#2876 = ORIENTED_EDGE('',*,*,#2877,.F.);
#2877 = EDGE_CURVE('',#2878,#2870,#2880,.T.);
#2878 = VERTEX_POINT('',#2879);
#2879 = CARTESIAN_POINT('',(64.770768381796,-110.1231049575,23.3162));
#2880 = LINE('',#2881,#2882);
#2881 = CARTESIAN_POINT('',(64.770768381796,-110.1231049575,23.3162));
#2882 = VECTOR('',#2883,1.);
#2883 = DIRECTION('',(0.,0.,1.));
#2884 = ORIENTED_EDGE('',*,*,#2885,.F.);
#2885 = EDGE_CURVE('',#2847,#2878,#2886,.T.);
#2886 = LINE('',#2887,#2888);
#2887 = CARTESIAN_POINT('',(64.770768381796,-105.9852103435,23.3162));
#2888 = VECTOR('',#2889,1.);
#2889 = DIRECTION('',(0.,-1.,0.));
#2890 = PLANE('',#2891);
#2891 = AXIS2_PLACEMENT_3D('',#2892,#2893,#2894);
#2892 = CARTESIAN_POINT('',(64.770768381796,-105.9852103435,23.3162));
#2893 = DIRECTION('',(1.,0.,-0.));
#2894 = DIRECTION('',(0.,-1.,0.));
#2895 = ADVANCED_FACE('',(#2896),#2921,.T.);
#2896 = FACE_BOUND('',#2897,.T.);
#2897 = EDGE_LOOP('',(#2898,#2899,#2907,#2915));
#2898 = ORIENTED_EDGE('',*,*,#2877,.T.);
#2899 = ORIENTED_EDGE('',*,*,#2900,.T.);
#2900 = EDGE_CURVE('',#2870,#2901,#2903,.T.);
#2901 = VERTEX_POINT('',#2902);
#2902 = CARTESIAN_POINT('',(64.712189738033,-110.2645263137,24.5162));
#2903 = LINE('',#2904,#2905);
#2904 = CARTESIAN_POINT('',(64.770768381796,-110.1231049575,24.5162));
#2905 = VECTOR('',#2906,1.);
#2906 = DIRECTION('',(-0.382683432365,-0.923879532511,0.));
#2907 = ORIENTED_EDGE('',*,*,#2908,.F.);
#2908 = EDGE_CURVE('',#2909,#2901,#2911,.T.);
#2909 = VERTEX_POINT('',#2910);
#2910 = CARTESIAN_POINT('',(64.712189738033,-110.2645263137,23.3162));
#2911 = LINE('',#2912,#2913);
#2912 = CARTESIAN_POINT('',(64.712189738033,-110.2645263137,23.3162));
#2913 = VECTOR('',#2914,1.);
#2914 = DIRECTION('',(0.,0.,1.));
#2915 = ORIENTED_EDGE('',*,*,#2916,.F.);
#2916 = EDGE_CURVE('',#2878,#2909,#2917,.T.);
#2917 = LINE('',#2918,#2919);
#2918 = CARTESIAN_POINT('',(64.770768381796,-110.1231049575,23.3162));
#2919 = VECTOR('',#2920,1.);
#2920 = DIRECTION('',(-0.382683432365,-0.923879532511,0.));
#2921 = PLANE('',#2922);
#2922 = AXIS2_PLACEMENT_3D('',#2923,#2924,#2925);
#2923 = CARTESIAN_POINT('',(64.770768381796,-110.1231049575,23.3162));
#2924 = DIRECTION('',(0.923879532511,-0.382683432365,0.));
#2925 = DIRECTION('',(-0.382683432365,-0.923879532511,0.));
#2926 = ADVANCED_FACE('',(#2927),#2952,.T.);
#2927 = FACE_BOUND('',#2928,.T.);
#2928 = EDGE_LOOP('',(#2929,#2930,#2938,#2946));
#2929 = ORIENTED_EDGE('',*,*,#2908,.T.);
#2930 = ORIENTED_EDGE('',*,*,#2931,.T.);
#2931 = EDGE_CURVE('',#2901,#2932,#2934,.T.);
#2932 = VERTEX_POINT('',#2933);
#2933 = CARTESIAN_POINT('',(64.570768381796,-110.3231049575,24.5162));
#2934 = LINE('',#2935,#2936);
#2935 = CARTESIAN_POINT('',(64.712189738033,-110.2645263137,24.5162));
#2936 = VECTOR('',#2937,1.);
#2937 = DIRECTION('',(-0.923879532511,-0.382683432365,0.));
#2938 = ORIENTED_EDGE('',*,*,#2939,.F.);
#2939 = EDGE_CURVE('',#2940,#2932,#2942,.T.);
#2940 = VERTEX_POINT('',#2941);
#2941 = CARTESIAN_POINT('',(64.570768381796,-110.3231049575,23.3162));
#2942 = LINE('',#2943,#2944);
#2943 = CARTESIAN_POINT('',(64.570768381796,-110.3231049575,23.3162));
#2944 = VECTOR('',#2945,1.);
#2945 = DIRECTION('',(0.,0.,1.));
#2946 = ORIENTED_EDGE('',*,*,#2947,.F.);
#2947 = EDGE_CURVE('',#2909,#2940,#2948,.T.);
#2948 = LINE('',#2949,#2950);
#2949 = CARTESIAN_POINT('',(64.712189738033,-110.2645263137,23.3162));
#2950 = VECTOR('',#2951,1.);
#2951 = DIRECTION('',(-0.923879532511,-0.382683432365,0.));
#2952 = PLANE('',#2953);
#2953 = AXIS2_PLACEMENT_3D('',#2954,#2955,#2956);
#2954 = CARTESIAN_POINT('',(64.712189738033,-110.2645263137,23.3162));
#2955 = DIRECTION('',(0.382683432365,-0.923879532511,0.));
#2956 = DIRECTION('',(-0.923879532511,-0.382683432365,0.));
#2957 = ADVANCED_FACE('',(#2958),#2983,.T.);
#2958 = FACE_BOUND('',#2959,.T.);
#2959 = EDGE_LOOP('',(#2960,#2961,#2969,#2977));
#2960 = ORIENTED_EDGE('',*,*,#2939,.T.);
#2961 = ORIENTED_EDGE('',*,*,#2962,.T.);
#2962 = EDGE_CURVE('',#2932,#2963,#2965,.T.);
#2963 = VERTEX_POINT('',#2964);
#2964 = CARTESIAN_POINT('',(57.692309249192,-110.2893988799,24.5162));
#2965 = LINE('',#2966,#2967);
#2966 = CARTESIAN_POINT('',(64.570768381796,-110.3231049575,24.5162));
#2967 = VECTOR('',#2968,1.);
#2968 = DIRECTION('',(-0.999987994057,4.900177818382E-03,0.));
#2969 = ORIENTED_EDGE('',*,*,#2970,.F.);
#2970 = EDGE_CURVE('',#2971,#2963,#2973,.T.);
#2971 = VERTEX_POINT('',#2972);
#2972 = CARTESIAN_POINT('',(57.692309249192,-110.2893988799,23.3162));
#2973 = LINE('',#2974,#2975);
#2974 = CARTESIAN_POINT('',(57.692309249192,-110.2893988799,23.3162));
#2975 = VECTOR('',#2976,1.);
#2976 = DIRECTION('',(0.,0.,1.));
#2977 = ORIENTED_EDGE('',*,*,#2978,.F.);
#2978 = EDGE_CURVE('',#2940,#2971,#2979,.T.);
#2979 = LINE('',#2980,#2981);
#2980 = CARTESIAN_POINT('',(64.570768381796,-110.3231049575,23.3162));
#2981 = VECTOR('',#2982,1.);
#2982 = DIRECTION('',(-0.999987994057,4.900177818382E-03,0.));
#2983 = PLANE('',#2984);
#2984 = AXIS2_PLACEMENT_3D('',#2985,#2986,#2987);
#2985 = CARTESIAN_POINT('',(64.570768381796,-110.3231049575,23.3162));
#2986 = DIRECTION('',(-4.900177818382E-03,-0.999987994057,0.));
#2987 = DIRECTION('',(-0.999987994057,4.900177818382E-03,0.));
#2988 = ADVANCED_FACE('',(#2989),#3014,.T.);
#2989 = FACE_BOUND('',#2990,.T.);
#2990 = EDGE_LOOP('',(#2991,#2992,#3000,#3008));
#2991 = ORIENTED_EDGE('',*,*,#2970,.T.);
#2992 = ORIENTED_EDGE('',*,*,#2993,.T.);
#2993 = EDGE_CURVE('',#2963,#2994,#2996,.T.);
#2994 = VERTEX_POINT('',#2995);
#2995 = CARTESIAN_POINT('',(57.603423295796,-110.1231049575,24.5162));
#2996 = LINE('',#2997,#2998);
#2997 = CARTESIAN_POINT('',(57.692309249192,-110.2893988799,24.5162));
#2998 = VECTOR('',#2999,1.);
#2999 = DIRECTION('',(-0.471396736826,0.881921264348,0.));
#3000 = ORIENTED_EDGE('',*,*,#3001,.F.);
#3001 = EDGE_CURVE('',#3002,#2994,#3004,.T.);
#3002 = VERTEX_POINT('',#3003);
#3003 = CARTESIAN_POINT('',(57.603423295796,-110.1231049575,23.3162));
#3004 = LINE('',#3005,#3006);
#3005 = CARTESIAN_POINT('',(57.603423295796,-110.1231049575,23.3162));
#3006 = VECTOR('',#3007,1.);
#3007 = DIRECTION('',(0.,0.,1.));
#3008 = ORIENTED_EDGE('',*,*,#3009,.F.);
#3009 = EDGE_CURVE('',#2971,#3002,#3010,.T.);
#3010 = LINE('',#3011,#3012);
#3011 = CARTESIAN_POINT('',(57.692309249192,-110.2893988799,23.3162));
#3012 = VECTOR('',#3013,1.);
#3013 = DIRECTION('',(-0.471396736826,0.881921264348,0.));
#3014 = PLANE('',#3015);
#3015 = AXIS2_PLACEMENT_3D('',#3016,#3017,#3018);
#3016 = CARTESIAN_POINT('',(57.692309249192,-110.2893988799,23.3162));
#3017 = DIRECTION('',(-0.881921264348,-0.471396736826,0.));
#3018 = DIRECTION('',(-0.471396736826,0.881921264348,0.));
#3019 = ADVANCED_FACE('',(#3020),#3045,.T.);
#3020 = FACE_BOUND('',#3021,.T.);
#3021 = EDGE_LOOP('',(#3022,#3023,#3031,#3039));
#3022 = ORIENTED_EDGE('',*,*,#3001,.T.);
#3023 = ORIENTED_EDGE('',*,*,#3024,.T.);
#3024 = EDGE_CURVE('',#2994,#3025,#3027,.T.);
#3025 = VERTEX_POINT('',#3026);
#3026 = CARTESIAN_POINT('',(57.603423295796,-106.1509688955,24.5162));
#3027 = LINE('',#3028,#3029);
#3028 = CARTESIAN_POINT('',(57.603423295796,-110.1231049575,24.5162));
#3029 = VECTOR('',#3030,1.);
#3030 = DIRECTION('',(0.,1.,0.));
#3031 = ORIENTED_EDGE('',*,*,#3032,.F.);
#3032 = EDGE_CURVE('',#3033,#3025,#3035,.T.);
#3033 = VERTEX_POINT('',#3034);
#3034 = CARTESIAN_POINT('',(57.603423295796,-106.1509688955,23.3162));
#3035 = LINE('',#3036,#3037);
#3036 = CARTESIAN_POINT('',(57.603423295796,-106.1509688955,23.3162));
#3037 = VECTOR('',#3038,1.);
#3038 = DIRECTION('',(0.,0.,1.));
#3039 = ORIENTED_EDGE('',*,*,#3040,.F.);
#3040 = EDGE_CURVE('',#3002,#3033,#3041,.T.);
#3041 = LINE('',#3042,#3043);
#3042 = CARTESIAN_POINT('',(57.603423295796,-110.1231049575,23.3162));
#3043 = VECTOR('',#3044,1.);
#3044 = DIRECTION('',(0.,1.,0.));
#3045 = PLANE('',#3046);
#3046 = AXIS2_PLACEMENT_3D('',#3047,#3048,#3049);
#3047 = CARTESIAN_POINT('',(57.603423295796,-110.1231049575,23.3162));
#3048 = DIRECTION('',(-1.,0.,0.));
#3049 = DIRECTION('',(0.,1.,0.));
#3050 = ADVANCED_FACE('',(#3051),#3076,.T.);
#3051 = FACE_BOUND('',#3052,.T.);
#3052 = EDGE_LOOP('',(#3053,#3054,#3062,#3070));
#3053 = ORIENTED_EDGE('',*,*,#3032,.T.);
#3054 = ORIENTED_EDGE('',*,*,#3055,.T.);
#3055 = EDGE_CURVE('',#3025,#3056,#3058,.T.);
#3056 = VERTEX_POINT('',#3057);
#3057 = CARTESIAN_POINT('',(57.662001939558,-106.0095475392,24.5162));
#3058 = LINE('',#3059,#3060);
#3059 = CARTESIAN_POINT('',(57.603423295796,-106.1509688955,24.5162));
#3060 = VECTOR('',#3061,1.);
#3061 = DIRECTION('',(0.382683432365,0.923879532511,0.));
#3062 = ORIENTED_EDGE('',*,*,#3063,.F.);
#3063 = EDGE_CURVE('',#3064,#3056,#3066,.T.);
#3064 = VERTEX_POINT('',#3065);
#3065 = CARTESIAN_POINT('',(57.662001939558,-106.0095475392,23.3162));
#3066 = LINE('',#3067,#3068);
#3067 = CARTESIAN_POINT('',(57.662001939558,-106.0095475392,23.3162));
#3068 = VECTOR('',#3069,1.);
#3069 = DIRECTION('',(0.,0.,1.));
#3070 = ORIENTED_EDGE('',*,*,#3071,.F.);
#3071 = EDGE_CURVE('',#3033,#3064,#3072,.T.);
#3072 = LINE('',#3073,#3074);
#3073 = CARTESIAN_POINT('',(57.603423295796,-106.1509688955,23.3162));
#3074 = VECTOR('',#3075,1.);
#3075 = DIRECTION('',(0.382683432365,0.923879532511,0.));
#3076 = PLANE('',#3077);
#3077 = AXIS2_PLACEMENT_3D('',#3078,#3079,#3080);
#3078 = CARTESIAN_POINT('',(57.603423295796,-106.1509688955,23.3162));
#3079 = DIRECTION('',(-0.923879532511,0.382683432365,0.));
#3080 = DIRECTION('',(0.382683432365,0.923879532511,0.));
#3081 = ADVANCED_FACE('',(#3082),#3107,.T.);
#3082 = FACE_BOUND('',#3083,.T.);
#3083 = EDGE_LOOP('',(#3084,#3085,#3093,#3101));
#3084 = ORIENTED_EDGE('',*,*,#3063,.T.);
#3085 = ORIENTED_EDGE('',*,*,#3086,.T.);
#3086 = EDGE_CURVE('',#3056,#3087,#3089,.T.);
#3087 = VERTEX_POINT('',#3088);
#3088 = CARTESIAN_POINT('',(57.78381986773,-105.9519319501,24.5162));
#3089 = LINE('',#3090,#3091);
#3090 = CARTESIAN_POINT('',(57.662001939558,-106.0095475392,24.5162));
#3091 = VECTOR('',#3092,1.);
#3092 = DIRECTION('',(0.903989293123,0.42755509343,0.));
#3093 = ORIENTED_EDGE('',*,*,#3094,.F.);
#3094 = EDGE_CURVE('',#3095,#3087,#3097,.T.);
#3095 = VERTEX_POINT('',#3096);
#3096 = CARTESIAN_POINT('',(57.78381986773,-105.9519319501,23.3162));
#3097 = LINE('',#3098,#3099);
#3098 = CARTESIAN_POINT('',(57.78381986773,-105.9519319501,23.3162));
#3099 = VECTOR('',#3100,1.);
#3100 = DIRECTION('',(0.,0.,1.));
#3101 = ORIENTED_EDGE('',*,*,#3102,.F.);
#3102 = EDGE_CURVE('',#3064,#3095,#3103,.T.);
#3103 = LINE('',#3104,#3105);
#3104 = CARTESIAN_POINT('',(57.662001939558,-106.0095475392,23.3162));
#3105 = VECTOR('',#3106,1.);
#3106 = DIRECTION('',(0.903989293123,0.42755509343,0.));
#3107 = PLANE('',#3108);
#3108 = AXIS2_PLACEMENT_3D('',#3109,#3110,#3111);
#3109 = CARTESIAN_POINT('',(57.662001939558,-106.0095475392,23.3162));
#3110 = DIRECTION('',(-0.42755509343,0.903989293123,0.));
#3111 = DIRECTION('',(0.903989293123,0.42755509343,0.));
#3112 = ADVANCED_FACE('',(#3113),#3138,.T.);
#3113 = FACE_BOUND('',#3114,.T.);
#3114 = EDGE_LOOP('',(#3115,#3116,#3124,#3132));
#3115 = ORIENTED_EDGE('',*,*,#3094,.T.);
#3116 = ORIENTED_EDGE('',*,*,#3117,.T.);
#3117 = EDGE_CURVE('',#3087,#3118,#3120,.T.);
#3118 = VERTEX_POINT('',#3119);
#3119 = CARTESIAN_POINT('',(58.833235915796,-105.9509688955,24.5162));
#3120 = LINE('',#3121,#3122);
#3121 = CARTESIAN_POINT('',(57.78381986773,-105.9519319501,24.5162));
#3122 = VECTOR('',#3123,1.);
#3123 = DIRECTION('',(0.999999578909,9.177049100807E-04,0.));
#3124 = ORIENTED_EDGE('',*,*,#3125,.F.);
#3125 = EDGE_CURVE('',#3126,#3118,#3128,.T.);
#3126 = VERTEX_POINT('',#3127);
#3127 = CARTESIAN_POINT('',(58.833235915796,-105.9509688955,23.3162));
#3128 = LINE('',#3129,#3130);
#3129 = CARTESIAN_POINT('',(58.833235915796,-105.9509688955,23.3162));
#3130 = VECTOR('',#3131,1.);
#3131 = DIRECTION('',(0.,0.,1.));
#3132 = ORIENTED_EDGE('',*,*,#3133,.F.);
#3133 = EDGE_CURVE('',#3095,#3126,#3134,.T.);
#3134 = LINE('',#3135,#3136);
#3135 = CARTESIAN_POINT('',(57.78381986773,-105.9519319501,23.3162));
#3136 = VECTOR('',#3137,1.);
#3137 = DIRECTION('',(0.999999578909,9.177049100807E-04,0.));
#3138 = PLANE('',#3139);
#3139 = AXIS2_PLACEMENT_3D('',#3140,#3141,#3142);
#3140 = CARTESIAN_POINT('',(57.78381986773,-105.9519319501,23.3162));
#3141 = DIRECTION('',(-9.177049100807E-04,0.999999578909,0.));
#3142 = DIRECTION('',(0.999999578909,9.177049100807E-04,0.));
#3143 = ADVANCED_FACE('',(#3144),#3169,.T.);
#3144 = FACE_BOUND('',#3145,.T.);
#3145 = EDGE_LOOP('',(#3146,#3147,#3155,#3163));
#3146 = ORIENTED_EDGE('',*,*,#3125,.T.);
#3147 = ORIENTED_EDGE('',*,*,#3148,.T.);
#3148 = EDGE_CURVE('',#3118,#3149,#3151,.T.);
#3149 = VERTEX_POINT('',#3150);
#3150 = CARTESIAN_POINT('',(59.018011822298,-106.074432209,24.5162));
#3151 = LINE('',#3152,#3153);
#3152 = CARTESIAN_POINT('',(58.833235915796,-105.9509688955,24.5162));
#3153 = VECTOR('',#3154,1.);
#3154 = DIRECTION('',(0.831469612303,-0.55557023302,0.));
#3155 = ORIENTED_EDGE('',*,*,#3156,.F.);
#3156 = EDGE_CURVE('',#3157,#3149,#3159,.T.);
#3157 = VERTEX_POINT('',#3158);
#3158 = CARTESIAN_POINT('',(59.018011822298,-106.074432209,23.3162));
#3159 = LINE('',#3160,#3161);
#3160 = CARTESIAN_POINT('',(59.018011822298,-106.074432209,23.3162));
#3161 = VECTOR('',#3162,1.);
#3162 = DIRECTION('',(0.,0.,1.));
#3163 = ORIENTED_EDGE('',*,*,#3164,.F.);
#3164 = EDGE_CURVE('',#3126,#3157,#3165,.T.);
#3165 = LINE('',#3166,#3167);
#3166 = CARTESIAN_POINT('',(58.833235915796,-105.9509688955,23.3162));
#3167 = VECTOR('',#3168,1.);
#3168 = DIRECTION('',(0.831469612303,-0.55557023302,0.));
#3169 = PLANE('',#3170);
#3170 = AXIS2_PLACEMENT_3D('',#3171,#3172,#3173);
#3171 = CARTESIAN_POINT('',(58.833235915796,-105.9509688955,23.3162));
#3172 = DIRECTION('',(0.55557023302,0.831469612303,-0.));
#3173 = DIRECTION('',(0.831469612303,-0.55557023302,0.));
#3174 = ADVANCED_FACE('',(#3175),#3200,.T.);
#3175 = FACE_BOUND('',#3176,.T.);
#3176 = EDGE_LOOP('',(#3177,#3178,#3186,#3194));
#3177 = ORIENTED_EDGE('',*,*,#3156,.T.);
#3178 = ORIENTED_EDGE('',*,*,#3179,.T.);
#3179 = EDGE_CURVE('',#3149,#3180,#3182,.T.);
#3180 = VERTEX_POINT('',#3181);
#3181 = CARTESIAN_POINT('',(59.033235915796,-109.0404067555,24.5162));
#3182 = LINE('',#3183,#3184);
#3183 = CARTESIAN_POINT('',(59.018011822298,-106.074432209,24.5162));
#3184 = VECTOR('',#3185,1.);
#3185 = DIRECTION('',(5.132846796227E-03,-0.999986826855,0.));
#3186 = ORIENTED_EDGE('',*,*,#3187,.F.);
#3187 = EDGE_CURVE('',#3188,#3180,#3190,.T.);
#3188 = VERTEX_POINT('',#3189);
#3189 = CARTESIAN_POINT('',(59.033235915796,-109.0404067555,23.3162));
#3190 = LINE('',#3191,#3192);
#3191 = CARTESIAN_POINT('',(59.033235915796,-109.0404067555,23.3162));
#3192 = VECTOR('',#3193,1.);
#3193 = DIRECTION('',(0.,0.,1.));
#3194 = ORIENTED_EDGE('',*,*,#3195,.F.);
#3195 = EDGE_CURVE('',#3157,#3188,#3196,.T.);
#3196 = LINE('',#3197,#3198);
#3197 = CARTESIAN_POINT('',(59.018011822298,-106.074432209,23.3162));
#3198 = VECTOR('',#3199,1.);
#3199 = DIRECTION('',(5.132846796227E-03,-0.999986826855,0.));
#3200 = PLANE('',#3201);
#3201 = AXIS2_PLACEMENT_3D('',#3202,#3203,#3204);
#3202 = CARTESIAN_POINT('',(59.018011822298,-106.074432209,23.3162));
#3203 = DIRECTION('',(0.999986826855,5.132846796227E-03,-0.));
#3204 = DIRECTION('',(5.132846796227E-03,-0.999986826855,0.));
#3205 = ADVANCED_FACE('',(#3206),#3222,.T.);
#3206 = FACE_BOUND('',#3207,.T.);
#3207 = EDGE_LOOP('',(#3208,#3209,#3215,#3216));
#3208 = ORIENTED_EDGE('',*,*,#3187,.T.);
#3209 = ORIENTED_EDGE('',*,*,#3210,.T.);
#3210 = EDGE_CURVE('',#3180,#2521,#3211,.T.);
#3211 = LINE('',#3212,#3213);
#3212 = CARTESIAN_POINT('',(59.033235915796,-109.0404067555,24.5162));
#3213 = VECTOR('',#3214,1.);
#3214 = DIRECTION('',(1.,0.,0.));
#3215 = ORIENTED_EDGE('',*,*,#2518,.F.);
#3216 = ORIENTED_EDGE('',*,*,#3217,.F.);
#3217 = EDGE_CURVE('',#3188,#2519,#3218,.T.);
#3218 = LINE('',#3219,#3220);
#3219 = CARTESIAN_POINT('',(59.033235915796,-109.0404067555,23.3162));
#3220 = VECTOR('',#3221,1.);
#3221 = DIRECTION('',(1.,0.,0.));
#3222 = PLANE('',#3223);
#3223 = AXIS2_PLACEMENT_3D('',#3224,#3225,#3226);
#3224 = CARTESIAN_POINT('',(59.033235915796,-109.0404067555,23.3162));
#3225 = DIRECTION('',(0.,1.,0.));
#3226 = DIRECTION('',(1.,0.,0.));
#3227 = ADVANCED_FACE('',(#3228),#3253,.T.);
#3228 = FACE_BOUND('',#3229,.T.);
#3229 = EDGE_LOOP('',(#3230,#3231,#3232,#3233,#3234,#3235,#3236,#3237,
    #3238,#3239,#3240,#3241,#3242,#3243,#3244,#3245,#3246,#3247,#3248,
    #3249,#3250,#3251,#3252));
#3230 = ORIENTED_EDGE('',*,*,#2544,.T.);
#3231 = ORIENTED_EDGE('',*,*,#2575,.T.);
#3232 = ORIENTED_EDGE('',*,*,#2606,.T.);
#3233 = ORIENTED_EDGE('',*,*,#2637,.T.);
#3234 = ORIENTED_EDGE('',*,*,#2668,.T.);
#3235 = ORIENTED_EDGE('',*,*,#2699,.T.);
#3236 = ORIENTED_EDGE('',*,*,#2730,.T.);
#3237 = ORIENTED_EDGE('',*,*,#2761,.T.);
#3238 = ORIENTED_EDGE('',*,*,#2792,.T.);
#3239 = ORIENTED_EDGE('',*,*,#2823,.T.);
#3240 = ORIENTED_EDGE('',*,*,#2854,.T.);
#3241 = ORIENTED_EDGE('',*,*,#2885,.T.);
#3242 = ORIENTED_EDGE('',*,*,#2916,.T.);
#3243 = ORIENTED_EDGE('',*,*,#2947,.T.);
#3244 = ORIENTED_EDGE('',*,*,#2978,.T.);
#3245 = ORIENTED_EDGE('',*,*,#3009,.T.);
#3246 = ORIENTED_EDGE('',*,*,#3040,.T.);
#3247 = ORIENTED_EDGE('',*,*,#3071,.T.);
#3248 = ORIENTED_EDGE('',*,*,#3102,.T.);
#3249 = ORIENTED_EDGE('',*,*,#3133,.T.);
#3250 = ORIENTED_EDGE('',*,*,#3164,.T.);
#3251 = ORIENTED_EDGE('',*,*,#3195,.T.);
#3252 = ORIENTED_EDGE('',*,*,#3217,.T.);
#3253 = PLANE('',#3254);
#3254 = AXIS2_PLACEMENT_3D('',#3255,#3256,#3257);
#3255 = CARTESIAN_POINT('',(61.207497380065,-108.1849668832,23.3162));
#3256 = DIRECTION('',(-0.,-0.,-1.));
#3257 = DIRECTION('',(-1.,0.,0.));
#3258 = ADVANCED_FACE('',(#3259),#3284,.F.);
#3259 = FACE_BOUND('',#3260,.F.);
#3260 = EDGE_LOOP('',(#3261,#3262,#3263,#3264,#3265,#3266,#3267,#3268,
    #3269,#3270,#3271,#3272,#3273,#3274,#3275,#3276,#3277,#3278,#3279,
    #3280,#3281,#3282,#3283));
#3261 = ORIENTED_EDGE('',*,*,#2528,.T.);
#3262 = ORIENTED_EDGE('',*,*,#2559,.T.);
#3263 = ORIENTED_EDGE('',*,*,#2590,.T.);
#3264 = ORIENTED_EDGE('',*,*,#2621,.T.);
#3265 = ORIENTED_EDGE('',*,*,#2652,.T.);
#3266 = ORIENTED_EDGE('',*,*,#2683,.T.);
#3267 = ORIENTED_EDGE('',*,*,#2714,.T.);
#3268 = ORIENTED_EDGE('',*,*,#2745,.T.);
#3269 = ORIENTED_EDGE('',*,*,#2776,.T.);
#3270 = ORIENTED_EDGE('',*,*,#2807,.T.);
#3271 = ORIENTED_EDGE('',*,*,#2838,.T.);
#3272 = ORIENTED_EDGE('',*,*,#2869,.T.);
#3273 = ORIENTED_EDGE('',*,*,#2900,.T.);
#3274 = ORIENTED_EDGE('',*,*,#2931,.T.);
#3275 = ORIENTED_EDGE('',*,*,#2962,.T.);
#3276 = ORIENTED_EDGE('',*,*,#2993,.T.);
#3277 = ORIENTED_EDGE('',*,*,#3024,.T.);
#3278 = ORIENTED_EDGE('',*,*,#3055,.T.);
#3279 = ORIENTED_EDGE('',*,*,#3086,.T.);
#3280 = ORIENTED_EDGE('',*,*,#3117,.T.);
#3281 = ORIENTED_EDGE('',*,*,#3148,.T.);
#3282 = ORIENTED_EDGE('',*,*,#3179,.T.);
#3283 = ORIENTED_EDGE('',*,*,#3210,.T.);
#3284 = PLANE('',#3285);
#3285 = AXIS2_PLACEMENT_3D('',#3286,#3287,#3288);
#3286 = CARTESIAN_POINT('',(61.207497380065,-108.1849668832,24.5162));
#3287 = DIRECTION('',(-0.,-0.,-1.));
#3288 = DIRECTION('',(-1.,0.,0.));
#3289 = MANIFOLD_SOLID_BREP('',#3290);
#3290 = CLOSED_SHELL('',(#3291,#3331,#3362,#3393,#3424,#3455,#3486,#3517
    ,#3548,#3579,#3610,#3641,#3672,#3703,#3734,#3756,#3779));
#3291 = ADVANCED_FACE('',(#3292),#3326,.T.);
#3292 = FACE_BOUND('',#3293,.T.);
#3293 = EDGE_LOOP('',(#3294,#3304,#3312,#3320));
#3294 = ORIENTED_EDGE('',*,*,#3295,.T.);
#3295 = EDGE_CURVE('',#3296,#3298,#3300,.T.);
#3296 = VERTEX_POINT('',#3297);
#3297 = CARTESIAN_POINT('',(64.570768381796,-102.4201799855,23.3162));
#3298 = VERTEX_POINT('',#3299);
#3299 = CARTESIAN_POINT('',(64.570768381796,-102.4201799855,24.5162));
#3300 = LINE('',#3301,#3302);
#3301 = CARTESIAN_POINT('',(64.570768381796,-102.4201799855,23.3162));
#3302 = VECTOR('',#3303,1.);
#3303 = DIRECTION('',(0.,0.,1.));
#3304 = ORIENTED_EDGE('',*,*,#3305,.T.);
#3305 = EDGE_CURVE('',#3298,#3306,#3308,.T.);
#3306 = VERTEX_POINT('',#3307);
#3307 = CARTESIAN_POINT('',(64.697647038628,-102.4655778948,24.5162));
#3308 = LINE('',#3309,#3310);
#3309 = CARTESIAN_POINT('',(64.570768381796,-102.4201799855,24.5162));
#3310 = VECTOR('',#3311,1.);
#3311 = DIRECTION('',(0.941544065183,-0.336889853392,0.));
#3312 = ORIENTED_EDGE('',*,*,#3313,.F.);
#3313 = EDGE_CURVE('',#3314,#3306,#3316,.T.);
#3314 = VERTEX_POINT('',#3315);
#3315 = CARTESIAN_POINT('',(64.697647038628,-102.4655778948,23.3162));
#3316 = LINE('',#3317,#3318);
#3317 = CARTESIAN_POINT('',(64.697647038628,-102.4655778948,23.3162));
#3318 = VECTOR('',#3319,1.);
#3319 = DIRECTION('',(0.,0.,1.));
#3320 = ORIENTED_EDGE('',*,*,#3321,.F.);
#3321 = EDGE_CURVE('',#3296,#3314,#3322,.T.);
#3322 = LINE('',#3323,#3324);
#3323 = CARTESIAN_POINT('',(64.570768381796,-102.4201799855,23.3162));
#3324 = VECTOR('',#3325,1.);
#3325 = DIRECTION('',(0.941544065183,-0.336889853392,0.));
#3326 = PLANE('',#3327);
#3327 = AXIS2_PLACEMENT_3D('',#3328,#3329,#3330);
#3328 = CARTESIAN_POINT('',(64.570768381796,-102.4201799855,23.3162));
#3329 = DIRECTION('',(0.336889853392,0.941544065183,-0.));
#3330 = DIRECTION('',(0.941544065183,-0.336889853392,0.));
#3331 = ADVANCED_FACE('',(#3332),#3357,.T.);
#3332 = FACE_BOUND('',#3333,.T.);
#3333 = EDGE_LOOP('',(#3334,#3335,#3343,#3351));
#3334 = ORIENTED_EDGE('',*,*,#3313,.T.);
#3335 = ORIENTED_EDGE('',*,*,#3336,.T.);
#3336 = EDGE_CURVE('',#3306,#3337,#3339,.T.);
#3337 = VERTEX_POINT('',#3338);
#3338 = CARTESIAN_POINT('',(64.76980532713,-102.6005765574,24.5162));
#3339 = LINE('',#3340,#3341);
#3340 = CARTESIAN_POINT('',(64.697647038628,-102.4655778948,24.5162));
#3341 = VECTOR('',#3342,1.);
#3342 = DIRECTION('',(0.471396736826,-0.881921264348,0.));
#3343 = ORIENTED_EDGE('',*,*,#3344,.F.);
#3344 = EDGE_CURVE('',#3345,#3337,#3347,.T.);
#3345 = VERTEX_POINT('',#3346);
#3346 = CARTESIAN_POINT('',(64.76980532713,-102.6005765574,23.3162));
#3347 = LINE('',#3348,#3349);
#3348 = CARTESIAN_POINT('',(64.76980532713,-102.6005765574,23.3162));
#3349 = VECTOR('',#3350,1.);
#3350 = DIRECTION('',(0.,0.,1.));
#3351 = ORIENTED_EDGE('',*,*,#3352,.F.);
#3352 = EDGE_CURVE('',#3314,#3345,#3353,.T.);
#3353 = LINE('',#3354,#3355);
#3354 = CARTESIAN_POINT('',(64.697647038628,-102.4655778948,23.3162));
#3355 = VECTOR('',#3356,1.);
#3356 = DIRECTION('',(0.471396736826,-0.881921264348,0.));
#3357 = PLANE('',#3358);
#3358 = AXIS2_PLACEMENT_3D('',#3359,#3360,#3361);
#3359 = CARTESIAN_POINT('',(64.697647038628,-102.4655778948,23.3162));
#3360 = DIRECTION('',(0.881921264348,0.471396736826,-0.));
#3361 = DIRECTION('',(0.471396736826,-0.881921264348,0.));
#3362 = ADVANCED_FACE('',(#3363),#3388,.T.);
#3363 = FACE_BOUND('',#3364,.T.);
#3364 = EDGE_LOOP('',(#3365,#3366,#3374,#3382));
#3365 = ORIENTED_EDGE('',*,*,#3344,.T.);
#3366 = ORIENTED_EDGE('',*,*,#3367,.T.);
#3367 = EDGE_CURVE('',#3337,#3368,#3370,.T.);
#3368 = VERTEX_POINT('',#3369);
#3369 = CARTESIAN_POINT('',(64.76980532713,-103.6695960335,24.5162));
#3370 = LINE('',#3371,#3372);
#3371 = CARTESIAN_POINT('',(64.76980532713,-102.6005765574,24.5162));
#3372 = VECTOR('',#3373,1.);
#3373 = DIRECTION('',(0.,-1.,0.));
#3374 = ORIENTED_EDGE('',*,*,#3375,.F.);
#3375 = EDGE_CURVE('',#3376,#3368,#3378,.T.);
#3376 = VERTEX_POINT('',#3377);
#3377 = CARTESIAN_POINT('',(64.76980532713,-103.6695960335,23.3162));
#3378 = LINE('',#3379,#3380);
#3379 = CARTESIAN_POINT('',(64.76980532713,-103.6695960335,23.3162));
#3380 = VECTOR('',#3381,1.);
#3381 = DIRECTION('',(0.,0.,1.));
#3382 = ORIENTED_EDGE('',*,*,#3383,.F.);
#3383 = EDGE_CURVE('',#3345,#3376,#3384,.T.);
#3384 = LINE('',#3385,#3386);
#3385 = CARTESIAN_POINT('',(64.76980532713,-102.6005765574,23.3162));
#3386 = VECTOR('',#3387,1.);
#3387 = DIRECTION('',(0.,-1.,0.));
#3388 = PLANE('',#3389);
#3389 = AXIS2_PLACEMENT_3D('',#3390,#3391,#3392);
#3390 = CARTESIAN_POINT('',(64.76980532713,-102.6005765574,23.3162));
#3391 = DIRECTION('',(1.,0.,-0.));
#3392 = DIRECTION('',(0.,-1.,0.));
#3393 = ADVANCED_FACE('',(#3394),#3419,.T.);
#3394 = FACE_BOUND('',#3395,.T.);
#3395 = EDGE_LOOP('',(#3396,#3397,#3405,#3413));
#3396 = ORIENTED_EDGE('',*,*,#3375,.T.);
#3397 = ORIENTED_EDGE('',*,*,#3398,.T.);
#3398 = EDGE_CURVE('',#3368,#3399,#3401,.T.);
#3399 = VERTEX_POINT('',#3400);
#3400 = CARTESIAN_POINT('',(64.665047729161,-103.8263768583,24.5162));
#3401 = LINE('',#3402,#3403);
#3402 = CARTESIAN_POINT('',(64.76980532713,-103.6695960335,24.5162));
#3403 = VECTOR('',#3404,1.);
#3404 = DIRECTION('',(-0.55557023302,-0.831469612303,0.));
#3405 = ORIENTED_EDGE('',*,*,#3406,.F.);
#3406 = EDGE_CURVE('',#3407,#3399,#3409,.T.);
#3407 = VERTEX_POINT('',#3408);
#3408 = CARTESIAN_POINT('',(64.665047729161,-103.8263768583,23.3162));
#3409 = LINE('',#3410,#3411);
#3410 = CARTESIAN_POINT('',(64.665047729161,-103.8263768583,23.3162));
#3411 = VECTOR('',#3412,1.);
#3412 = DIRECTION('',(0.,0.,1.));
#3413 = ORIENTED_EDGE('',*,*,#3414,.F.);
#3414 = EDGE_CURVE('',#3376,#3407,#3415,.T.);
#3415 = LINE('',#3416,#3417);
#3416 = CARTESIAN_POINT('',(64.76980532713,-103.6695960335,23.3162));
#3417 = VECTOR('',#3418,1.);
#3418 = DIRECTION('',(-0.55557023302,-0.831469612303,0.));
#3419 = PLANE('',#3420);
#3420 = AXIS2_PLACEMENT_3D('',#3421,#3422,#3423);
#3421 = CARTESIAN_POINT('',(64.76980532713,-103.6695960335,23.3162));
#3422 = DIRECTION('',(0.831469612303,-0.55557023302,0.));
#3423 = DIRECTION('',(-0.55557023302,-0.831469612303,0.));
#3424 = ADVANCED_FACE('',(#3425),#3450,.T.);
#3425 = FACE_BOUND('',#3426,.T.);
#3426 = EDGE_LOOP('',(#3427,#3428,#3436,#3444));
#3427 = ORIENTED_EDGE('',*,*,#3406,.T.);
#3428 = ORIENTED_EDGE('',*,*,#3429,.T.);
#3429 = EDGE_CURVE('',#3399,#3430,#3432,.T.);
#3430 = VERTEX_POINT('',#3431);
#3431 = CARTESIAN_POINT('',(59.033235915796,-103.8499926055,24.5162));
#3432 = LINE('',#3433,#3434);
#3433 = CARTESIAN_POINT('',(64.665047729161,-103.8263768583,24.5162));
#3434 = VECTOR('',#3435,1.);
#3435 = DIRECTION('',(-0.99999120833,-4.193240166942E-03,0.));
#3436 = ORIENTED_EDGE('',*,*,#3437,.F.);
#3437 = EDGE_CURVE('',#3438,#3430,#3440,.T.);
#3438 = VERTEX_POINT('',#3439);
#3439 = CARTESIAN_POINT('',(59.033235915796,-103.8499926055,23.3162));
#3440 = LINE('',#3441,#3442);
#3441 = CARTESIAN_POINT('',(59.033235915796,-103.8499926055,23.3162));
#3442 = VECTOR('',#3443,1.);
#3443 = DIRECTION('',(0.,0.,1.));
#3444 = ORIENTED_EDGE('',*,*,#3445,.F.);
#3445 = EDGE_CURVE('',#3407,#3438,#3446,.T.);
#3446 = LINE('',#3447,#3448);
#3447 = CARTESIAN_POINT('',(64.665047729161,-103.8263768583,23.3162));
#3448 = VECTOR('',#3449,1.);
#3449 = DIRECTION('',(-0.99999120833,-4.193240166942E-03,0.));
#3450 = PLANE('',#3451);
#3451 = AXIS2_PLACEMENT_3D('',#3452,#3453,#3454);
#3452 = CARTESIAN_POINT('',(64.665047729161,-103.8263768583,23.3162));
#3453 = DIRECTION('',(4.193240166942E-03,-0.99999120833,0.));
#3454 = DIRECTION('',(-0.99999120833,-4.193240166942E-03,0.));
#3455 = ADVANCED_FACE('',(#3456),#3481,.T.);
#3456 = FACE_BOUND('',#3457,.T.);
#3457 = EDGE_LOOP('',(#3458,#3459,#3467,#3475));
#3458 = ORIENTED_EDGE('',*,*,#3437,.T.);
#3459 = ORIENTED_EDGE('',*,*,#3460,.T.);
#3460 = EDGE_CURVE('',#3430,#3461,#3463,.T.);
#3461 = VERTEX_POINT('',#3462);
#3462 = CARTESIAN_POINT('',(58.999529838256,-105.8207318921,24.5162));
#3463 = LINE('',#3464,#3465);
#3464 = CARTESIAN_POINT('',(59.033235915796,-103.8499926055,24.5162));
#3465 = VECTOR('',#3466,1.);
#3466 = DIRECTION('',(-1.710076465741E-02,-0.999853771233,0.));
#3467 = ORIENTED_EDGE('',*,*,#3468,.F.);
#3468 = EDGE_CURVE('',#3469,#3461,#3471,.T.);
#3469 = VERTEX_POINT('',#3470);
#3470 = CARTESIAN_POINT('',(58.999529838256,-105.8207318921,23.3162));
#3471 = LINE('',#3472,#3473);
#3472 = CARTESIAN_POINT('',(58.999529838256,-105.8207318921,23.3162));
#3473 = VECTOR('',#3474,1.);
#3474 = DIRECTION('',(0.,0.,1.));
#3475 = ORIENTED_EDGE('',*,*,#3476,.F.);
#3476 = EDGE_CURVE('',#3438,#3469,#3477,.T.);
#3477 = LINE('',#3478,#3479);
#3478 = CARTESIAN_POINT('',(59.033235915796,-103.8499926055,23.3162));
#3479 = VECTOR('',#3480,1.);
#3480 = DIRECTION('',(-1.710076465741E-02,-0.999853771233,0.));
#3481 = PLANE('',#3482);
#3482 = AXIS2_PLACEMENT_3D('',#3483,#3484,#3485);
#3483 = CARTESIAN_POINT('',(59.033235915796,-103.8499926055,23.3162));
#3484 = DIRECTION('',(0.999853771233,-1.710076465741E-02,0.));
#3485 = DIRECTION('',(-1.710076465741E-02,-0.999853771233,0.));
#3486 = ADVANCED_FACE('',(#3487),#3512,.T.);
#3487 = FACE_BOUND('',#3488,.T.);
#3488 = EDGE_LOOP('',(#3489,#3490,#3498,#3506));
#3489 = ORIENTED_EDGE('',*,*,#3468,.T.);
#3490 = ORIENTED_EDGE('',*,*,#3491,.T.);
#3491 = EDGE_CURVE('',#3461,#3492,#3494,.T.);
#3492 = VERTEX_POINT('',#3493);
#3493 = CARTESIAN_POINT('',(58.852839343862,-105.9086547908,24.5162));
#3494 = LINE('',#3495,#3496);
#3495 = CARTESIAN_POINT('',(58.999529838256,-105.8207318921,24.5162));
#3496 = VECTOR('',#3497,1.);
#3497 = DIRECTION('',(-0.85772861,-0.514102744193,0.));
#3498 = ORIENTED_EDGE('',*,*,#3499,.F.);
#3499 = EDGE_CURVE('',#3500,#3492,#3502,.T.);
#3500 = VERTEX_POINT('',#3501);
#3501 = CARTESIAN_POINT('',(58.852839343862,-105.9086547908,23.3162));
#3502 = LINE('',#3503,#3504);
#3503 = CARTESIAN_POINT('',(58.852839343862,-105.9086547908,23.3162));
#3504 = VECTOR('',#3505,1.);
#3505 = DIRECTION('',(0.,0.,1.));
#3506 = ORIENTED_EDGE('',*,*,#3507,.F.);
#3507 = EDGE_CURVE('',#3469,#3500,#3508,.T.);
#3508 = LINE('',#3509,#3510);
#3509 = CARTESIAN_POINT('',(58.999529838256,-105.8207318921,23.3162));
#3510 = VECTOR('',#3511,1.);
#3511 = DIRECTION('',(-0.85772861,-0.514102744193,0.));
#3512 = PLANE('',#3513);
#3513 = AXIS2_PLACEMENT_3D('',#3514,#3515,#3516);
#3514 = CARTESIAN_POINT('',(58.999529838256,-105.8207318921,23.3162));
#3515 = DIRECTION('',(0.514102744193,-0.85772861,0.));
#3516 = DIRECTION('',(-0.85772861,-0.514102744193,0.));
#3517 = ADVANCED_FACE('',(#3518),#3543,.T.);
#3518 = FACE_BOUND('',#3519,.T.);
#3519 = EDGE_LOOP('',(#3520,#3521,#3529,#3537));
#3520 = ORIENTED_EDGE('',*,*,#3499,.T.);
#3521 = ORIENTED_EDGE('',*,*,#3522,.T.);
#3522 = EDGE_CURVE('',#3492,#3523,#3525,.T.);
#3523 = VERTEX_POINT('',#3524);
#3524 = CARTESIAN_POINT('',(57.803423295796,-105.9096178455,24.5162));
#3525 = LINE('',#3526,#3527);
#3526 = CARTESIAN_POINT('',(58.852839343862,-105.9086547908,24.5162));
#3527 = VECTOR('',#3528,1.);
#3528 = DIRECTION('',(-0.999999578909,-9.177049100807E-04,0.));
#3529 = ORIENTED_EDGE('',*,*,#3530,.F.);
#3530 = EDGE_CURVE('',#3531,#3523,#3533,.T.);
#3531 = VERTEX_POINT('',#3532);
#3532 = CARTESIAN_POINT('',(57.803423295796,-105.9096178455,23.3162));
#3533 = LINE('',#3534,#3535);
#3534 = CARTESIAN_POINT('',(57.803423295796,-105.9096178455,23.3162));
#3535 = VECTOR('',#3536,1.);
#3536 = DIRECTION('',(0.,0.,1.));
#3537 = ORIENTED_EDGE('',*,*,#3538,.F.);
#3538 = EDGE_CURVE('',#3500,#3531,#3539,.T.);
#3539 = LINE('',#3540,#3541);
#3540 = CARTESIAN_POINT('',(58.852839343862,-105.9086547908,23.3162));
#3541 = VECTOR('',#3542,1.);
#3542 = DIRECTION('',(-0.999999578909,-9.177049100807E-04,0.));
#3543 = PLANE('',#3544);
#3544 = AXIS2_PLACEMENT_3D('',#3545,#3546,#3547);
#3545 = CARTESIAN_POINT('',(58.852839343862,-105.9086547908,23.3162));
#3546 = DIRECTION('',(9.177049100807E-04,-0.999999578909,0.));
#3547 = DIRECTION('',(-0.999999578909,-9.177049100807E-04,0.));
#3548 = ADVANCED_FACE('',(#3549),#3574,.T.);
#3549 = FACE_BOUND('',#3550,.T.);
#3550 = EDGE_LOOP('',(#3551,#3552,#3560,#3568));
#3551 = ORIENTED_EDGE('',*,*,#3530,.T.);
#3552 = ORIENTED_EDGE('',*,*,#3553,.T.);
#3553 = EDGE_CURVE('',#3523,#3554,#3556,.T.);
#3554 = VERTEX_POINT('',#3555);
#3555 = CARTESIAN_POINT('',(57.627039042926,-105.8038971928,24.5162));
#3556 = LINE('',#3557,#3558);
#3557 = CARTESIAN_POINT('',(57.803423295796,-105.9096178455,24.5162));
#3558 = VECTOR('',#3559,1.);
#3559 = DIRECTION('',(-0.85772861,0.514102744193,0.));
#3560 = ORIENTED_EDGE('',*,*,#3561,.F.);
#3561 = EDGE_CURVE('',#3562,#3554,#3564,.T.);
#3562 = VERTEX_POINT('',#3563);
#3563 = CARTESIAN_POINT('',(57.627039042926,-105.8038971928,23.3162));
#3564 = LINE('',#3565,#3566);
#3565 = CARTESIAN_POINT('',(57.627039042926,-105.8038971928,23.3162));
#3566 = VECTOR('',#3567,1.);
#3567 = DIRECTION('',(0.,0.,1.));
#3568 = ORIENTED_EDGE('',*,*,#3569,.F.);
#3569 = EDGE_CURVE('',#3531,#3562,#3570,.T.);
#3570 = LINE('',#3571,#3572);
#3571 = CARTESIAN_POINT('',(57.803423295796,-105.9096178455,23.3162));
#3572 = VECTOR('',#3573,1.);
#3573 = DIRECTION('',(-0.85772861,0.514102744193,0.));
#3574 = PLANE('',#3575);
#3575 = AXIS2_PLACEMENT_3D('',#3576,#3577,#3578);
#3576 = CARTESIAN_POINT('',(57.803423295796,-105.9096178455,23.3162));
#3577 = DIRECTION('',(-0.514102744193,-0.85772861,0.));
#3578 = DIRECTION('',(-0.85772861,0.514102744193,0.));
#3579 = ADVANCED_FACE('',(#3580),#3605,.T.);
#3580 = FACE_BOUND('',#3581,.T.);
#3581 = EDGE_LOOP('',(#3582,#3583,#3591,#3599));
#3582 = ORIENTED_EDGE('',*,*,#3561,.T.);
#3583 = ORIENTED_EDGE('',*,*,#3584,.T.);
#3584 = EDGE_CURVE('',#3554,#3585,#3587,.T.);
#3585 = VERTEX_POINT('',#3586);
#3586 = CARTESIAN_POINT('',(57.603423295796,-100.5605508475,24.5162));
#3587 = LINE('',#3588,#3589);
#3588 = CARTESIAN_POINT('',(57.627039042926,-105.8038971928,24.5162));
#3589 = VECTOR('',#3590,1.);
#3590 = DIRECTION('',(-4.503900000028E-03,0.999989857391,0.));
#3591 = ORIENTED_EDGE('',*,*,#3592,.F.);
#3592 = EDGE_CURVE('',#3593,#3585,#3595,.T.);
#3593 = VERTEX_POINT('',#3594);
#3594 = CARTESIAN_POINT('',(57.603423295796,-100.5605508475,23.3162));
#3595 = LINE('',#3596,#3597);
#3596 = CARTESIAN_POINT('',(57.603423295796,-100.5605508475,23.3162));
#3597 = VECTOR('',#3598,1.);
#3598 = DIRECTION('',(0.,0.,1.));
#3599 = ORIENTED_EDGE('',*,*,#3600,.F.);
#3600 = EDGE_CURVE('',#3562,#3593,#3601,.T.);
#3601 = LINE('',#3602,#3603);
#3602 = CARTESIAN_POINT('',(57.627039042926,-105.8038971928,23.3162));
#3603 = VECTOR('',#3604,1.);
#3604 = DIRECTION('',(-4.503900000028E-03,0.999989857391,0.));
#3605 = PLANE('',#3606);
#3606 = AXIS2_PLACEMENT_3D('',#3607,#3608,#3609);
#3607 = CARTESIAN_POINT('',(57.627039042926,-105.8038971928,23.3162));
#3608 = DIRECTION('',(-0.999989857391,-4.503900000028E-03,0.));
#3609 = DIRECTION('',(-4.503900000028E-03,0.999989857391,0.));
#3610 = ADVANCED_FACE('',(#3611),#3636,.T.);
#3611 = FACE_BOUND('',#3612,.T.);
#3612 = EDGE_LOOP('',(#3613,#3614,#3622,#3630));
#3613 = ORIENTED_EDGE('',*,*,#3592,.T.);
#3614 = ORIENTED_EDGE('',*,*,#3615,.T.);
#3615 = EDGE_CURVE('',#3585,#3616,#3618,.T.);
#3616 = VERTEX_POINT('',#3617);
#3617 = CARTESIAN_POINT('',(57.70914394843,-100.3841665946,24.5162));
#3618 = LINE('',#3619,#3620);
#3619 = CARTESIAN_POINT('',(57.603423295796,-100.5605508475,24.5162));
#3620 = VECTOR('',#3621,1.);
#3621 = DIRECTION('',(0.514102744193,0.85772861,0.));
#3622 = ORIENTED_EDGE('',*,*,#3623,.F.);
#3623 = EDGE_CURVE('',#3624,#3616,#3626,.T.);
#3624 = VERTEX_POINT('',#3625);
#3625 = CARTESIAN_POINT('',(57.70914394843,-100.3841665946,23.3162));
#3626 = LINE('',#3627,#3628);
#3627 = CARTESIAN_POINT('',(57.70914394843,-100.3841665946,23.3162));
#3628 = VECTOR('',#3629,1.);
#3629 = DIRECTION('',(0.,0.,1.));
#3630 = ORIENTED_EDGE('',*,*,#3631,.F.);
#3631 = EDGE_CURVE('',#3593,#3624,#3632,.T.);
#3632 = LINE('',#3633,#3634);
#3633 = CARTESIAN_POINT('',(57.603423295796,-100.5605508475,23.3162));
#3634 = VECTOR('',#3635,1.);
#3635 = DIRECTION('',(0.514102744193,0.85772861,0.));
#3636 = PLANE('',#3637);
#3637 = AXIS2_PLACEMENT_3D('',#3638,#3639,#3640);
#3638 = CARTESIAN_POINT('',(57.603423295796,-100.5605508475,23.3162));
#3639 = DIRECTION('',(-0.85772861,0.514102744193,0.));
#3640 = DIRECTION('',(0.514102744193,0.85772861,0.));
#3641 = ADVANCED_FACE('',(#3642),#3667,.T.);
#3642 = FACE_BOUND('',#3643,.T.);
#3643 = EDGE_LOOP('',(#3644,#3645,#3653,#3661));
#3644 = ORIENTED_EDGE('',*,*,#3623,.T.);
#3645 = ORIENTED_EDGE('',*,*,#3646,.T.);
#3646 = EDGE_CURVE('',#3616,#3647,#3649,.T.);
#3647 = VERTEX_POINT('',#3648);
#3648 = CARTESIAN_POINT('',(58.852839343862,-100.3615139021,24.5162));
#3649 = LINE('',#3650,#3651);
#3650 = CARTESIAN_POINT('',(57.70914394843,-100.3841665946,24.5162));
#3651 = VECTOR('',#3652,1.);
#3652 = DIRECTION('',(0.99980390742,1.980269443276E-02,0.));
#3653 = ORIENTED_EDGE('',*,*,#3654,.F.);
#3654 = EDGE_CURVE('',#3655,#3647,#3657,.T.);
#3655 = VERTEX_POINT('',#3656);
#3656 = CARTESIAN_POINT('',(58.852839343862,-100.3615139021,23.3162));
#3657 = LINE('',#3658,#3659);
#3658 = CARTESIAN_POINT('',(58.852839343862,-100.3615139021,23.3162));
#3659 = VECTOR('',#3660,1.);
#3660 = DIRECTION('',(0.,0.,1.));
#3661 = ORIENTED_EDGE('',*,*,#3662,.F.);
#3662 = EDGE_CURVE('',#3624,#3655,#3663,.T.);
#3663 = LINE('',#3664,#3665);
#3664 = CARTESIAN_POINT('',(57.70914394843,-100.3841665946,23.3162));
#3665 = VECTOR('',#3666,1.);
#3666 = DIRECTION('',(0.99980390742,1.980269443276E-02,0.));
#3667 = PLANE('',#3668);
#3668 = AXIS2_PLACEMENT_3D('',#3669,#3670,#3671);
#3669 = CARTESIAN_POINT('',(57.70914394843,-100.3841665946,23.3162));
#3670 = DIRECTION('',(-1.980269443276E-02,0.99980390742,0.));
#3671 = DIRECTION('',(0.99980390742,1.980269443276E-02,0.));
#3672 = ADVANCED_FACE('',(#3673),#3698,.T.);
#3673 = FACE_BOUND('',#3674,.T.);
#3674 = EDGE_LOOP('',(#3675,#3676,#3684,#3692));
#3675 = ORIENTED_EDGE('',*,*,#3654,.T.);
#3676 = ORIENTED_EDGE('',*,*,#3677,.T.);
#3677 = EDGE_CURVE('',#3647,#3678,#3680,.T.);
#3678 = VERTEX_POINT('',#3679);
#3679 = CARTESIAN_POINT('',(58.999529838256,-100.4494368009,24.5162));
#3680 = LINE('',#3681,#3682);
#3681 = CARTESIAN_POINT('',(58.852839343862,-100.3615139021,24.5162));
#3682 = VECTOR('',#3683,1.);
#3683 = DIRECTION('',(0.85772861,-0.514102744193,0.));
#3684 = ORIENTED_EDGE('',*,*,#3685,.F.);
#3685 = EDGE_CURVE('',#3686,#3678,#3688,.T.);
#3686 = VERTEX_POINT('',#3687);
#3687 = CARTESIAN_POINT('',(58.999529838256,-100.4494368009,23.3162));
#3688 = LINE('',#3689,#3690);
#3689 = CARTESIAN_POINT('',(58.999529838256,-100.4494368009,23.3162));
#3690 = VECTOR('',#3691,1.);
#3691 = DIRECTION('',(0.,0.,1.));
#3692 = ORIENTED_EDGE('',*,*,#3693,.F.);
#3693 = EDGE_CURVE('',#3655,#3686,#3694,.T.);
#3694 = LINE('',#3695,#3696);
#3695 = CARTESIAN_POINT('',(58.852839343862,-100.3615139021,23.3162));
#3696 = VECTOR('',#3697,1.);
#3697 = DIRECTION('',(0.85772861,-0.514102744193,0.));
#3698 = PLANE('',#3699);
#3699 = AXIS2_PLACEMENT_3D('',#3700,#3701,#3702);
#3700 = CARTESIAN_POINT('',(58.852839343862,-100.3615139021,23.3162));
#3701 = DIRECTION('',(0.514102744193,0.85772861,-0.));
#3702 = DIRECTION('',(0.85772861,-0.514102744193,0.));
#3703 = ADVANCED_FACE('',(#3704),#3729,.T.);
#3704 = FACE_BOUND('',#3705,.T.);
#3705 = EDGE_LOOP('',(#3706,#3707,#3715,#3723));
#3706 = ORIENTED_EDGE('',*,*,#3685,.T.);
#3707 = ORIENTED_EDGE('',*,*,#3708,.T.);
#3708 = EDGE_CURVE('',#3678,#3709,#3711,.T.);
#3709 = VERTEX_POINT('',#3710);
#3710 = CARTESIAN_POINT('',(59.033235915796,-102.4201799855,24.5162));
#3711 = LINE('',#3712,#3713);
#3712 = CARTESIAN_POINT('',(58.999529838256,-100.4494368009,24.5162));
#3713 = VECTOR('',#3714,1.);
#3714 = DIRECTION('',(1.710073084311E-02,-0.999853771811,0.));
#3715 = ORIENTED_EDGE('',*,*,#3716,.F.);
#3716 = EDGE_CURVE('',#3717,#3709,#3719,.T.);
#3717 = VERTEX_POINT('',#3718);
#3718 = CARTESIAN_POINT('',(59.033235915796,-102.4201799855,23.3162));
#3719 = LINE('',#3720,#3721);
#3720 = CARTESIAN_POINT('',(59.033235915796,-102.4201799855,23.3162));
#3721 = VECTOR('',#3722,1.);
#3722 = DIRECTION('',(0.,0.,1.));
#3723 = ORIENTED_EDGE('',*,*,#3724,.F.);
#3724 = EDGE_CURVE('',#3686,#3717,#3725,.T.);
#3725 = LINE('',#3726,#3727);
#3726 = CARTESIAN_POINT('',(58.999529838256,-100.4494368009,23.3162));
#3727 = VECTOR('',#3728,1.);
#3728 = DIRECTION('',(1.710073084311E-02,-0.999853771811,0.));
#3729 = PLANE('',#3730);
#3730 = AXIS2_PLACEMENT_3D('',#3731,#3732,#3733);
#3731 = CARTESIAN_POINT('',(58.999529838256,-100.4494368009,23.3162));
#3732 = DIRECTION('',(0.999853771811,1.710073084311E-02,-0.));
#3733 = DIRECTION('',(1.710073084311E-02,-0.999853771811,0.));
#3734 = ADVANCED_FACE('',(#3735),#3751,.T.);
#3735 = FACE_BOUND('',#3736,.T.);
#3736 = EDGE_LOOP('',(#3737,#3738,#3744,#3745));
#3737 = ORIENTED_EDGE('',*,*,#3716,.T.);
#3738 = ORIENTED_EDGE('',*,*,#3739,.T.);
#3739 = EDGE_CURVE('',#3709,#3298,#3740,.T.);
#3740 = LINE('',#3741,#3742);
#3741 = CARTESIAN_POINT('',(59.033235915796,-102.4201799855,24.5162));
#3742 = VECTOR('',#3743,1.);
#3743 = DIRECTION('',(1.,0.,0.));
#3744 = ORIENTED_EDGE('',*,*,#3295,.F.);
#3745 = ORIENTED_EDGE('',*,*,#3746,.F.);
#3746 = EDGE_CURVE('',#3717,#3296,#3747,.T.);
#3747 = LINE('',#3748,#3749);
#3748 = CARTESIAN_POINT('',(59.033235915796,-102.4201799855,23.3162));
#3749 = VECTOR('',#3750,1.);
#3750 = DIRECTION('',(1.,0.,0.));
#3751 = PLANE('',#3752);
#3752 = AXIS2_PLACEMENT_3D('',#3753,#3754,#3755);
#3753 = CARTESIAN_POINT('',(59.033235915796,-102.4201799855,23.3162));
#3754 = DIRECTION('',(0.,1.,0.));
#3755 = DIRECTION('',(1.,0.,0.));
#3756 = ADVANCED_FACE('',(#3757),#3774,.T.);
#3757 = FACE_BOUND('',#3758,.T.);
#3758 = EDGE_LOOP('',(#3759,#3760,#3761,#3762,#3763,#3764,#3765,#3766,
    #3767,#3768,#3769,#3770,#3771,#3772,#3773));
#3759 = ORIENTED_EDGE('',*,*,#3321,.T.);
#3760 = ORIENTED_EDGE('',*,*,#3352,.T.);
#3761 = ORIENTED_EDGE('',*,*,#3383,.T.);
#3762 = ORIENTED_EDGE('',*,*,#3414,.T.);
#3763 = ORIENTED_EDGE('',*,*,#3445,.T.);
#3764 = ORIENTED_EDGE('',*,*,#3476,.T.);
#3765 = ORIENTED_EDGE('',*,*,#3507,.T.);
#3766 = ORIENTED_EDGE('',*,*,#3538,.T.);
#3767 = ORIENTED_EDGE('',*,*,#3569,.T.);
#3768 = ORIENTED_EDGE('',*,*,#3600,.T.);
#3769 = ORIENTED_EDGE('',*,*,#3631,.T.);
#3770 = ORIENTED_EDGE('',*,*,#3662,.T.);
#3771 = ORIENTED_EDGE('',*,*,#3693,.T.);
#3772 = ORIENTED_EDGE('',*,*,#3724,.T.);
#3773 = ORIENTED_EDGE('',*,*,#3746,.T.);
#3774 = PLANE('',#3775);
#3775 = AXIS2_PLACEMENT_3D('',#3776,#3777,#3778);
#3776 = CARTESIAN_POINT('',(60.253899103834,-103.1327395741,23.3162));
#3777 = DIRECTION('',(-0.,-0.,-1.));
#3778 = DIRECTION('',(-1.,0.,0.));
#3779 = ADVANCED_FACE('',(#3780),#3797,.F.);
#3780 = FACE_BOUND('',#3781,.F.);
#3781 = EDGE_LOOP('',(#3782,#3783,#3784,#3785,#3786,#3787,#3788,#3789,
    #3790,#3791,#3792,#3793,#3794,#3795,#3796));
#3782 = ORIENTED_EDGE('',*,*,#3305,.T.);
#3783 = ORIENTED_EDGE('',*,*,#3336,.T.);
#3784 = ORIENTED_EDGE('',*,*,#3367,.T.);
#3785 = ORIENTED_EDGE('',*,*,#3398,.T.);
#3786 = ORIENTED_EDGE('',*,*,#3429,.T.);
#3787 = ORIENTED_EDGE('',*,*,#3460,.T.);
#3788 = ORIENTED_EDGE('',*,*,#3491,.T.);
#3789 = ORIENTED_EDGE('',*,*,#3522,.T.);
#3790 = ORIENTED_EDGE('',*,*,#3553,.T.);
#3791 = ORIENTED_EDGE('',*,*,#3584,.T.);
#3792 = ORIENTED_EDGE('',*,*,#3615,.T.);
#3793 = ORIENTED_EDGE('',*,*,#3646,.T.);
#3794 = ORIENTED_EDGE('',*,*,#3677,.T.);
#3795 = ORIENTED_EDGE('',*,*,#3708,.T.);
#3796 = ORIENTED_EDGE('',*,*,#3739,.T.);
#3797 = PLANE('',#3798);
#3798 = AXIS2_PLACEMENT_3D('',#3799,#3800,#3801);
#3799 = CARTESIAN_POINT('',(60.253899103834,-103.1327395741,24.5162));
#3800 = DIRECTION('',(-0.,-0.,-1.));
#3801 = DIRECTION('',(-1.,0.,0.));
#3802 = MANIFOLD_SOLID_BREP('',#3803);
#3803 = CLOSED_SHELL('',(#3804,#3844,#3875,#3906,#3937,#3968,#3999,#4030
    ,#4061,#4092,#4123,#4154,#4185,#4216,#4247,#4278,#4309,#4340,#4371,
    #4402,#4433,#4464,#4495,#4526,#4557,#4588,#4619,#4650,#4681,#4712,
    #4743,#4774,#4805,#4836,#4867,#4898,#4929,#4960,#4991,#5022,#5053,
    #5084,#5115,#5146,#5177,#5208,#5239,#5270,#5301,#5332,#5363,#5394,
    #5425,#5456,#5487,#5518,#5549,#5580,#5611,#5633,#5700));
#3804 = ADVANCED_FACE('',(#3805),#3839,.T.);
#3805 = FACE_BOUND('',#3806,.T.);
#3806 = EDGE_LOOP('',(#3807,#3817,#3825,#3833));
#3807 = ORIENTED_EDGE('',*,*,#3808,.T.);
#3808 = EDGE_CURVE('',#3809,#3811,#3813,.T.);
#3809 = VERTEX_POINT('',#3810);
#3810 = CARTESIAN_POINT('',(59.621211186188,-94.55112756288,23.3162));
#3811 = VERTEX_POINT('',#3812);
#3812 = CARTESIAN_POINT('',(59.621211186188,-94.55112756288,24.5162));
#3813 = LINE('',#3814,#3815);
#3814 = CARTESIAN_POINT('',(59.621211186188,-94.55112756288,23.3162));
#3815 = VECTOR('',#3816,1.);
#3816 = DIRECTION('',(0.,0.,1.));
#3817 = ORIENTED_EDGE('',*,*,#3818,.T.);
#3818 = EDGE_CURVE('',#3811,#3819,#3821,.T.);
#3819 = VERTEX_POINT('',#3820);
#3820 = CARTESIAN_POINT('',(59.80058690219,-94.59844014334,24.5162));
#3821 = LINE('',#3822,#3823);
#3822 = CARTESIAN_POINT('',(59.621211186188,-94.55112756288,24.5162));
#3823 = VECTOR('',#3824,1.);
#3824 = DIRECTION('',(0.966930510784,-0.255039971993,0.));
#3825 = ORIENTED_EDGE('',*,*,#3826,.F.);
#3826 = EDGE_CURVE('',#3827,#3819,#3829,.T.);
#3827 = VERTEX_POINT('',#3828);
#3828 = CARTESIAN_POINT('',(59.80058690219,-94.59844014334,23.3162));
#3829 = LINE('',#3830,#3831);
#3830 = CARTESIAN_POINT('',(59.80058690219,-94.59844014334,23.3162));
#3831 = VECTOR('',#3832,1.);
#3832 = DIRECTION('',(0.,0.,1.));
#3833 = ORIENTED_EDGE('',*,*,#3834,.F.);
#3834 = EDGE_CURVE('',#3809,#3827,#3835,.T.);
#3835 = LINE('',#3836,#3837);
#3836 = CARTESIAN_POINT('',(59.621211186188,-94.55112756288,23.3162));
#3837 = VECTOR('',#3838,1.);
#3838 = DIRECTION('',(0.966930510784,-0.255039971993,0.));
#3839 = PLANE('',#3840);
#3840 = AXIS2_PLACEMENT_3D('',#3841,#3842,#3843);
#3841 = CARTESIAN_POINT('',(59.621211186188,-94.55112756288,23.3162));
#3842 = DIRECTION('',(0.255039971993,0.966930510784,-0.));
#3843 = DIRECTION('',(0.966930510784,-0.255039971993,0.));
#3844 = ADVANCED_FACE('',(#3845),#3870,.T.);
#3845 = FACE_BOUND('',#3846,.T.);
#3846 = EDGE_LOOP('',(#3847,#3848,#3856,#3864));
#3847 = ORIENTED_EDGE('',*,*,#3826,.T.);
#3848 = ORIENTED_EDGE('',*,*,#3849,.T.);
#3849 = EDGE_CURVE('',#3819,#3850,#3852,.T.);
#3850 = VERTEX_POINT('',#3851);
#3851 = CARTESIAN_POINT('',(59.860427918484,-94.79176892189,24.5162));
#3852 = LINE('',#3853,#3854);
#3853 = CARTESIAN_POINT('',(59.80058690219,-94.59844014334,24.5162));
#3854 = VECTOR('',#3855,1.);
#3855 = DIRECTION('',(0.295688941944,-0.955284276858,0.));
#3856 = ORIENTED_EDGE('',*,*,#3857,.F.);
#3857 = EDGE_CURVE('',#3858,#3850,#3860,.T.);
#3858 = VERTEX_POINT('',#3859);
#3859 = CARTESIAN_POINT('',(59.860427918484,-94.79176892189,23.3162));
#3860 = LINE('',#3861,#3862);
#3861 = CARTESIAN_POINT('',(59.860427918484,-94.79176892189,23.3162));
#3862 = VECTOR('',#3863,1.);
#3863 = DIRECTION('',(0.,0.,1.));
#3864 = ORIENTED_EDGE('',*,*,#3865,.F.);
#3865 = EDGE_CURVE('',#3827,#3858,#3866,.T.);
#3866 = LINE('',#3867,#3868);
#3867 = CARTESIAN_POINT('',(59.80058690219,-94.59844014334,23.3162));
#3868 = VECTOR('',#3869,1.);
#3869 = DIRECTION('',(0.295688941944,-0.955284276858,0.));
#3870 = PLANE('',#3871);
#3871 = AXIS2_PLACEMENT_3D('',#3872,#3873,#3874);
#3872 = CARTESIAN_POINT('',(59.80058690219,-94.59844014334,23.3162));
#3873 = DIRECTION('',(0.955284276858,0.295688941944,-0.));
#3874 = DIRECTION('',(0.295688941944,-0.955284276858,0.));
#3875 = ADVANCED_FACE('',(#3876),#3901,.T.);
#3876 = FACE_BOUND('',#3877,.T.);
#3877 = EDGE_LOOP('',(#3878,#3879,#3887,#3895));
#3878 = ORIENTED_EDGE('',*,*,#3857,.T.);
#3879 = ORIENTED_EDGE('',*,*,#3880,.T.);
#3880 = EDGE_CURVE('',#3850,#3881,#3883,.T.);
#3881 = VERTEX_POINT('',#3882);
#3882 = CARTESIAN_POINT('',(59.777167788951,-95.01536040832,24.5162));
#3883 = LINE('',#3884,#3885);
#3884 = CARTESIAN_POINT('',(59.860427918484,-94.79176892189,24.5162));
#3885 = VECTOR('',#3886,1.);
#3886 = DIRECTION('',(-0.34896673425,-0.93713511213,0.));
#3887 = ORIENTED_EDGE('',*,*,#3888,.F.);
#3888 = EDGE_CURVE('',#3889,#3881,#3891,.T.);
#3889 = VERTEX_POINT('',#3890);
#3890 = CARTESIAN_POINT('',(59.777167788951,-95.01536040832,23.3162));
#3891 = LINE('',#3892,#3893);
#3892 = CARTESIAN_POINT('',(59.777167788951,-95.01536040832,23.3162));
#3893 = VECTOR('',#3894,1.);
#3894 = DIRECTION('',(0.,0.,1.));
#3895 = ORIENTED_EDGE('',*,*,#3896,.F.);
#3896 = EDGE_CURVE('',#3858,#3889,#3897,.T.);
#3897 = LINE('',#3898,#3899);
#3898 = CARTESIAN_POINT('',(59.860427918484,-94.79176892189,23.3162));
#3899 = VECTOR('',#3900,1.);
#3900 = DIRECTION('',(-0.34896673425,-0.93713511213,0.));
#3901 = PLANE('',#3902);
#3902 = AXIS2_PLACEMENT_3D('',#3903,#3904,#3905);
#3903 = CARTESIAN_POINT('',(59.860427918484,-94.79176892189,23.3162));
#3904 = DIRECTION('',(0.93713511213,-0.34896673425,0.));
#3905 = DIRECTION('',(-0.34896673425,-0.93713511213,0.));
#3906 = ADVANCED_FACE('',(#3907),#3932,.T.);
#3907 = FACE_BOUND('',#3908,.T.);
#3908 = EDGE_LOOP('',(#3909,#3910,#3918,#3926));
#3909 = ORIENTED_EDGE('',*,*,#3888,.T.);
#3910 = ORIENTED_EDGE('',*,*,#3911,.T.);
#3911 = EDGE_CURVE('',#3881,#3912,#3914,.T.);
#3912 = VERTEX_POINT('',#3913);
#3913 = CARTESIAN_POINT('',(59.160588855928,-95.76931219918,24.5162));
#3914 = LINE('',#3915,#3916);
#3915 = CARTESIAN_POINT('',(59.777167788951,-95.01536040832,24.5162));
#3916 = VECTOR('',#3917,1.);
#3917 = DIRECTION('',(-0.633058978307,-0.774103565413,0.));
#3918 = ORIENTED_EDGE('',*,*,#3919,.F.);
#3919 = EDGE_CURVE('',#3920,#3912,#3922,.T.);
#3920 = VERTEX_POINT('',#3921);
#3921 = CARTESIAN_POINT('',(59.160588855928,-95.76931219918,23.3162));
#3922 = LINE('',#3923,#3924);
#3923 = CARTESIAN_POINT('',(59.160588855928,-95.76931219918,23.3162));
#3924 = VECTOR('',#3925,1.);
#3925 = DIRECTION('',(0.,0.,1.));
#3926 = ORIENTED_EDGE('',*,*,#3927,.F.);
#3927 = EDGE_CURVE('',#3889,#3920,#3928,.T.);
#3928 = LINE('',#3929,#3930);
#3929 = CARTESIAN_POINT('',(59.777167788951,-95.01536040832,23.3162));
#3930 = VECTOR('',#3931,1.);
#3931 = DIRECTION('',(-0.633058978307,-0.774103565413,0.));
#3932 = PLANE('',#3933);
#3933 = AXIS2_PLACEMENT_3D('',#3934,#3935,#3936);
#3934 = CARTESIAN_POINT('',(59.777167788951,-95.01536040832,23.3162));
#3935 = DIRECTION('',(0.774103565413,-0.633058978307,0.));
#3936 = DIRECTION('',(-0.633058978307,-0.774103565413,0.));
#3937 = ADVANCED_FACE('',(#3938),#3963,.T.);
#3938 = FACE_BOUND('',#3939,.T.);
#3939 = EDGE_LOOP('',(#3940,#3941,#3949,#3957));
#3940 = ORIENTED_EDGE('',*,*,#3919,.T.);
#3941 = ORIENTED_EDGE('',*,*,#3942,.T.);
#3942 = EDGE_CURVE('',#3912,#3943,#3945,.T.);
#3943 = VERTEX_POINT('',#3944);
#3944 = CARTESIAN_POINT('',(58.982506211388,-96.23066864319,24.5162));
#3945 = LINE('',#3946,#3947);
#3946 = CARTESIAN_POINT('',(59.160588855928,-95.76931219918,24.5162));
#3947 = VECTOR('',#3948,1.);
#3948 = DIRECTION('',(-0.36010242425,-0.932912774084,0.));
#3949 = ORIENTED_EDGE('',*,*,#3950,.F.);
#3950 = EDGE_CURVE('',#3951,#3943,#3953,.T.);
#3951 = VERTEX_POINT('',#3952);
#3952 = CARTESIAN_POINT('',(58.982506211388,-96.23066864319,23.3162));
#3953 = LINE('',#3954,#3955);
#3954 = CARTESIAN_POINT('',(58.982506211388,-96.23066864319,23.3162));
#3955 = VECTOR('',#3956,1.);
#3956 = DIRECTION('',(0.,0.,1.));
#3957 = ORIENTED_EDGE('',*,*,#3958,.F.);
#3958 = EDGE_CURVE('',#3920,#3951,#3959,.T.);
#3959 = LINE('',#3960,#3961);
#3960 = CARTESIAN_POINT('',(59.160588855928,-95.76931219918,23.3162));
#3961 = VECTOR('',#3962,1.);
#3962 = DIRECTION('',(-0.36010242425,-0.932912774084,0.));
#3963 = PLANE('',#3964);
#3964 = AXIS2_PLACEMENT_3D('',#3965,#3966,#3967);
#3965 = CARTESIAN_POINT('',(59.160588855928,-95.76931219918,23.3162));
#3966 = DIRECTION('',(0.932912774084,-0.36010242425,0.));
#3967 = DIRECTION('',(-0.36010242425,-0.932912774084,0.));
#3968 = ADVANCED_FACE('',(#3969),#3994,.T.);
#3969 = FACE_BOUND('',#3970,.T.);
#3970 = EDGE_LOOP('',(#3971,#3972,#3980,#3988));
#3971 = ORIENTED_EDGE('',*,*,#3950,.T.);
#3972 = ORIENTED_EDGE('',*,*,#3973,.T.);
#3973 = EDGE_CURVE('',#3943,#3974,#3976,.T.);
#3974 = VERTEX_POINT('',#3975);
#3975 = CARTESIAN_POINT('',(58.886379866868,-97.32475822818,24.5162));
#3976 = LINE('',#3977,#3978);
#3977 = CARTESIAN_POINT('',(58.982506211388,-96.23066864319,24.5162));
#3978 = VECTOR('',#3979,1.);
#3979 = DIRECTION('',(-8.752250734755E-02,-0.996162542313,0.));
#3980 = ORIENTED_EDGE('',*,*,#3981,.F.);
#3981 = EDGE_CURVE('',#3982,#3974,#3984,.T.);
#3982 = VERTEX_POINT('',#3983);
#3983 = CARTESIAN_POINT('',(58.886379866868,-97.32475822818,23.3162));
#3984 = LINE('',#3985,#3986);
#3985 = CARTESIAN_POINT('',(58.886379866868,-97.32475822818,23.3162));
#3986 = VECTOR('',#3987,1.);
#3987 = DIRECTION('',(0.,0.,1.));
#3988 = ORIENTED_EDGE('',*,*,#3989,.F.);
#3989 = EDGE_CURVE('',#3951,#3982,#3990,.T.);
#3990 = LINE('',#3991,#3992);
#3991 = CARTESIAN_POINT('',(58.982506211388,-96.23066864319,23.3162));
#3992 = VECTOR('',#3993,1.);
#3993 = DIRECTION('',(-8.752250734755E-02,-0.996162542313,0.));
#3994 = PLANE('',#3995);
#3995 = AXIS2_PLACEMENT_3D('',#3996,#3997,#3998);
#3996 = CARTESIAN_POINT('',(58.982506211388,-96.23066864319,23.3162));
#3997 = DIRECTION('',(0.996162542313,-8.752250734755E-02,0.));
#3998 = DIRECTION('',(-8.752250734755E-02,-0.996162542313,0.));
#3999 = ADVANCED_FACE('',(#4000),#4025,.T.);
#4000 = FACE_BOUND('',#4001,.T.);
#4001 = EDGE_LOOP('',(#4002,#4003,#4011,#4019));
#4002 = ORIENTED_EDGE('',*,*,#3981,.T.);
#4003 = ORIENTED_EDGE('',*,*,#4004,.T.);
#4004 = EDGE_CURVE('',#3974,#4005,#4007,.T.);
#4005 = VERTEX_POINT('',#4006);
#4006 = CARTESIAN_POINT('',(58.968861926894,-98.1079119814,24.5162));
#4007 = LINE('',#4008,#4009);
#4008 = CARTESIAN_POINT('',(58.886379866868,-97.32475822818,24.5162));
#4009 = VECTOR('',#4010,1.);
#4010 = DIRECTION('',(0.104741079542,-0.994499525518,0.));
#4011 = ORIENTED_EDGE('',*,*,#4012,.F.);
#4012 = EDGE_CURVE('',#4013,#4005,#4015,.T.);
#4013 = VERTEX_POINT('',#4014);
#4014 = CARTESIAN_POINT('',(58.968861926894,-98.1079119814,23.3162));
#4015 = LINE('',#4016,#4017);
#4016 = CARTESIAN_POINT('',(58.968861926894,-98.1079119814,23.3162));
#4017 = VECTOR('',#4018,1.);
#4018 = DIRECTION('',(0.,0.,1.));
#4019 = ORIENTED_EDGE('',*,*,#4020,.F.);
#4020 = EDGE_CURVE('',#3982,#4013,#4021,.T.);
#4021 = LINE('',#4022,#4023);
#4022 = CARTESIAN_POINT('',(58.886379866868,-97.32475822818,23.3162));
#4023 = VECTOR('',#4024,1.);
#4024 = DIRECTION('',(0.104741079542,-0.994499525518,0.));
#4025 = PLANE('',#4026);
#4026 = AXIS2_PLACEMENT_3D('',#4027,#4028,#4029);
#4027 = CARTESIAN_POINT('',(58.886379866868,-97.32475822818,23.3162));
#4028 = DIRECTION('',(0.994499525518,0.104741079542,-0.));
#4029 = DIRECTION('',(0.104741079542,-0.994499525518,0.));
#4030 = ADVANCED_FACE('',(#4031),#4056,.T.);
#4031 = FACE_BOUND('',#4032,.T.);
#4032 = EDGE_LOOP('',(#4033,#4034,#4042,#4050));
#4033 = ORIENTED_EDGE('',*,*,#4012,.T.);
#4034 = ORIENTED_EDGE('',*,*,#4035,.T.);
#4035 = EDGE_CURVE('',#4005,#4036,#4038,.T.);
#4036 = VERTEX_POINT('',#4037);
#4037 = CARTESIAN_POINT('',(59.192488535757,-98.71461033823,24.5162));
#4038 = LINE('',#4039,#4040);
#4039 = CARTESIAN_POINT('',(58.968861926894,-98.1079119814,24.5162));
#4040 = VECTOR('',#4041,1.);
#4041 = DIRECTION('',(0.345849917022,-0.938289845888,0.));
#4042 = ORIENTED_EDGE('',*,*,#4043,.F.);
#4043 = EDGE_CURVE('',#4044,#4036,#4046,.T.);
#4044 = VERTEX_POINT('',#4045);
#4045 = CARTESIAN_POINT('',(59.192488535757,-98.71461033823,23.3162));
#4046 = LINE('',#4047,#4048);
#4047 = CARTESIAN_POINT('',(59.192488535757,-98.71461033823,23.3162));
#4048 = VECTOR('',#4049,1.);
#4049 = DIRECTION('',(0.,0.,1.));
#4050 = ORIENTED_EDGE('',*,*,#4051,.F.);
#4051 = EDGE_CURVE('',#4013,#4044,#4052,.T.);
#4052 = LINE('',#4053,#4054);
#4053 = CARTESIAN_POINT('',(58.968861926894,-98.1079119814,23.3162));
#4054 = VECTOR('',#4055,1.);
#4055 = DIRECTION('',(0.345849917022,-0.938289845888,0.));
#4056 = PLANE('',#4057);
#4057 = AXIS2_PLACEMENT_3D('',#4058,#4059,#4060);
#4058 = CARTESIAN_POINT('',(58.968861926894,-98.1079119814,23.3162));
#4059 = DIRECTION('',(0.938289845888,0.345849917022,-0.));
#4060 = DIRECTION('',(0.345849917022,-0.938289845888,0.));
#4061 = ADVANCED_FACE('',(#4062),#4087,.T.);
#4062 = FACE_BOUND('',#4063,.T.);
#4063 = EDGE_LOOP('',(#4064,#4065,#4073,#4081));
#4064 = ORIENTED_EDGE('',*,*,#4043,.T.);
#4065 = ORIENTED_EDGE('',*,*,#4066,.T.);
#4066 = EDGE_CURVE('',#4036,#4067,#4069,.T.);
#4067 = VERTEX_POINT('',#4068);
#4068 = CARTESIAN_POINT('',(59.520582988214,-99.11854942992,24.5162));
#4069 = LINE('',#4070,#4071);
#4070 = CARTESIAN_POINT('',(59.192488535757,-98.71461033823,24.5162));
#4071 = VECTOR('',#4072,1.);
#4072 = DIRECTION('',(0.630469854565,-0.776213735053,0.));
#4073 = ORIENTED_EDGE('',*,*,#4074,.F.);
#4074 = EDGE_CURVE('',#4075,#4067,#4077,.T.);
#4075 = VERTEX_POINT('',#4076);
#4076 = CARTESIAN_POINT('',(59.520582988214,-99.11854942992,23.3162));
#4077 = LINE('',#4078,#4079);
#4078 = CARTESIAN_POINT('',(59.520582988214,-99.11854942992,23.3162));
#4079 = VECTOR('',#4080,1.);
#4080 = DIRECTION('',(0.,0.,1.));
#4081 = ORIENTED_EDGE('',*,*,#4082,.F.);
#4082 = EDGE_CURVE('',#4044,#4075,#4083,.T.);
#4083 = LINE('',#4084,#4085);
#4084 = CARTESIAN_POINT('',(59.192488535757,-98.71461033823,23.3162));
#4085 = VECTOR('',#4086,1.);
#4086 = DIRECTION('',(0.630469854565,-0.776213735053,0.));
#4087 = PLANE('',#4088);
#4088 = AXIS2_PLACEMENT_3D('',#4089,#4090,#4091);
#4089 = CARTESIAN_POINT('',(59.192488535757,-98.71461033823,23.3162));
#4090 = DIRECTION('',(0.776213735053,0.630469854565,-0.));
#4091 = DIRECTION('',(0.630469854565,-0.776213735053,0.));
#4092 = ADVANCED_FACE('',(#4093),#4118,.T.);
#4093 = FACE_BOUND('',#4094,.T.);
#4094 = EDGE_LOOP('',(#4095,#4096,#4104,#4112));
#4095 = ORIENTED_EDGE('',*,*,#4074,.T.);
#4096 = ORIENTED_EDGE('',*,*,#4097,.T.);
#4097 = EDGE_CURVE('',#4067,#4098,#4100,.T.);
#4098 = VERTEX_POINT('',#4099);
#4099 = CARTESIAN_POINT('',(59.935763808177,-99.3156682055,24.5162));
#4100 = LINE('',#4101,#4102);
#4101 = CARTESIAN_POINT('',(59.520582988214,-99.11854942992,24.5162));
#4102 = VECTOR('',#4103,1.);
#4103 = DIRECTION('',(0.903355164761,-0.428893280782,0.));
#4104 = ORIENTED_EDGE('',*,*,#4105,.F.);
#4105 = EDGE_CURVE('',#4106,#4098,#4108,.T.);
#4106 = VERTEX_POINT('',#4107);
#4107 = CARTESIAN_POINT('',(59.935763808177,-99.3156682055,23.3162));
#4108 = LINE('',#4109,#4110);
#4109 = CARTESIAN_POINT('',(59.935763808177,-99.3156682055,23.3162));
#4110 = VECTOR('',#4111,1.);
#4111 = DIRECTION('',(0.,0.,1.));
#4112 = ORIENTED_EDGE('',*,*,#4113,.F.);
#4113 = EDGE_CURVE('',#4075,#4106,#4114,.T.);
#4114 = LINE('',#4115,#4116);
#4115 = CARTESIAN_POINT('',(59.520582988214,-99.11854942992,23.3162));
#4116 = VECTOR('',#4117,1.);
#4117 = DIRECTION('',(0.903355164761,-0.428893280782,0.));
#4118 = PLANE('',#4119);
#4119 = AXIS2_PLACEMENT_3D('',#4120,#4121,#4122);
#4120 = CARTESIAN_POINT('',(59.520582988214,-99.11854942992,23.3162));
#4121 = DIRECTION('',(0.428893280782,0.903355164761,-0.));
#4122 = DIRECTION('',(0.903355164761,-0.428893280782,0.));
#4123 = ADVANCED_FACE('',(#4124),#4149,.T.);
#4124 = FACE_BOUND('',#4125,.T.);
#4125 = EDGE_LOOP('',(#4126,#4127,#4135,#4143));
#4126 = ORIENTED_EDGE('',*,*,#4105,.T.);
#4127 = ORIENTED_EDGE('',*,*,#4128,.T.);
#4128 = EDGE_CURVE('',#4098,#4129,#4131,.T.);
#4129 = VERTEX_POINT('',#4130);
#4130 = CARTESIAN_POINT('',(60.444089576242,-99.2541096071,24.5162));
#4131 = LINE('',#4132,#4133);
#4132 = CARTESIAN_POINT('',(59.935763808177,-99.3156682055,24.5162));
#4133 = VECTOR('',#4134,1.);
#4134 = DIRECTION('',(0.992746991406,0.120222340077,0.));
#4135 = ORIENTED_EDGE('',*,*,#4136,.F.);
#4136 = EDGE_CURVE('',#4137,#4129,#4139,.T.);
#4137 = VERTEX_POINT('',#4138);
#4138 = CARTESIAN_POINT('',(60.444089576242,-99.2541096071,23.3162));
#4139 = LINE('',#4140,#4141);
#4140 = CARTESIAN_POINT('',(60.444089576242,-99.2541096071,23.3162));
#4141 = VECTOR('',#4142,1.);
#4142 = DIRECTION('',(0.,0.,1.));
#4143 = ORIENTED_EDGE('',*,*,#4144,.F.);
#4144 = EDGE_CURVE('',#4106,#4137,#4145,.T.);
#4145 = LINE('',#4146,#4147);
#4146 = CARTESIAN_POINT('',(59.935763808177,-99.3156682055,23.3162));
#4147 = VECTOR('',#4148,1.);
#4148 = DIRECTION('',(0.992746991406,0.120222340077,0.));
#4149 = PLANE('',#4150);
#4150 = AXIS2_PLACEMENT_3D('',#4151,#4152,#4153);
#4151 = CARTESIAN_POINT('',(59.935763808177,-99.3156682055,23.3162));
#4152 = DIRECTION('',(-0.120222340077,0.992746991406,0.));
#4153 = DIRECTION('',(0.992746991406,0.120222340077,0.));
#4154 = ADVANCED_FACE('',(#4155),#4180,.T.);
#4155 = FACE_BOUND('',#4156,.T.);
#4156 = EDGE_LOOP('',(#4157,#4158,#4166,#4174));
#4157 = ORIENTED_EDGE('',*,*,#4136,.T.);
#4158 = ORIENTED_EDGE('',*,*,#4159,.T.);
#4159 = EDGE_CURVE('',#4129,#4160,#4162,.T.);
#4160 = VERTEX_POINT('',#4161);
#4161 = CARTESIAN_POINT('',(60.694752399459,-99.02550347314,24.5162));
#4162 = LINE('',#4163,#4164);
#4163 = CARTESIAN_POINT('',(60.444089576242,-99.2541096071,24.5162));
#4164 = VECTOR('',#4165,1.);
#4165 = DIRECTION('',(0.738866875899,0.67385142257,0.));
#4166 = ORIENTED_EDGE('',*,*,#4167,.F.);
#4167 = EDGE_CURVE('',#4168,#4160,#4170,.T.);
#4168 = VERTEX_POINT('',#4169);
#4169 = CARTESIAN_POINT('',(60.694752399459,-99.02550347314,23.3162));
#4170 = LINE('',#4171,#4172);
#4171 = CARTESIAN_POINT('',(60.694752399459,-99.02550347314,23.3162));
#4172 = VECTOR('',#4173,1.);
#4173 = DIRECTION('',(0.,0.,1.));
#4174 = ORIENTED_EDGE('',*,*,#4175,.F.);
#4175 = EDGE_CURVE('',#4137,#4168,#4176,.T.);
#4176 = LINE('',#4177,#4178);
#4177 = CARTESIAN_POINT('',(60.444089576242,-99.2541096071,23.3162));
#4178 = VECTOR('',#4179,1.);
#4179 = DIRECTION('',(0.738866875899,0.67385142257,0.));
#4180 = PLANE('',#4181);
#4181 = AXIS2_PLACEMENT_3D('',#4182,#4183,#4184);
#4182 = CARTESIAN_POINT('',(60.444089576242,-99.2541096071,23.3162));
#4183 = DIRECTION('',(-0.67385142257,0.738866875899,0.));
#4184 = DIRECTION('',(0.738866875899,0.67385142257,0.));
#4185 = ADVANCED_FACE('',(#4186),#4211,.T.);
#4186 = FACE_BOUND('',#4187,.T.);
#4187 = EDGE_LOOP('',(#4188,#4189,#4197,#4205));
#4188 = ORIENTED_EDGE('',*,*,#4167,.T.);
#4189 = ORIENTED_EDGE('',*,*,#4190,.T.);
#4190 = EDGE_CURVE('',#4160,#4191,#4193,.T.);
#4191 = VERTEX_POINT('',#4192);
#4192 = CARTESIAN_POINT('',(60.891671528687,-98.55308060813,24.5162));
#4193 = LINE('',#4194,#4195);
#4194 = CARTESIAN_POINT('',(60.694752399459,-99.02550347314,24.5162));
#4195 = VECTOR('',#4196,1.);
#4196 = DIRECTION('',(0.384742352063,0.923024009725,0.));
#4197 = ORIENTED_EDGE('',*,*,#4198,.F.);
#4198 = EDGE_CURVE('',#4199,#4191,#4201,.T.);
#4199 = VERTEX_POINT('',#4200);
#4200 = CARTESIAN_POINT('',(60.891671528687,-98.55308060813,23.3162));
#4201 = LINE('',#4202,#4203);
#4202 = CARTESIAN_POINT('',(60.891671528687,-98.55308060813,23.3162));
#4203 = VECTOR('',#4204,1.);
#4204 = DIRECTION('',(0.,0.,1.));
#4205 = ORIENTED_EDGE('',*,*,#4206,.F.);
#4206 = EDGE_CURVE('',#4168,#4199,#4207,.T.);
#4207 = LINE('',#4208,#4209);
#4208 = CARTESIAN_POINT('',(60.694752399459,-99.02550347314,23.3162));
#4209 = VECTOR('',#4210,1.);
#4210 = DIRECTION('',(0.384742352063,0.923024009725,0.));
#4211 = PLANE('',#4212);
#4212 = AXIS2_PLACEMENT_3D('',#4213,#4214,#4215);
#4213 = CARTESIAN_POINT('',(60.694752399459,-99.02550347314,23.3162));
#4214 = DIRECTION('',(-0.923024009725,0.384742352063,0.));
#4215 = DIRECTION('',(0.384742352063,0.923024009725,0.));
#4216 = ADVANCED_FACE('',(#4217),#4242,.T.);
#4217 = FACE_BOUND('',#4218,.T.);
#4218 = EDGE_LOOP('',(#4219,#4220,#4228,#4236));
#4219 = ORIENTED_EDGE('',*,*,#4198,.T.);
#4220 = ORIENTED_EDGE('',*,*,#4221,.T.);
#4221 = EDGE_CURVE('',#4191,#4222,#4224,.T.);
#4222 = VERTEX_POINT('',#4223);
#4223 = CARTESIAN_POINT('',(61.447747756292,-95.48051132127,24.5162));
#4224 = LINE('',#4225,#4226);
#4225 = CARTESIAN_POINT('',(60.891671528687,-98.55308060813,24.5162));
#4226 = VECTOR('',#4227,1.);
#4227 = DIRECTION('',(0.178087807164,0.984014599963,0.));
#4228 = ORIENTED_EDGE('',*,*,#4229,.F.);
#4229 = EDGE_CURVE('',#4230,#4222,#4232,.T.);
#4230 = VERTEX_POINT('',#4231);
#4231 = CARTESIAN_POINT('',(61.447747756292,-95.48051132127,23.3162));
#4232 = LINE('',#4233,#4234);
#4233 = CARTESIAN_POINT('',(61.447747756292,-95.48051132127,23.3162));
#4234 = VECTOR('',#4235,1.);
#4235 = DIRECTION('',(0.,0.,1.));
#4236 = ORIENTED_EDGE('',*,*,#4237,.F.);
#4237 = EDGE_CURVE('',#4199,#4230,#4238,.T.);
#4238 = LINE('',#4239,#4240);
#4239 = CARTESIAN_POINT('',(60.891671528687,-98.55308060813,23.3162));
#4240 = VECTOR('',#4241,1.);
#4241 = DIRECTION('',(0.178087807164,0.984014599963,0.));
#4242 = PLANE('',#4243);
#4243 = AXIS2_PLACEMENT_3D('',#4244,#4245,#4246);
#4244 = CARTESIAN_POINT('',(60.891671528687,-98.55308060813,23.3162));
#4245 = DIRECTION('',(-0.984014599963,0.178087807164,0.));
#4246 = DIRECTION('',(0.178087807164,0.984014599963,0.));
#4247 = ADVANCED_FACE('',(#4248),#4273,.T.);
#4248 = FACE_BOUND('',#4249,.T.);
#4249 = EDGE_LOOP('',(#4250,#4251,#4259,#4267));
#4250 = ORIENTED_EDGE('',*,*,#4229,.T.);
#4251 = ORIENTED_EDGE('',*,*,#4252,.T.);
#4252 = EDGE_CURVE('',#4222,#4253,#4255,.T.);
#4253 = VERTEX_POINT('',#4254);
#4254 = CARTESIAN_POINT('',(61.738464755397,-94.86880687655,24.5162));
#4255 = LINE('',#4256,#4257);
#4256 = CARTESIAN_POINT('',(61.447747756292,-95.48051132127,24.5162));
#4257 = VECTOR('',#4258,1.);
#4258 = DIRECTION('',(0.429246410154,0.903187422061,0.));
#4259 = ORIENTED_EDGE('',*,*,#4260,.F.);
#4260 = EDGE_CURVE('',#4261,#4253,#4263,.T.);
#4261 = VERTEX_POINT('',#4262);
#4262 = CARTESIAN_POINT('',(61.738464755397,-94.86880687655,23.3162));
#4263 = LINE('',#4264,#4265);
#4264 = CARTESIAN_POINT('',(61.738464755397,-94.86880687655,23.3162));
#4265 = VECTOR('',#4266,1.);
#4266 = DIRECTION('',(0.,0.,1.));
#4267 = ORIENTED_EDGE('',*,*,#4268,.F.);
#4268 = EDGE_CURVE('',#4230,#4261,#4269,.T.);
#4269 = LINE('',#4270,#4271);
#4270 = CARTESIAN_POINT('',(61.447747756292,-95.48051132127,23.3162));
#4271 = VECTOR('',#4272,1.);
#4272 = DIRECTION('',(0.429246410154,0.903187422061,0.));
#4273 = PLANE('',#4274);
#4274 = AXIS2_PLACEMENT_3D('',#4275,#4276,#4277);
#4275 = CARTESIAN_POINT('',(61.447747756292,-95.48051132127,23.3162));
#4276 = DIRECTION('',(-0.903187422061,0.429246410154,0.));
#4277 = DIRECTION('',(0.429246410154,0.903187422061,0.));
#4278 = ADVANCED_FACE('',(#4279),#4304,.T.);
#4279 = FACE_BOUND('',#4280,.T.);
#4280 = EDGE_LOOP('',(#4281,#4282,#4290,#4298));
#4281 = ORIENTED_EDGE('',*,*,#4260,.T.);
#4282 = ORIENTED_EDGE('',*,*,#4283,.T.);
#4283 = EDGE_CURVE('',#4253,#4284,#4286,.T.);
#4284 = VERTEX_POINT('',#4285);
#4285 = CARTESIAN_POINT('',(62.142400184314,-94.51728889857,24.5162));
#4286 = LINE('',#4287,#4288);
#4287 = CARTESIAN_POINT('',(61.738464755397,-94.86880687655,24.5162));
#4288 = VECTOR('',#4289,1.);
#4289 = DIRECTION('',(0.754355999807,0.656465555498,0.));
#4290 = ORIENTED_EDGE('',*,*,#4291,.F.);
#4291 = EDGE_CURVE('',#4292,#4284,#4294,.T.);
#4292 = VERTEX_POINT('',#4293);
#4293 = CARTESIAN_POINT('',(62.142400184314,-94.51728889857,23.3162));
#4294 = LINE('',#4295,#4296);
#4295 = CARTESIAN_POINT('',(62.142400184314,-94.51728889857,23.3162));
#4296 = VECTOR('',#4297,1.);
#4297 = DIRECTION('',(0.,0.,1.));
#4298 = ORIENTED_EDGE('',*,*,#4299,.F.);
#4299 = EDGE_CURVE('',#4261,#4292,#4300,.T.);
#4300 = LINE('',#4301,#4302);
#4301 = CARTESIAN_POINT('',(61.738464755397,-94.86880687655,23.3162));
#4302 = VECTOR('',#4303,1.);
#4303 = DIRECTION('',(0.754355999807,0.656465555498,0.));
#4304 = PLANE('',#4305);
#4305 = AXIS2_PLACEMENT_3D('',#4306,#4307,#4308);
#4306 = CARTESIAN_POINT('',(61.738464755397,-94.86880687655,23.3162));
#4307 = DIRECTION('',(-0.656465555498,0.754355999807,0.));
#4308 = DIRECTION('',(0.754355999807,0.656465555498,0.));
#4309 = ADVANCED_FACE('',(#4310),#4335,.T.);
#4310 = FACE_BOUND('',#4311,.T.);
#4311 = EDGE_LOOP('',(#4312,#4313,#4321,#4329));
#4312 = ORIENTED_EDGE('',*,*,#4291,.T.);
#4313 = ORIENTED_EDGE('',*,*,#4314,.T.);
#4314 = EDGE_CURVE('',#4284,#4315,#4317,.T.);
#4315 = VERTEX_POINT('',#4316);
#4316 = CARTESIAN_POINT('',(62.790329316541,-94.35796574814,24.5162));
#4317 = LINE('',#4318,#4319);
#4318 = CARTESIAN_POINT('',(62.142400184314,-94.51728889857,24.5162));
#4319 = VECTOR('',#4320,1.);
#4320 = DIRECTION('',(0.971072973853,0.238782912815,0.));
#4321 = ORIENTED_EDGE('',*,*,#4322,.F.);
#4322 = EDGE_CURVE('',#4323,#4315,#4325,.T.);
#4323 = VERTEX_POINT('',#4324);
#4324 = CARTESIAN_POINT('',(62.790329316541,-94.35796574814,23.3162));
#4325 = LINE('',#4326,#4327);
#4326 = CARTESIAN_POINT('',(62.790329316541,-94.35796574814,23.3162));
#4327 = VECTOR('',#4328,1.);
#4328 = DIRECTION('',(0.,0.,1.));
#4329 = ORIENTED_EDGE('',*,*,#4330,.F.);
#4330 = EDGE_CURVE('',#4292,#4323,#4331,.T.);
#4331 = LINE('',#4332,#4333);
#4332 = CARTESIAN_POINT('',(62.142400184314,-94.51728889857,23.3162));
#4333 = VECTOR('',#4334,1.);
#4334 = DIRECTION('',(0.971072973853,0.238782912815,0.));
#4335 = PLANE('',#4336);
#4336 = AXIS2_PLACEMENT_3D('',#4337,#4338,#4339);
#4337 = CARTESIAN_POINT('',(62.142400184314,-94.51728889857,23.3162));
#4338 = DIRECTION('',(-0.238782912815,0.971072973853,0.));
#4339 = DIRECTION('',(0.971072973853,0.238782912815,0.));
#4340 = ADVANCED_FACE('',(#4341),#4366,.T.);
#4341 = FACE_BOUND('',#4342,.T.);
#4342 = EDGE_LOOP('',(#4343,#4344,#4352,#4360));
#4343 = ORIENTED_EDGE('',*,*,#4322,.T.);
#4344 = ORIENTED_EDGE('',*,*,#4345,.T.);
#4345 = EDGE_CURVE('',#4315,#4346,#4348,.T.);
#4346 = VERTEX_POINT('',#4347);
#4347 = CARTESIAN_POINT('',(63.404458244835,-94.402838874,24.5162));
#4348 = LINE('',#4349,#4350);
#4349 = CARTESIAN_POINT('',(62.790329316541,-94.35796574814,24.5162));
#4350 = VECTOR('',#4351,1.);
#4351 = DIRECTION('',(0.997341180937,-7.287364960347E-02,0.));
#4352 = ORIENTED_EDGE('',*,*,#4353,.F.);
#4353 = EDGE_CURVE('',#4354,#4346,#4356,.T.);
#4354 = VERTEX_POINT('',#4355);
#4355 = CARTESIAN_POINT('',(63.404458244835,-94.402838874,23.3162));
#4356 = LINE('',#4357,#4358);
#4357 = CARTESIAN_POINT('',(63.404458244835,-94.402838874,23.3162));
#4358 = VECTOR('',#4359,1.);
#4359 = DIRECTION('',(0.,0.,1.));
#4360 = ORIENTED_EDGE('',*,*,#4361,.F.);
#4361 = EDGE_CURVE('',#4323,#4354,#4362,.T.);
#4362 = LINE('',#4363,#4364);
#4363 = CARTESIAN_POINT('',(62.790329316541,-94.35796574814,23.3162));
#4364 = VECTOR('',#4365,1.);
#4365 = DIRECTION('',(0.997341180937,-7.287364960347E-02,0.));
#4366 = PLANE('',#4367);
#4367 = AXIS2_PLACEMENT_3D('',#4368,#4369,#4370);
#4368 = CARTESIAN_POINT('',(62.790329316541,-94.35796574814,23.3162));
#4369 = DIRECTION('',(7.287364960347E-02,0.997341180937,-0.));
#4370 = DIRECTION('',(0.997341180937,-7.287364960347E-02,0.));
#4371 = ADVANCED_FACE('',(#4372),#4397,.T.);
#4372 = FACE_BOUND('',#4373,.T.);
#4373 = EDGE_LOOP('',(#4374,#4375,#4383,#4391));
#4374 = ORIENTED_EDGE('',*,*,#4353,.T.);
#4375 = ORIENTED_EDGE('',*,*,#4376,.T.);
#4376 = EDGE_CURVE('',#4346,#4377,#4379,.T.);
#4377 = VERTEX_POINT('',#4378);
#4378 = CARTESIAN_POINT('',(63.816827538769,-94.56464389114,24.5162));
#4379 = LINE('',#4380,#4381);
#4380 = CARTESIAN_POINT('',(63.404458244835,-94.402838874,24.5162));
#4381 = VECTOR('',#4382,1.);
#4382 = DIRECTION('',(0.930902922798,-0.365266681105,0.));
#4383 = ORIENTED_EDGE('',*,*,#4384,.F.);
#4384 = EDGE_CURVE('',#4385,#4377,#4387,.T.);
#4385 = VERTEX_POINT('',#4386);
#4386 = CARTESIAN_POINT('',(63.816827538769,-94.56464389114,23.3162));
#4387 = LINE('',#4388,#4389);
#4388 = CARTESIAN_POINT('',(63.816827538769,-94.56464389114,23.3162));
#4389 = VECTOR('',#4390,1.);
#4390 = DIRECTION('',(0.,0.,1.));
#4391 = ORIENTED_EDGE('',*,*,#4392,.F.);
#4392 = EDGE_CURVE('',#4354,#4385,#4393,.T.);
#4393 = LINE('',#4394,#4395);
#4394 = CARTESIAN_POINT('',(63.404458244835,-94.402838874,23.3162));
#4395 = VECTOR('',#4396,1.);
#4396 = DIRECTION('',(0.930902922798,-0.365266681105,0.));
#4397 = PLANE('',#4398);
#4398 = AXIS2_PLACEMENT_3D('',#4399,#4400,#4401);
#4399 = CARTESIAN_POINT('',(63.404458244835,-94.402838874,23.3162));
#4400 = DIRECTION('',(0.365266681105,0.930902922798,-0.));
#4401 = DIRECTION('',(0.930902922798,-0.365266681105,0.));
#4402 = ADVANCED_FACE('',(#4403),#4428,.T.);
#4403 = FACE_BOUND('',#4404,.T.);
#4404 = EDGE_LOOP('',(#4405,#4406,#4414,#4422));
#4405 = ORIENTED_EDGE('',*,*,#4384,.T.);
#4406 = ORIENTED_EDGE('',*,*,#4407,.T.);
#4407 = EDGE_CURVE('',#4377,#4408,#4410,.T.);
#4408 = VERTEX_POINT('',#4409);
#4409 = CARTESIAN_POINT('',(64.265673689882,-95.02129934,24.5162));
#4410 = LINE('',#4411,#4412);
#4411 = CARTESIAN_POINT('',(63.816827538769,-94.56464389114,24.5162));
#4412 = VECTOR('',#4413,1.);
#4413 = DIRECTION('',(0.700982427148,-0.713178544846,0.));
#4414 = ORIENTED_EDGE('',*,*,#4415,.F.);
#4415 = EDGE_CURVE('',#4416,#4408,#4418,.T.);
#4416 = VERTEX_POINT('',#4417);
#4417 = CARTESIAN_POINT('',(64.265673689882,-95.02129934,23.3162));
#4418 = LINE('',#4419,#4420);
#4419 = CARTESIAN_POINT('',(64.265673689882,-95.02129934,23.3162));
#4420 = VECTOR('',#4421,1.);
#4421 = DIRECTION('',(0.,0.,1.));
#4422 = ORIENTED_EDGE('',*,*,#4423,.F.);
#4423 = EDGE_CURVE('',#4385,#4416,#4424,.T.);
#4424 = LINE('',#4425,#4426);
#4425 = CARTESIAN_POINT('',(63.816827538769,-94.56464389114,23.3162));
#4426 = VECTOR('',#4427,1.);
#4427 = DIRECTION('',(0.700982427148,-0.713178544846,0.));
#4428 = PLANE('',#4429);
#4429 = AXIS2_PLACEMENT_3D('',#4430,#4431,#4432);
#4430 = CARTESIAN_POINT('',(63.816827538769,-94.56464389114,23.3162));
#4431 = DIRECTION('',(0.713178544846,0.700982427148,-0.));
#4432 = DIRECTION('',(0.700982427148,-0.713178544846,0.));
#4433 = ADVANCED_FACE('',(#4434),#4459,.T.);
#4434 = FACE_BOUND('',#4435,.T.);
#4435 = EDGE_LOOP('',(#4436,#4437,#4445,#4453));
#4436 = ORIENTED_EDGE('',*,*,#4415,.T.);
#4437 = ORIENTED_EDGE('',*,*,#4438,.T.);
#4438 = EDGE_CURVE('',#4408,#4439,#4441,.T.);
#4439 = VERTEX_POINT('',#4440);
#4440 = CARTESIAN_POINT('',(64.579437115143,-95.67774253305,24.5162));
#4441 = LINE('',#4442,#4443);
#4442 = CARTESIAN_POINT('',(64.265673689882,-95.02129934,24.5162));
#4443 = VECTOR('',#4444,1.);
#4444 = DIRECTION('',(0.431245566161,-0.902234593477,0.));
#4445 = ORIENTED_EDGE('',*,*,#4446,.F.);
#4446 = EDGE_CURVE('',#4447,#4439,#4449,.T.);
#4447 = VERTEX_POINT('',#4448);
#4448 = CARTESIAN_POINT('',(64.579437115143,-95.67774253305,23.3162));
#4449 = LINE('',#4450,#4451);
#4450 = CARTESIAN_POINT('',(64.579437115143,-95.67774253305,23.3162));
#4451 = VECTOR('',#4452,1.);
#4452 = DIRECTION('',(0.,0.,1.));
#4453 = ORIENTED_EDGE('',*,*,#4454,.F.);
#4454 = EDGE_CURVE('',#4416,#4447,#4455,.T.);
#4455 = LINE('',#4456,#4457);
#4456 = CARTESIAN_POINT('',(64.265673689882,-95.02129934,23.3162));
#4457 = VECTOR('',#4458,1.);
#4458 = DIRECTION('',(0.431245566161,-0.902234593477,0.));
#4459 = PLANE('',#4460);
#4460 = AXIS2_PLACEMENT_3D('',#4461,#4462,#4463);
#4461 = CARTESIAN_POINT('',(64.265673689882,-95.02129934,23.3162));
#4462 = DIRECTION('',(0.902234593477,0.431245566161,-0.));
#4463 = DIRECTION('',(0.431245566161,-0.902234593477,0.));
#4464 = ADVANCED_FACE('',(#4465),#4490,.T.);
#4465 = FACE_BOUND('',#4466,.T.);
#4466 = EDGE_LOOP('',(#4467,#4468,#4476,#4484));
#4467 = ORIENTED_EDGE('',*,*,#4446,.T.);
#4468 = ORIENTED_EDGE('',*,*,#4469,.T.);
#4469 = EDGE_CURVE('',#4439,#4470,#4472,.T.);
#4470 = VERTEX_POINT('',#4471);
#4471 = CARTESIAN_POINT('',(64.776227715415,-96.45130087236,24.5162));
#4472 = LINE('',#4473,#4474);
#4473 = CARTESIAN_POINT('',(64.579437115143,-95.67774253305,24.5162));
#4474 = VECTOR('',#4475,1.);
#4475 = DIRECTION('',(0.246543783749,-0.969131653954,0.));
#4476 = ORIENTED_EDGE('',*,*,#4477,.F.);
#4477 = EDGE_CURVE('',#4478,#4470,#4480,.T.);
#4478 = VERTEX_POINT('',#4479);
#4479 = CARTESIAN_POINT('',(64.776227715415,-96.45130087236,23.3162));
#4480 = LINE('',#4481,#4482);
#4481 = CARTESIAN_POINT('',(64.776227715415,-96.45130087236,23.3162));
#4482 = VECTOR('',#4483,1.);
#4483 = DIRECTION('',(0.,0.,1.));
#4484 = ORIENTED_EDGE('',*,*,#4485,.F.);
#4485 = EDGE_CURVE('',#4447,#4478,#4486,.T.);
#4486 = LINE('',#4487,#4488);
#4487 = CARTESIAN_POINT('',(64.579437115143,-95.67774253305,23.3162));
#4488 = VECTOR('',#4489,1.);
#4489 = DIRECTION('',(0.246543783749,-0.969131653954,0.));
#4490 = PLANE('',#4491);
#4491 = AXIS2_PLACEMENT_3D('',#4492,#4493,#4494);
#4492 = CARTESIAN_POINT('',(64.579437115143,-95.67774253305,23.3162));
#4493 = DIRECTION('',(0.969131653954,0.246543783749,-0.));
#4494 = DIRECTION('',(0.246543783749,-0.969131653954,0.));
#4495 = ADVANCED_FACE('',(#4496),#4521,.T.);
#4496 = FACE_BOUND('',#4497,.T.);
#4497 = EDGE_LOOP('',(#4498,#4499,#4507,#4515));
#4498 = ORIENTED_EDGE('',*,*,#4477,.T.);
#4499 = ORIENTED_EDGE('',*,*,#4500,.T.);
#4500 = EDGE_CURVE('',#4470,#4501,#4503,.T.);
#4501 = VERTEX_POINT('',#4502);
#4502 = CARTESIAN_POINT('',(64.851107309324,-97.28352530229,24.5162));
#4503 = LINE('',#4504,#4505);
#4504 = CARTESIAN_POINT('',(64.776227715415,-96.45130087236,24.5162));
#4505 = VECTOR('',#4506,1.);
#4506 = DIRECTION('',(8.961323852758E-02,-0.995976640028,0.));
#4507 = ORIENTED_EDGE('',*,*,#4508,.F.);
#4508 = EDGE_CURVE('',#4509,#4501,#4511,.T.);
#4509 = VERTEX_POINT('',#4510);
#4510 = CARTESIAN_POINT('',(64.851107309324,-97.28352530229,23.3162));
#4511 = LINE('',#4512,#4513);
#4512 = CARTESIAN_POINT('',(64.851107309324,-97.28352530229,23.3162));
#4513 = VECTOR('',#4514,1.);
#4514 = DIRECTION('',(0.,0.,1.));
#4515 = ORIENTED_EDGE('',*,*,#4516,.F.);
#4516 = EDGE_CURVE('',#4478,#4509,#4517,.T.);
#4517 = LINE('',#4518,#4519);
#4518 = CARTESIAN_POINT('',(64.776227715415,-96.45130087236,23.3162));
#4519 = VECTOR('',#4520,1.);
#4520 = DIRECTION('',(8.961323852758E-02,-0.995976640028,0.));
#4521 = PLANE('',#4522);
#4522 = AXIS2_PLACEMENT_3D('',#4523,#4524,#4525);
#4523 = CARTESIAN_POINT('',(64.776227715415,-96.45130087236,23.3162));
#4524 = DIRECTION('',(0.995976640028,8.961323852758E-02,-0.));
#4525 = DIRECTION('',(8.961323852758E-02,-0.995976640028,0.));
#4526 = ADVANCED_FACE('',(#4527),#4552,.T.);
#4527 = FACE_BOUND('',#4528,.T.);
#4528 = EDGE_LOOP('',(#4529,#4530,#4538,#4546));
#4529 = ORIENTED_EDGE('',*,*,#4508,.T.);
#4530 = ORIENTED_EDGE('',*,*,#4531,.T.);
#4531 = EDGE_CURVE('',#4501,#4532,#4534,.T.);
#4532 = VERTEX_POINT('',#4533);
#4533 = CARTESIAN_POINT('',(64.788179087742,-98.08397529344,24.5162));
#4534 = LINE('',#4535,#4536);
#4535 = CARTESIAN_POINT('',(64.851107309324,-97.28352530229,24.5162));
#4536 = VECTOR('',#4537,1.);
#4537 = DIRECTION('',(-7.837423402329E-02,-0.99692400886,0.));
#4538 = ORIENTED_EDGE('',*,*,#4539,.F.);
#4539 = EDGE_CURVE('',#4540,#4532,#4542,.T.);
#4540 = VERTEX_POINT('',#4541);
#4541 = CARTESIAN_POINT('',(64.788179087742,-98.08397529344,23.3162));
#4542 = LINE('',#4543,#4544);
#4543 = CARTESIAN_POINT('',(64.788179087742,-98.08397529344,23.3162));
#4544 = VECTOR('',#4545,1.);
#4545 = DIRECTION('',(0.,0.,1.));
#4546 = ORIENTED_EDGE('',*,*,#4547,.F.);
#4547 = EDGE_CURVE('',#4509,#4540,#4548,.T.);
#4548 = LINE('',#4549,#4550);
#4549 = CARTESIAN_POINT('',(64.851107309324,-97.28352530229,23.3162));
#4550 = VECTOR('',#4551,1.);
#4551 = DIRECTION('',(-7.837423402329E-02,-0.99692400886,0.));
#4552 = PLANE('',#4553);
#4553 = AXIS2_PLACEMENT_3D('',#4554,#4555,#4556);
#4554 = CARTESIAN_POINT('',(64.851107309324,-97.28352530229,23.3162));
#4555 = DIRECTION('',(0.99692400886,-7.837423402329E-02,0.));
#4556 = DIRECTION('',(-7.837423402329E-02,-0.99692400886,0.));
#4557 = ADVANCED_FACE('',(#4558),#4583,.T.);
#4558 = FACE_BOUND('',#4559,.T.);
#4559 = EDGE_LOOP('',(#4560,#4561,#4569,#4577));
#4560 = ORIENTED_EDGE('',*,*,#4539,.T.);
#4561 = ORIENTED_EDGE('',*,*,#4562,.T.);
#4562 = EDGE_CURVE('',#4532,#4563,#4565,.T.);
#4563 = VERTEX_POINT('',#4564);
#4564 = CARTESIAN_POINT('',(64.511282968144,-99.0301957175,24.5162));
#4565 = LINE('',#4566,#4567);
#4566 = CARTESIAN_POINT('',(64.788179087742,-98.08397529344,24.5162));
#4567 = VECTOR('',#4568,1.);
#4568 = DIRECTION('',(-0.280855362345,-0.959750105726,0.));
#4569 = ORIENTED_EDGE('',*,*,#4570,.F.);
#4570 = EDGE_CURVE('',#4571,#4563,#4573,.T.);
#4571 = VERTEX_POINT('',#4572);
#4572 = CARTESIAN_POINT('',(64.511282968144,-99.0301957175,23.3162));
#4573 = LINE('',#4574,#4575);
#4574 = CARTESIAN_POINT('',(64.511282968144,-99.0301957175,23.3162));
#4575 = VECTOR('',#4576,1.);
#4576 = DIRECTION('',(0.,0.,1.));
#4577 = ORIENTED_EDGE('',*,*,#4578,.F.);
#4578 = EDGE_CURVE('',#4540,#4571,#4579,.T.);
#4579 = LINE('',#4580,#4581);
#4580 = CARTESIAN_POINT('',(64.788179087742,-98.08397529344,23.3162));
#4581 = VECTOR('',#4582,1.);
#4582 = DIRECTION('',(-0.280855362345,-0.959750105726,0.));
#4583 = PLANE('',#4584);
#4584 = AXIS2_PLACEMENT_3D('',#4585,#4586,#4587);
#4585 = CARTESIAN_POINT('',(64.788179087742,-98.08397529344,23.3162));
#4586 = DIRECTION('',(0.959750105726,-0.280855362345,0.));
#4587 = DIRECTION('',(-0.280855362345,-0.959750105726,0.));
#4588 = ADVANCED_FACE('',(#4589),#4614,.T.);
#4589 = FACE_BOUND('',#4590,.T.);
#4590 = EDGE_LOOP('',(#4591,#4592,#4600,#4608));
#4591 = ORIENTED_EDGE('',*,*,#4570,.T.);
#4592 = ORIENTED_EDGE('',*,*,#4593,.T.);
#4593 = EDGE_CURVE('',#4563,#4594,#4596,.T.);
#4594 = VERTEX_POINT('',#4595);
#4595 = CARTESIAN_POINT('',(64.172470532812,-99.63226780914,24.5162));
#4596 = LINE('',#4597,#4598);
#4597 = CARTESIAN_POINT('',(64.511282968144,-99.0301957175,24.5162));
#4598 = VECTOR('',#4599,1.);
#4599 = DIRECTION('',(-0.490422739638,-0.871484673672,0.));
#4600 = ORIENTED_EDGE('',*,*,#4601,.F.);
#4601 = EDGE_CURVE('',#4602,#4594,#4604,.T.);
#4602 = VERTEX_POINT('',#4603);
#4603 = CARTESIAN_POINT('',(64.172470532812,-99.63226780914,23.3162));
#4604 = LINE('',#4605,#4606);
#4605 = CARTESIAN_POINT('',(64.172470532812,-99.63226780914,23.3162));
#4606 = VECTOR('',#4607,1.);
#4607 = DIRECTION('',(0.,0.,1.));
#4608 = ORIENTED_EDGE('',*,*,#4609,.F.);
#4609 = EDGE_CURVE('',#4571,#4602,#4610,.T.);
#4610 = LINE('',#4611,#4612);
#4611 = CARTESIAN_POINT('',(64.511282968144,-99.0301957175,23.3162));
#4612 = VECTOR('',#4613,1.);
#4613 = DIRECTION('',(-0.490422739638,-0.871484673672,0.));
#4614 = PLANE('',#4615);
#4615 = AXIS2_PLACEMENT_3D('',#4616,#4617,#4618);
#4616 = CARTESIAN_POINT('',(64.511282968144,-99.0301957175,23.3162));
#4617 = DIRECTION('',(0.871484673672,-0.490422739638,0.));
#4618 = DIRECTION('',(-0.490422739638,-0.871484673672,0.));
#4619 = ADVANCED_FACE('',(#4620),#4645,.T.);
#4620 = FACE_BOUND('',#4621,.T.);
#4621 = EDGE_LOOP('',(#4622,#4623,#4631,#4639));
#4622 = ORIENTED_EDGE('',*,*,#4601,.T.);
#4623 = ORIENTED_EDGE('',*,*,#4624,.T.);
#4624 = EDGE_CURVE('',#4594,#4625,#4627,.T.);
#4625 = VERTEX_POINT('',#4626);
#4626 = CARTESIAN_POINT('',(63.735787137722,-100.0337581857,24.5162));
#4627 = LINE('',#4628,#4629);
#4628 = CARTESIAN_POINT('',(64.172470532812,-99.63226780914,24.5162));
#4629 = VECTOR('',#4630,1.);
#4630 = DIRECTION('',(-0.736147975976,-0.676820624292,0.));
#4631 = ORIENTED_EDGE('',*,*,#4632,.F.);
#4632 = EDGE_CURVE('',#4633,#4625,#4635,.T.);
#4633 = VERTEX_POINT('',#4634);
#4634 = CARTESIAN_POINT('',(63.735787137722,-100.0337581857,23.3162));
#4635 = LINE('',#4636,#4637);
#4636 = CARTESIAN_POINT('',(63.735787137722,-100.0337581857,23.3162));
#4637 = VECTOR('',#4638,1.);
#4638 = DIRECTION('',(0.,0.,1.));
#4639 = ORIENTED_EDGE('',*,*,#4640,.F.);
#4640 = EDGE_CURVE('',#4602,#4633,#4641,.T.);
#4641 = LINE('',#4642,#4643);
#4642 = CARTESIAN_POINT('',(64.172470532812,-99.63226780914,23.3162));
#4643 = VECTOR('',#4644,1.);
#4644 = DIRECTION('',(-0.736147975976,-0.676820624292,0.));
#4645 = PLANE('',#4646);
#4646 = AXIS2_PLACEMENT_3D('',#4647,#4648,#4649);
#4647 = CARTESIAN_POINT('',(64.172470532812,-99.63226780914,23.3162));
#4648 = DIRECTION('',(0.676820624292,-0.736147975976,0.));
#4649 = DIRECTION('',(-0.736147975976,-0.676820624292,0.));
#4650 = ADVANCED_FACE('',(#4651),#4676,.T.);
#4651 = FACE_BOUND('',#4652,.T.);
#4652 = EDGE_LOOP('',(#4653,#4654,#4662,#4670));
#4653 = ORIENTED_EDGE('',*,*,#4632,.T.);
#4654 = ORIENTED_EDGE('',*,*,#4655,.T.);
#4655 = EDGE_CURVE('',#4625,#4656,#4658,.T.);
#4656 = VERTEX_POINT('',#4657);
#4657 = CARTESIAN_POINT('',(63.214850783659,-100.1677232184,24.5162));
#4658 = LINE('',#4659,#4660);
#4659 = CARTESIAN_POINT('',(63.735787137722,-100.0337581857,24.5162));
#4660 = VECTOR('',#4661,1.);
#4661 = DIRECTION('',(-0.96848846166,-0.249058426139,0.));
#4662 = ORIENTED_EDGE('',*,*,#4663,.F.);
#4663 = EDGE_CURVE('',#4664,#4656,#4666,.T.);
#4664 = VERTEX_POINT('',#4665);
#4665 = CARTESIAN_POINT('',(63.214850783659,-100.1677232184,23.3162));
#4666 = LINE('',#4667,#4668);
#4667 = CARTESIAN_POINT('',(63.214850783659,-100.1677232184,23.3162));
#4668 = VECTOR('',#4669,1.);
#4669 = DIRECTION('',(0.,0.,1.));
#4670 = ORIENTED_EDGE('',*,*,#4671,.F.);
#4671 = EDGE_CURVE('',#4633,#4664,#4672,.T.);
#4672 = LINE('',#4673,#4674);
#4673 = CARTESIAN_POINT('',(63.735787137722,-100.0337581857,23.3162));
#4674 = VECTOR('',#4675,1.);
#4675 = DIRECTION('',(-0.96848846166,-0.249058426139,0.));
#4676 = PLANE('',#4677);
#4677 = AXIS2_PLACEMENT_3D('',#4678,#4679,#4680);
#4678 = CARTESIAN_POINT('',(63.735787137722,-100.0337581857,23.3162));
#4679 = DIRECTION('',(0.249058426139,-0.96848846166,0.));
#4680 = DIRECTION('',(-0.96848846166,-0.249058426139,0.));
#4681 = ADVANCED_FACE('',(#4682),#4707,.T.);
#4682 = FACE_BOUND('',#4683,.T.);
#4683 = EDGE_LOOP('',(#4684,#4685,#4693,#4701));
#4684 = ORIENTED_EDGE('',*,*,#4663,.T.);
#4685 = ORIENTED_EDGE('',*,*,#4686,.T.);
#4686 = EDGE_CURVE('',#4656,#4687,#4689,.T.);
#4687 = VERTEX_POINT('',#4688);
#4688 = CARTESIAN_POINT('',(62.974912174807,-100.0603634883,24.5162));
#4689 = LINE('',#4690,#4691);
#4690 = CARTESIAN_POINT('',(63.214850783659,-100.1677232184,24.5162));
#4691 = VECTOR('',#4692,1.);
#4692 = DIRECTION('',(-0.912791627299,0.408425568656,0.));
#4693 = ORIENTED_EDGE('',*,*,#4694,.F.);
#4694 = EDGE_CURVE('',#4695,#4687,#4697,.T.);
#4695 = VERTEX_POINT('',#4696);
#4696 = CARTESIAN_POINT('',(62.974912174807,-100.0603634883,23.3162));
#4697 = LINE('',#4698,#4699);
#4698 = CARTESIAN_POINT('',(62.974912174807,-100.0603634883,23.3162));
#4699 = VECTOR('',#4700,1.);
#4700 = DIRECTION('',(0.,0.,1.));
#4701 = ORIENTED_EDGE('',*,*,#4702,.F.);
#4702 = EDGE_CURVE('',#4664,#4695,#4703,.T.);
#4703 = LINE('',#4704,#4705);
#4704 = CARTESIAN_POINT('',(63.214850783659,-100.1677232184,23.3162));
#4705 = VECTOR('',#4706,1.);
#4706 = DIRECTION('',(-0.912791627299,0.408425568656,0.));
#4707 = PLANE('',#4708);
#4708 = AXIS2_PLACEMENT_3D('',#4709,#4710,#4711);
#4709 = CARTESIAN_POINT('',(63.214850783659,-100.1677232184,23.3162));
#4710 = DIRECTION('',(-0.408425568656,-0.912791627299,0.));
#4711 = DIRECTION('',(-0.912791627299,0.408425568656,0.));
#4712 = ADVANCED_FACE('',(#4713),#4738,.T.);
#4713 = FACE_BOUND('',#4714,.T.);
#4714 = EDGE_LOOP('',(#4715,#4716,#4724,#4732));
#4715 = ORIENTED_EDGE('',*,*,#4694,.T.);
#4716 = ORIENTED_EDGE('',*,*,#4717,.T.);
#4717 = EDGE_CURVE('',#4687,#4718,#4720,.T.);
#4718 = VERTEX_POINT('',#4719);
#4719 = CARTESIAN_POINT('',(62.906256724415,-99.87928647902,24.5162));
#4720 = LINE('',#4721,#4722);
#4721 = CARTESIAN_POINT('',(62.974912174807,-100.0603634883,24.5162));
#4722 = VECTOR('',#4723,1.);
#4723 = DIRECTION('',(-0.354523620731,0.935047058893,0.));
#4724 = ORIENTED_EDGE('',*,*,#4725,.F.);
#4725 = EDGE_CURVE('',#4726,#4718,#4728,.T.);
#4726 = VERTEX_POINT('',#4727);
#4727 = CARTESIAN_POINT('',(62.906256724415,-99.87928647902,23.3162));
#4728 = LINE('',#4729,#4730);
#4729 = CARTESIAN_POINT('',(62.906256724415,-99.87928647902,23.3162));
#4730 = VECTOR('',#4731,1.);
#4731 = DIRECTION('',(0.,0.,1.));
#4732 = ORIENTED_EDGE('',*,*,#4733,.F.);
#4733 = EDGE_CURVE('',#4695,#4726,#4734,.T.);
#4734 = LINE('',#4735,#4736);
#4735 = CARTESIAN_POINT('',(62.974912174807,-100.0603634883,23.3162));
#4736 = VECTOR('',#4737,1.);
#4737 = DIRECTION('',(-0.354523620731,0.935047058893,0.));
#4738 = PLANE('',#4739);
#4739 = AXIS2_PLACEMENT_3D('',#4740,#4741,#4742);
#4740 = CARTESIAN_POINT('',(62.974912174807,-100.0603634883,23.3162));
#4741 = DIRECTION('',(-0.935047058893,-0.354523620731,0.));
#4742 = DIRECTION('',(-0.354523620731,0.935047058893,0.));
#4743 = ADVANCED_FACE('',(#4744),#4769,.T.);
#4744 = FACE_BOUND('',#4745,.T.);
#4745 = EDGE_LOOP('',(#4746,#4747,#4755,#4763));
#4746 = ORIENTED_EDGE('',*,*,#4725,.T.);
#4747 = ORIENTED_EDGE('',*,*,#4748,.T.);
#4748 = EDGE_CURVE('',#4718,#4749,#4751,.T.);
#4749 = VERTEX_POINT('',#4750);
#4750 = CARTESIAN_POINT('',(63.038122212356,-99.61372081501,24.5162));
#4751 = LINE('',#4752,#4753);
#4752 = CARTESIAN_POINT('',(62.906256724415,-99.87928647902,24.5162));
#4753 = VECTOR('',#4754,1.);
#4754 = DIRECTION('',(0.444736775273,0.895661320321,0.));
#4755 = ORIENTED_EDGE('',*,*,#4756,.F.);
#4756 = EDGE_CURVE('',#4757,#4749,#4759,.T.);
#4757 = VERTEX_POINT('',#4758);
#4758 = CARTESIAN_POINT('',(63.038122212356,-99.61372081501,23.3162));
#4759 = LINE('',#4760,#4761);
#4760 = CARTESIAN_POINT('',(63.038122212356,-99.61372081501,23.3162));
#4761 = VECTOR('',#4762,1.);
#4762 = DIRECTION('',(0.,0.,1.));
#4763 = ORIENTED_EDGE('',*,*,#4764,.F.);
#4764 = EDGE_CURVE('',#4726,#4757,#4765,.T.);
#4765 = LINE('',#4766,#4767);
#4766 = CARTESIAN_POINT('',(62.906256724415,-99.87928647902,23.3162));
#4767 = VECTOR('',#4768,1.);
#4768 = DIRECTION('',(0.444736775273,0.895661320321,0.));
#4769 = PLANE('',#4770);
#4770 = AXIS2_PLACEMENT_3D('',#4771,#4772,#4773);
#4771 = CARTESIAN_POINT('',(62.906256724415,-99.87928647902,23.3162));
#4772 = DIRECTION('',(-0.895661320321,0.444736775273,0.));
#4773 = DIRECTION('',(0.444736775273,0.895661320321,0.));
#4774 = ADVANCED_FACE('',(#4775),#4800,.T.);
#4775 = FACE_BOUND('',#4776,.T.);
#4776 = EDGE_LOOP('',(#4777,#4778,#4786,#4794));
#4777 = ORIENTED_EDGE('',*,*,#4756,.T.);
#4778 = ORIENTED_EDGE('',*,*,#4779,.T.);
#4779 = EDGE_CURVE('',#4749,#4780,#4782,.T.);
#4780 = VERTEX_POINT('',#4781);
#4781 = CARTESIAN_POINT('',(63.637067626787,-99.1554542269,24.5162));
#4782 = LINE('',#4783,#4784);
#4783 = CARTESIAN_POINT('',(63.038122212356,-99.61372081501,24.5162));
#4784 = VECTOR('',#4785,1.);
#4785 = DIRECTION('',(0.794198162403,0.607658850701,0.));
#4786 = ORIENTED_EDGE('',*,*,#4787,.F.);
#4787 = EDGE_CURVE('',#4788,#4780,#4790,.T.);
#4788 = VERTEX_POINT('',#4789);
#4789 = CARTESIAN_POINT('',(63.637067626787,-99.1554542269,23.3162));
#4790 = LINE('',#4791,#4792);
#4791 = CARTESIAN_POINT('',(63.637067626787,-99.1554542269,23.3162));
#4792 = VECTOR('',#4793,1.);
#4793 = DIRECTION('',(0.,0.,1.));
#4794 = ORIENTED_EDGE('',*,*,#4795,.F.);
#4795 = EDGE_CURVE('',#4757,#4788,#4796,.T.);
#4796 = LINE('',#4797,#4798);
#4797 = CARTESIAN_POINT('',(63.038122212356,-99.61372081501,23.3162));
#4798 = VECTOR('',#4799,1.);
#4799 = DIRECTION('',(0.794198162403,0.607658850701,0.));
#4800 = PLANE('',#4801);
#4801 = AXIS2_PLACEMENT_3D('',#4802,#4803,#4804);
#4802 = CARTESIAN_POINT('',(63.038122212356,-99.61372081501,23.3162));
#4803 = DIRECTION('',(-0.607658850701,0.794198162403,0.));
#4804 = DIRECTION('',(0.794198162403,0.607658850701,0.));
#4805 = ADVANCED_FACE('',(#4806),#4831,.T.);
#4806 = FACE_BOUND('',#4807,.T.);
#4807 = EDGE_LOOP('',(#4808,#4809,#4817,#4825));
#4808 = ORIENTED_EDGE('',*,*,#4787,.T.);
#4809 = ORIENTED_EDGE('',*,*,#4810,.T.);
#4810 = EDGE_CURVE('',#4780,#4811,#4813,.T.);
#4811 = VERTEX_POINT('',#4812);
#4812 = CARTESIAN_POINT('',(63.898364007216,-98.67528898137,24.5162));
#4813 = LINE('',#4814,#4815);
#4814 = CARTESIAN_POINT('',(63.637067626787,-99.1554542269,24.5162));
#4815 = VECTOR('',#4816,1.);
#4816 = DIRECTION('',(0.477989167473,0.87836573008,0.));
#4817 = ORIENTED_EDGE('',*,*,#4818,.F.);
#4818 = EDGE_CURVE('',#4819,#4811,#4821,.T.);
#4819 = VERTEX_POINT('',#4820);
#4820 = CARTESIAN_POINT('',(63.898364007216,-98.67528898137,23.3162));
#4821 = LINE('',#4822,#4823);
#4822 = CARTESIAN_POINT('',(63.898364007216,-98.67528898137,23.3162));
#4823 = VECTOR('',#4824,1.);
#4824 = DIRECTION('',(0.,0.,1.));
#4825 = ORIENTED_EDGE('',*,*,#4826,.F.);
#4826 = EDGE_CURVE('',#4788,#4819,#4827,.T.);
#4827 = LINE('',#4828,#4829);
#4828 = CARTESIAN_POINT('',(63.637067626787,-99.1554542269,23.3162));
#4829 = VECTOR('',#4830,1.);
#4830 = DIRECTION('',(0.477989167473,0.87836573008,0.));
#4831 = PLANE('',#4832);
#4832 = AXIS2_PLACEMENT_3D('',#4833,#4834,#4835);
#4833 = CARTESIAN_POINT('',(63.637067626787,-99.1554542269,23.3162));
#4834 = DIRECTION('',(-0.87836573008,0.477989167473,0.));
#4835 = DIRECTION('',(0.477989167473,0.87836573008,0.));
#4836 = ADVANCED_FACE('',(#4837),#4862,.T.);
#4837 = FACE_BOUND('',#4838,.T.);
#4838 = EDGE_LOOP('',(#4839,#4840,#4848,#4856));
#4839 = ORIENTED_EDGE('',*,*,#4818,.T.);
#4840 = ORIENTED_EDGE('',*,*,#4841,.T.);
#4841 = EDGE_CURVE('',#4811,#4842,#4844,.T.);
#4842 = VERTEX_POINT('',#4843);
#4843 = CARTESIAN_POINT('',(64.081621024897,-98.03703148436,24.5162));
#4844 = LINE('',#4845,#4846);
#4845 = CARTESIAN_POINT('',(63.898364007216,-98.67528898137,24.5162));
#4846 = VECTOR('',#4847,1.);
#4847 = DIRECTION('',(0.275970780058,0.961166025489,0.));
#4848 = ORIENTED_EDGE('',*,*,#4849,.F.);
#4849 = EDGE_CURVE('',#4850,#4842,#4852,.T.);
#4850 = VERTEX_POINT('',#4851);
#4851 = CARTESIAN_POINT('',(64.081621024897,-98.03703148436,23.3162));
#4852 = LINE('',#4853,#4854);
#4853 = CARTESIAN_POINT('',(64.081621024897,-98.03703148436,23.3162));
#4854 = VECTOR('',#4855,1.);
#4855 = DIRECTION('',(0.,0.,1.));
#4856 = ORIENTED_EDGE('',*,*,#4857,.F.);
#4857 = EDGE_CURVE('',#4819,#4850,#4858,.T.);
#4858 = LINE('',#4859,#4860);
#4859 = CARTESIAN_POINT('',(63.898364007216,-98.67528898137,23.3162));
#4860 = VECTOR('',#4861,1.);
#4861 = DIRECTION('',(0.275970780058,0.961166025489,0.));
#4862 = PLANE('',#4863);
#4863 = AXIS2_PLACEMENT_3D('',#4864,#4865,#4866);
#4864 = CARTESIAN_POINT('',(63.898364007216,-98.67528898137,23.3162));
#4865 = DIRECTION('',(-0.961166025489,0.275970780058,0.));
#4866 = DIRECTION('',(0.275970780058,0.961166025489,0.));
#4867 = ADVANCED_FACE('',(#4868),#4893,.T.);
#4868 = FACE_BOUND('',#4869,.T.);
#4869 = EDGE_LOOP('',(#4870,#4871,#4879,#4887));
#4870 = ORIENTED_EDGE('',*,*,#4849,.T.);
#4871 = ORIENTED_EDGE('',*,*,#4872,.T.);
#4872 = EDGE_CURVE('',#4842,#4873,#4875,.T.);
#4873 = VERTEX_POINT('',#4874);
#4874 = CARTESIAN_POINT('',(64.165803132655,-97.32152276803,24.5162));
#4875 = LINE('',#4876,#4877);
#4876 = CARTESIAN_POINT('',(64.081621024897,-98.03703148436,24.5162));
#4877 = VECTOR('',#4878,1.);
#4878 = DIRECTION('',(0.116847561396,0.993149861499,0.));
#4879 = ORIENTED_EDGE('',*,*,#4880,.F.);
#4880 = EDGE_CURVE('',#4881,#4873,#4883,.T.);
#4881 = VERTEX_POINT('',#4882);
#4882 = CARTESIAN_POINT('',(64.165803132655,-97.32152276803,23.3162));
#4883 = LINE('',#4884,#4885);
#4884 = CARTESIAN_POINT('',(64.165803132655,-97.32152276803,23.3162));
#4885 = VECTOR('',#4886,1.);
#4886 = DIRECTION('',(0.,0.,1.));
#4887 = ORIENTED_EDGE('',*,*,#4888,.F.);
#4888 = EDGE_CURVE('',#4850,#4881,#4889,.T.);
#4889 = LINE('',#4890,#4891);
#4890 = CARTESIAN_POINT('',(64.081621024897,-98.03703148436,23.3162));
#4891 = VECTOR('',#4892,1.);
#4892 = DIRECTION('',(0.116847561396,0.993149861499,0.));
#4893 = PLANE('',#4894);
#4894 = AXIS2_PLACEMENT_3D('',#4895,#4896,#4897);
#4895 = CARTESIAN_POINT('',(64.081621024897,-98.03703148436,23.3162));
#4896 = DIRECTION('',(-0.993149861499,0.116847561396,0.));
#4897 = DIRECTION('',(0.116847561396,0.993149861499,0.));
#4898 = ADVANCED_FACE('',(#4899),#4924,.T.);
#4899 = FACE_BOUND('',#4900,.T.);
#4900 = EDGE_LOOP('',(#4901,#4902,#4910,#4918));
#4901 = ORIENTED_EDGE('',*,*,#4880,.T.);
#4902 = ORIENTED_EDGE('',*,*,#4903,.T.);
#4903 = EDGE_CURVE('',#4873,#4904,#4906,.T.);
#4904 = VERTEX_POINT('',#4905);
#4905 = CARTESIAN_POINT('',(64.138953828344,-96.60728365368,24.5162));
#4906 = LINE('',#4907,#4908);
#4907 = CARTESIAN_POINT('',(64.165803132655,-97.32152276803,24.5162));
#4908 = VECTOR('',#4909,1.);
#4909 = DIRECTION('',(-3.756494599675E-02,0.999294188331,0.));
#4910 = ORIENTED_EDGE('',*,*,#4911,.F.);
#4911 = EDGE_CURVE('',#4912,#4904,#4914,.T.);
#4912 = VERTEX_POINT('',#4913);
#4913 = CARTESIAN_POINT('',(64.138953828344,-96.60728365368,23.3162));
#4914 = LINE('',#4915,#4916);
#4915 = CARTESIAN_POINT('',(64.138953828344,-96.60728365368,23.3162));
#4916 = VECTOR('',#4917,1.);
#4917 = DIRECTION('',(0.,0.,1.));
#4918 = ORIENTED_EDGE('',*,*,#4919,.F.);
#4919 = EDGE_CURVE('',#4881,#4912,#4920,.T.);
#4920 = LINE('',#4921,#4922);
#4921 = CARTESIAN_POINT('',(64.165803132655,-97.32152276803,23.3162));
#4922 = VECTOR('',#4923,1.);
#4923 = DIRECTION('',(-3.756494599675E-02,0.999294188331,0.));
#4924 = PLANE('',#4925);
#4925 = AXIS2_PLACEMENT_3D('',#4926,#4927,#4928);
#4926 = CARTESIAN_POINT('',(64.165803132655,-97.32152276803,23.3162));
#4927 = DIRECTION('',(-0.999294188331,-3.756494599675E-02,0.));
#4928 = DIRECTION('',(-3.756494599675E-02,0.999294188331,0.));
#4929 = ADVANCED_FACE('',(#4930),#4955,.T.);
#4930 = FACE_BOUND('',#4931,.T.);
#4931 = EDGE_LOOP('',(#4932,#4933,#4941,#4949));
#4932 = ORIENTED_EDGE('',*,*,#4911,.T.);
#4933 = ORIENTED_EDGE('',*,*,#4934,.T.);
#4934 = EDGE_CURVE('',#4904,#4935,#4937,.T.);
#4935 = VERTEX_POINT('',#4936);
#4936 = CARTESIAN_POINT('',(63.993629252172,-95.96781733222,24.5162));
#4937 = LINE('',#4938,#4939);
#4938 = CARTESIAN_POINT('',(64.138953828344,-96.60728365368,24.5162));
#4939 = VECTOR('',#4940,1.);
#4940 = DIRECTION('',(-0.221608519247,0.975135715784,0.));
#4941 = ORIENTED_EDGE('',*,*,#4942,.F.);
#4942 = EDGE_CURVE('',#4943,#4935,#4945,.T.);
#4943 = VERTEX_POINT('',#4944);
#4944 = CARTESIAN_POINT('',(63.993629252172,-95.96781733222,23.3162));
#4945 = LINE('',#4946,#4947);
#4946 = CARTESIAN_POINT('',(63.993629252172,-95.96781733222,23.3162));
#4947 = VECTOR('',#4948,1.);
#4948 = DIRECTION('',(0.,0.,1.));
#4949 = ORIENTED_EDGE('',*,*,#4950,.F.);
#4950 = EDGE_CURVE('',#4912,#4943,#4951,.T.);
#4951 = LINE('',#4952,#4953);
#4952 = CARTESIAN_POINT('',(64.138953828344,-96.60728365368,23.3162));
#4953 = VECTOR('',#4954,1.);
#4954 = DIRECTION('',(-0.221608519247,0.975135715784,0.));
#4955 = PLANE('',#4956);
#4956 = AXIS2_PLACEMENT_3D('',#4957,#4958,#4959);
#4957 = CARTESIAN_POINT('',(64.138953828344,-96.60728365368,23.3162));
#4958 = DIRECTION('',(-0.975135715784,-0.221608519247,0.));
#4959 = DIRECTION('',(-0.221608519247,0.975135715784,0.));
#4960 = ADVANCED_FACE('',(#4961),#4986,.T.);
#4961 = FACE_BOUND('',#4962,.T.);
#4962 = EDGE_LOOP('',(#4963,#4964,#4972,#4980));
#4963 = ORIENTED_EDGE('',*,*,#4942,.T.);
#4964 = ORIENTED_EDGE('',*,*,#4965,.T.);
#4965 = EDGE_CURVE('',#4935,#4966,#4968,.T.);
#4966 = VERTEX_POINT('',#4967);
#4967 = CARTESIAN_POINT('',(63.834158440781,-95.62929640588,24.5162));
#4968 = LINE('',#4969,#4970);
#4969 = CARTESIAN_POINT('',(63.993629252172,-95.96781733222,24.5162));
#4970 = VECTOR('',#4971,1.);
#4971 = DIRECTION('',(-0.426162035104,0.904646848132,0.));
#4972 = ORIENTED_EDGE('',*,*,#4973,.F.);
#4973 = EDGE_CURVE('',#4974,#4966,#4976,.T.);
#4974 = VERTEX_POINT('',#4975);
#4975 = CARTESIAN_POINT('',(63.834158440781,-95.62929640588,23.3162));
#4976 = LINE('',#4977,#4978);
#4977 = CARTESIAN_POINT('',(63.834158440781,-95.62929640588,23.3162));
#4978 = VECTOR('',#4979,1.);
#4979 = DIRECTION('',(0.,0.,1.));
#4980 = ORIENTED_EDGE('',*,*,#4981,.F.);
#4981 = EDGE_CURVE('',#4943,#4974,#4982,.T.);
#4982 = LINE('',#4983,#4984);
#4983 = CARTESIAN_POINT('',(63.993629252172,-95.96781733222,23.3162));
#4984 = VECTOR('',#4985,1.);
#4985 = DIRECTION('',(-0.426162035104,0.904646848132,0.));
#4986 = PLANE('',#4987);
#4987 = AXIS2_PLACEMENT_3D('',#4988,#4989,#4990);
#4988 = CARTESIAN_POINT('',(63.993629252172,-95.96781733222,23.3162));
#4989 = DIRECTION('',(-0.904646848132,-0.426162035104,0.));
#4990 = DIRECTION('',(-0.426162035104,0.904646848132,0.));
#4991 = ADVANCED_FACE('',(#4992),#5017,.T.);
#4992 = FACE_BOUND('',#4993,.T.);
#4993 = EDGE_LOOP('',(#4994,#4995,#5003,#5011));
#4994 = ORIENTED_EDGE('',*,*,#4973,.T.);
#4995 = ORIENTED_EDGE('',*,*,#4996,.T.);
#4996 = EDGE_CURVE('',#4966,#4997,#4999,.T.);
#4997 = VERTEX_POINT('',#4998);
#4998 = CARTESIAN_POINT('',(63.47007800994,-95.21109910975,24.5162));
#4999 = LINE('',#5000,#5001);
#5000 = CARTESIAN_POINT('',(63.834158440781,-95.62929640588,24.5162));
#5001 = VECTOR('',#5002,1.);
#5002 = DIRECTION('',(-0.656620823374,0.754220852477,0.));
#5003 = ORIENTED_EDGE('',*,*,#5004,.F.);
#5004 = EDGE_CURVE('',#5005,#4997,#5007,.T.);
#5005 = VERTEX_POINT('',#5006);
#5006 = CARTESIAN_POINT('',(63.47007800994,-95.21109910975,23.3162));
#5007 = LINE('',#5008,#5009);
#5008 = CARTESIAN_POINT('',(63.47007800994,-95.21109910975,23.3162));
#5009 = VECTOR('',#5010,1.);
#5010 = DIRECTION('',(0.,0.,1.));
#5011 = ORIENTED_EDGE('',*,*,#5012,.F.);
#5012 = EDGE_CURVE('',#4974,#5005,#5013,.T.);
#5013 = LINE('',#5014,#5015);
#5014 = CARTESIAN_POINT('',(63.834158440781,-95.62929640588,23.3162));
#5015 = VECTOR('',#5016,1.);
#5016 = DIRECTION('',(-0.656620823374,0.754220852477,0.));
#5017 = PLANE('',#5018);
#5018 = AXIS2_PLACEMENT_3D('',#5019,#5020,#5021);
#5019 = CARTESIAN_POINT('',(63.834158440781,-95.62929640588,23.3162));
#5020 = DIRECTION('',(-0.754220852477,-0.656620823374,0.));
#5021 = DIRECTION('',(-0.656620823374,0.754220852477,0.));
#5022 = ADVANCED_FACE('',(#5023),#5048,.T.);
#5023 = FACE_BOUND('',#5024,.T.);
#5024 = EDGE_LOOP('',(#5025,#5026,#5034,#5042));
#5025 = ORIENTED_EDGE('',*,*,#5004,.T.);
#5026 = ORIENTED_EDGE('',*,*,#5027,.T.);
#5027 = EDGE_CURVE('',#4997,#5028,#5030,.T.);
#5028 = VERTEX_POINT('',#5029);
#5029 = CARTESIAN_POINT('',(63.048178995957,-95.03986071902,24.5162));
#5030 = LINE('',#5031,#5032);
#5031 = CARTESIAN_POINT('',(63.47007800994,-95.21109910975,24.5162));
#5032 = VECTOR('',#5033,1.);
#5033 = DIRECTION('',(-0.926587594016,0.37607902177,0.));
#5034 = ORIENTED_EDGE('',*,*,#5035,.F.);
#5035 = EDGE_CURVE('',#5036,#5028,#5038,.T.);
#5036 = VERTEX_POINT('',#5037);
#5037 = CARTESIAN_POINT('',(63.048178995957,-95.03986071902,23.3162));
#5038 = LINE('',#5039,#5040);
#5039 = CARTESIAN_POINT('',(63.048178995957,-95.03986071902,23.3162));
#5040 = VECTOR('',#5041,1.);
#5041 = DIRECTION('',(0.,0.,1.));
#5042 = ORIENTED_EDGE('',*,*,#5043,.F.);
#5043 = EDGE_CURVE('',#5005,#5036,#5044,.T.);
#5044 = LINE('',#5045,#5046);
#5045 = CARTESIAN_POINT('',(63.47007800994,-95.21109910975,23.3162));
#5046 = VECTOR('',#5047,1.);
#5047 = DIRECTION('',(-0.926587594016,0.37607902177,0.));
#5048 = PLANE('',#5049);
#5049 = AXIS2_PLACEMENT_3D('',#5050,#5051,#5052);
#5050 = CARTESIAN_POINT('',(63.47007800994,-95.21109910975,23.3162));
#5051 = DIRECTION('',(-0.37607902177,-0.926587594016,0.));
#5052 = DIRECTION('',(-0.926587594016,0.37607902177,0.));
#5053 = ADVANCED_FACE('',(#5054),#5079,.T.);
#5054 = FACE_BOUND('',#5055,.T.);
#5055 = EDGE_LOOP('',(#5056,#5057,#5065,#5073));
#5056 = ORIENTED_EDGE('',*,*,#5035,.T.);
#5057 = ORIENTED_EDGE('',*,*,#5058,.T.);
#5058 = EDGE_CURVE('',#5028,#5059,#5061,.T.);
#5059 = VERTEX_POINT('',#5060);
#5060 = CARTESIAN_POINT('',(62.691546376791,-95.04685426893,24.5162));
#5061 = LINE('',#5062,#5063);
#5062 = CARTESIAN_POINT('',(63.048178995957,-95.03986071902,24.5162));
#5063 = VECTOR('',#5064,1.);
#5064 = DIRECTION('',(-0.999807780253,-1.960618640297E-02,0.));
#5065 = ORIENTED_EDGE('',*,*,#5066,.F.);
#5066 = EDGE_CURVE('',#5067,#5059,#5069,.T.);
#5067 = VERTEX_POINT('',#5068);
#5068 = CARTESIAN_POINT('',(62.691546376791,-95.04685426893,23.3162));
#5069 = LINE('',#5070,#5071);
#5070 = CARTESIAN_POINT('',(62.691546376791,-95.04685426893,23.3162));
#5071 = VECTOR('',#5072,1.);
#5072 = DIRECTION('',(0.,0.,1.));
#5073 = ORIENTED_EDGE('',*,*,#5074,.F.);
#5074 = EDGE_CURVE('',#5036,#5067,#5075,.T.);
#5075 = LINE('',#5076,#5077);
#5076 = CARTESIAN_POINT('',(63.048178995957,-95.03986071902,23.3162));
#5077 = VECTOR('',#5078,1.);
#5078 = DIRECTION('',(-0.999807780253,-1.960618640297E-02,0.));
#5079 = PLANE('',#5080);
#5080 = AXIS2_PLACEMENT_3D('',#5081,#5082,#5083);
#5081 = CARTESIAN_POINT('',(63.048178995957,-95.03986071902,23.3162));
#5082 = DIRECTION('',(1.960618640297E-02,-0.999807780253,0.));
#5083 = DIRECTION('',(-0.999807780253,-1.960618640297E-02,0.));
#5084 = ADVANCED_FACE('',(#5085),#5110,.T.);
#5085 = FACE_BOUND('',#5086,.T.);
#5086 = EDGE_LOOP('',(#5087,#5088,#5096,#5104));
#5087 = ORIENTED_EDGE('',*,*,#5066,.T.);
#5088 = ORIENTED_EDGE('',*,*,#5089,.T.);
#5089 = EDGE_CURVE('',#5059,#5090,#5092,.T.);
#5090 = VERTEX_POINT('',#5091);
#5091 = CARTESIAN_POINT('',(62.417096723412,-95.15645908979,24.5162));
#5092 = LINE('',#5093,#5094);
#5093 = CARTESIAN_POINT('',(62.691546376791,-95.04685426893,24.5162));
#5094 = VECTOR('',#5095,1.);
#5095 = DIRECTION('',(-0.92868079213,-0.370880016083,0.));
#5096 = ORIENTED_EDGE('',*,*,#5097,.F.);
#5097 = EDGE_CURVE('',#5098,#5090,#5100,.T.);
#5098 = VERTEX_POINT('',#5099);
#5099 = CARTESIAN_POINT('',(62.417096723412,-95.15645908979,23.3162));
#5100 = LINE('',#5101,#5102);
#5101 = CARTESIAN_POINT('',(62.417096723412,-95.15645908979,23.3162));
#5102 = VECTOR('',#5103,1.);
#5103 = DIRECTION('',(0.,0.,1.));
#5104 = ORIENTED_EDGE('',*,*,#5105,.F.);
#5105 = EDGE_CURVE('',#5067,#5098,#5106,.T.);
#5106 = LINE('',#5107,#5108);
#5107 = CARTESIAN_POINT('',(62.691546376791,-95.04685426893,23.3162));
#5108 = VECTOR('',#5109,1.);
#5109 = DIRECTION('',(-0.92868079213,-0.370880016083,0.));
#5110 = PLANE('',#5111);
#5111 = AXIS2_PLACEMENT_3D('',#5112,#5113,#5114);
#5112 = CARTESIAN_POINT('',(62.691546376791,-95.04685426893,23.3162));
#5113 = DIRECTION('',(0.370880016083,-0.92868079213,0.));
#5114 = DIRECTION('',(-0.92868079213,-0.370880016083,0.));
#5115 = ADVANCED_FACE('',(#5116),#5141,.T.);
#5116 = FACE_BOUND('',#5117,.T.);
#5117 = EDGE_LOOP('',(#5118,#5119,#5127,#5135));
#5118 = ORIENTED_EDGE('',*,*,#5097,.T.);
#5119 = ORIENTED_EDGE('',*,*,#5120,.T.);
#5120 = EDGE_CURVE('',#5090,#5121,#5123,.T.);
#5121 = VERTEX_POINT('',#5122);
#5122 = CARTESIAN_POINT('',(62.200260592036,-95.41871585415,24.5162));
#5123 = LINE('',#5124,#5125);
#5124 = CARTESIAN_POINT('',(62.417096723412,-95.15645908979,24.5162));
#5125 = VECTOR('',#5126,1.);
#5126 = DIRECTION('',(-0.637211932056,-0.770688623016,0.));
#5127 = ORIENTED_EDGE('',*,*,#5128,.F.);
#5128 = EDGE_CURVE('',#5129,#5121,#5131,.T.);
#5129 = VERTEX_POINT('',#5130);
#5130 = CARTESIAN_POINT('',(62.200260592036,-95.41871585415,23.3162));
#5131 = LINE('',#5132,#5133);
#5132 = CARTESIAN_POINT('',(62.200260592036,-95.41871585415,23.3162));
#5133 = VECTOR('',#5134,1.);
#5134 = DIRECTION('',(0.,0.,1.));
#5135 = ORIENTED_EDGE('',*,*,#5136,.F.);
#5136 = EDGE_CURVE('',#5098,#5129,#5137,.T.);
#5137 = LINE('',#5138,#5139);
#5138 = CARTESIAN_POINT('',(62.417096723412,-95.15645908979,23.3162));
#5139 = VECTOR('',#5140,1.);
#5140 = DIRECTION('',(-0.637211932056,-0.770688623016,0.));
#5141 = PLANE('',#5142);
#5142 = AXIS2_PLACEMENT_3D('',#5143,#5144,#5145);
#5143 = CARTESIAN_POINT('',(62.417096723412,-95.15645908979,23.3162));
#5144 = DIRECTION('',(0.770688623016,-0.637211932056,0.));
#5145 = DIRECTION('',(-0.637211932056,-0.770688623016,0.));
#5146 = ADVANCED_FACE('',(#5147),#5172,.T.);
#5147 = FACE_BOUND('',#5148,.T.);
#5148 = EDGE_LOOP('',(#5149,#5150,#5158,#5166));
#5149 = ORIENTED_EDGE('',*,*,#5128,.T.);
#5150 = ORIENTED_EDGE('',*,*,#5151,.T.);
#5151 = EDGE_CURVE('',#5121,#5152,#5154,.T.);
#5152 = VERTEX_POINT('',#5153);
#5153 = CARTESIAN_POINT('',(62.017074540158,-95.91550212787,24.5162));
#5154 = LINE('',#5155,#5156);
#5155 = CARTESIAN_POINT('',(62.200260592036,-95.41871585415,24.5162));
#5156 = VECTOR('',#5157,1.);
#5157 = DIRECTION('',(-0.345970629886,-0.938245342784,0.));
#5158 = ORIENTED_EDGE('',*,*,#5159,.F.);
#5159 = EDGE_CURVE('',#5160,#5152,#5162,.T.);
#5160 = VERTEX_POINT('',#5161);
#5161 = CARTESIAN_POINT('',(62.017074540158,-95.91550212787,23.3162));
#5162 = LINE('',#5163,#5164);
#5163 = CARTESIAN_POINT('',(62.017074540158,-95.91550212787,23.3162));
#5164 = VECTOR('',#5165,1.);
#5165 = DIRECTION('',(0.,0.,1.));
#5166 = ORIENTED_EDGE('',*,*,#5167,.F.);
#5167 = EDGE_CURVE('',#5129,#5160,#5168,.T.);
#5168 = LINE('',#5169,#5170);
#5169 = CARTESIAN_POINT('',(62.200260592036,-95.41871585415,23.3162));
#5170 = VECTOR('',#5171,1.);
#5171 = DIRECTION('',(-0.345970629886,-0.938245342784,0.));
#5172 = PLANE('',#5173);
#5173 = AXIS2_PLACEMENT_3D('',#5174,#5175,#5176);
#5174 = CARTESIAN_POINT('',(62.200260592036,-95.41871585415,23.3162));
#5175 = DIRECTION('',(0.938245342784,-0.345970629886,0.));
#5176 = DIRECTION('',(-0.345970629886,-0.938245342784,0.));
#5177 = ADVANCED_FACE('',(#5178),#5203,.T.);
#5178 = FACE_BOUND('',#5179,.T.);
#5179 = EDGE_LOOP('',(#5180,#5181,#5189,#5197));
#5180 = ORIENTED_EDGE('',*,*,#5159,.T.);
#5181 = ORIENTED_EDGE('',*,*,#5182,.T.);
#5182 = EDGE_CURVE('',#5152,#5183,#5185,.T.);
#5183 = VERTEX_POINT('',#5184);
#5184 = CARTESIAN_POINT('',(61.53835274781,-98.84725647431,24.5162));
#5185 = LINE('',#5186,#5187);
#5186 = CARTESIAN_POINT('',(62.017074540158,-95.91550212787,24.5162));
#5187 = VECTOR('',#5188,1.);
#5188 = DIRECTION('',(-0.161154202714,-0.986929239078,0.));
#5189 = ORIENTED_EDGE('',*,*,#5190,.F.);
#5190 = EDGE_CURVE('',#5191,#5183,#5193,.T.);
#5191 = VERTEX_POINT('',#5192);
#5192 = CARTESIAN_POINT('',(61.53835274781,-98.84725647431,23.3162));
#5193 = LINE('',#5194,#5195);
#5194 = CARTESIAN_POINT('',(61.53835274781,-98.84725647431,23.3162));
#5195 = VECTOR('',#5196,1.);
#5196 = DIRECTION('',(0.,0.,1.));
#5197 = ORIENTED_EDGE('',*,*,#5198,.F.);
#5198 = EDGE_CURVE('',#5160,#5191,#5199,.T.);
#5199 = LINE('',#5200,#5201);
#5200 = CARTESIAN_POINT('',(62.017074540158,-95.91550212787,23.3162));
#5201 = VECTOR('',#5202,1.);
#5202 = DIRECTION('',(-0.161154202714,-0.986929239078,0.));
#5203 = PLANE('',#5204);
#5204 = AXIS2_PLACEMENT_3D('',#5205,#5206,#5207);
#5205 = CARTESIAN_POINT('',(62.017074540158,-95.91550212787,23.3162));
#5206 = DIRECTION('',(0.986929239078,-0.161154202714,0.));
#5207 = DIRECTION('',(-0.161154202714,-0.986929239078,0.));
#5208 = ADVANCED_FACE('',(#5209),#5234,.T.);
#5209 = FACE_BOUND('',#5210,.T.);
#5210 = EDGE_LOOP('',(#5211,#5212,#5220,#5228));
#5211 = ORIENTED_EDGE('',*,*,#5190,.T.);
#5212 = ORIENTED_EDGE('',*,*,#5213,.T.);
#5213 = EDGE_CURVE('',#5183,#5214,#5216,.T.);
#5214 = VERTEX_POINT('',#5215);
#5215 = CARTESIAN_POINT('',(61.313753357122,-99.39690788267,24.5162));
#5216 = LINE('',#5217,#5218);
#5217 = CARTESIAN_POINT('',(61.53835274781,-98.84725647431,24.5162));
#5218 = VECTOR('',#5219,1.);
#5219 = DIRECTION('',(-0.378260590328,-0.925699155128,0.));
#5220 = ORIENTED_EDGE('',*,*,#5221,.F.);
#5221 = EDGE_CURVE('',#5222,#5214,#5224,.T.);
#5222 = VERTEX_POINT('',#5223);
#5223 = CARTESIAN_POINT('',(61.313753357122,-99.39690788267,23.3162));
#5224 = LINE('',#5225,#5226);
#5225 = CARTESIAN_POINT('',(61.313753357122,-99.39690788267,23.3162));
#5226 = VECTOR('',#5227,1.);
#5227 = DIRECTION('',(0.,0.,1.));
#5228 = ORIENTED_EDGE('',*,*,#5229,.F.);
#5229 = EDGE_CURVE('',#5191,#5222,#5230,.T.);
#5230 = LINE('',#5231,#5232);
#5231 = CARTESIAN_POINT('',(61.53835274781,-98.84725647431,23.3162));
#5232 = VECTOR('',#5233,1.);
#5233 = DIRECTION('',(-0.378260590328,-0.925699155128,0.));
#5234 = PLANE('',#5235);
#5235 = AXIS2_PLACEMENT_3D('',#5236,#5237,#5238);
#5236 = CARTESIAN_POINT('',(61.53835274781,-98.84725647431,23.3162));
#5237 = DIRECTION('',(0.925699155128,-0.378260590328,0.));
#5238 = DIRECTION('',(-0.378260590328,-0.925699155128,0.));
#5239 = ADVANCED_FACE('',(#5240),#5265,.T.);
#5240 = FACE_BOUND('',#5241,.T.);
#5241 = EDGE_LOOP('',(#5242,#5243,#5251,#5259));
#5242 = ORIENTED_EDGE('',*,*,#5221,.T.);
#5243 = ORIENTED_EDGE('',*,*,#5244,.T.);
#5244 = EDGE_CURVE('',#5214,#5245,#5247,.T.);
#5245 = VERTEX_POINT('',#5246);
#5246 = CARTESIAN_POINT('',(61.009893664344,-99.75392997455,24.5162));
#5247 = LINE('',#5248,#5249);
#5248 = CARTESIAN_POINT('',(61.313753357122,-99.39690788267,24.5162));
#5249 = VECTOR('',#5250,1.);
#5250 = DIRECTION('',(-0.64813236518,-0.761527699566,0.));
#5251 = ORIENTED_EDGE('',*,*,#5252,.F.);
#5252 = EDGE_CURVE('',#5253,#5245,#5255,.T.);
#5253 = VERTEX_POINT('',#5254);
#5254 = CARTESIAN_POINT('',(61.009893664344,-99.75392997455,23.3162));
#5255 = LINE('',#5256,#5257);
#5256 = CARTESIAN_POINT('',(61.009893664344,-99.75392997455,23.3162));
#5257 = VECTOR('',#5258,1.);
#5258 = DIRECTION('',(0.,0.,1.));
#5259 = ORIENTED_EDGE('',*,*,#5260,.F.);
#5260 = EDGE_CURVE('',#5222,#5253,#5261,.T.);
#5261 = LINE('',#5262,#5263);
#5262 = CARTESIAN_POINT('',(61.313753357122,-99.39690788267,23.3162));
#5263 = VECTOR('',#5264,1.);
#5264 = DIRECTION('',(-0.64813236518,-0.761527699566,0.));
#5265 = PLANE('',#5266);
#5266 = AXIS2_PLACEMENT_3D('',#5267,#5268,#5269);
#5267 = CARTESIAN_POINT('',(61.313753357122,-99.39690788267,23.3162));
#5268 = DIRECTION('',(0.761527699566,-0.64813236518,0.));
#5269 = DIRECTION('',(-0.64813236518,-0.761527699566,0.));
#5270 = ADVANCED_FACE('',(#5271),#5296,.T.);
#5271 = FACE_BOUND('',#5272,.T.);
#5272 = EDGE_LOOP('',(#5273,#5274,#5282,#5290));
#5273 = ORIENTED_EDGE('',*,*,#5252,.T.);
#5274 = ORIENTED_EDGE('',*,*,#5275,.T.);
#5275 = EDGE_CURVE('',#5245,#5276,#5278,.T.);
#5276 = VERTEX_POINT('',#5277);
#5277 = CARTESIAN_POINT('',(60.552445483648,-99.97607256447,24.5162));
#5278 = LINE('',#5279,#5280);
#5279 = CARTESIAN_POINT('',(61.009893664344,-99.75392997455,24.5162));
#5280 = VECTOR('',#5281,1.);
#5281 = DIRECTION('',(-0.899544111524,-0.436829934211,0.));
#5282 = ORIENTED_EDGE('',*,*,#5283,.F.);
#5283 = EDGE_CURVE('',#5284,#5276,#5286,.T.);
#5284 = VERTEX_POINT('',#5285);
#5285 = CARTESIAN_POINT('',(60.552445483648,-99.97607256447,23.3162));
#5286 = LINE('',#5287,#5288);
#5287 = CARTESIAN_POINT('',(60.552445483648,-99.97607256447,23.3162));
#5288 = VECTOR('',#5289,1.);
#5289 = DIRECTION('',(0.,0.,1.));
#5290 = ORIENTED_EDGE('',*,*,#5291,.F.);
#5291 = EDGE_CURVE('',#5253,#5284,#5292,.T.);
#5292 = LINE('',#5293,#5294);
#5293 = CARTESIAN_POINT('',(61.009893664344,-99.75392997455,23.3162));
#5294 = VECTOR('',#5295,1.);
#5295 = DIRECTION('',(-0.899544111524,-0.436829934211,0.));
#5296 = PLANE('',#5297);
#5297 = AXIS2_PLACEMENT_3D('',#5298,#5299,#5300);
#5298 = CARTESIAN_POINT('',(61.009893664344,-99.75392997455,23.3162));
#5299 = DIRECTION('',(0.436829934211,-0.899544111524,0.));
#5300 = DIRECTION('',(-0.899544111524,-0.436829934211,0.));
#5301 = ADVANCED_FACE('',(#5302),#5327,.T.);
#5302 = FACE_BOUND('',#5303,.T.);
#5303 = EDGE_LOOP('',(#5304,#5305,#5313,#5321));
#5304 = ORIENTED_EDGE('',*,*,#5283,.T.);
#5305 = ORIENTED_EDGE('',*,*,#5306,.T.);
#5306 = EDGE_CURVE('',#5276,#5307,#5309,.T.);
#5307 = VERTEX_POINT('',#5308);
#5308 = CARTESIAN_POINT('',(60.08331035657,-100.0249444348,24.5162));
#5309 = LINE('',#5310,#5311);
#5310 = CARTESIAN_POINT('',(60.552445483648,-99.97607256447,24.5162));
#5311 = VECTOR('',#5312,1.);
#5312 = DIRECTION('',(-0.994617616249,-0.103613693333,0.));
#5313 = ORIENTED_EDGE('',*,*,#5314,.F.);
#5314 = EDGE_CURVE('',#5315,#5307,#5317,.T.);
#5315 = VERTEX_POINT('',#5316);
#5316 = CARTESIAN_POINT('',(60.08331035657,-100.0249444348,23.3162));
#5317 = LINE('',#5318,#5319);
#5318 = CARTESIAN_POINT('',(60.08331035657,-100.0249444348,23.3162));
#5319 = VECTOR('',#5320,1.);
#5320 = DIRECTION('',(0.,0.,1.));
#5321 = ORIENTED_EDGE('',*,*,#5322,.F.);
#5322 = EDGE_CURVE('',#5284,#5315,#5323,.T.);
#5323 = LINE('',#5324,#5325);
#5324 = CARTESIAN_POINT('',(60.552445483648,-99.97607256447,23.3162));
#5325 = VECTOR('',#5326,1.);
#5326 = DIRECTION('',(-0.994617616249,-0.103613693333,0.));
#5327 = PLANE('',#5328);
#5328 = AXIS2_PLACEMENT_3D('',#5329,#5330,#5331);
#5329 = CARTESIAN_POINT('',(60.552445483648,-99.97607256447,23.3162));
#5330 = DIRECTION('',(0.103613693333,-0.994617616249,0.));
#5331 = DIRECTION('',(-0.994617616249,-0.103613693333,0.));
#5332 = ADVANCED_FACE('',(#5333),#5358,.T.);
#5333 = FACE_BOUND('',#5334,.T.);
#5334 = EDGE_LOOP('',(#5335,#5336,#5344,#5352));
#5335 = ORIENTED_EDGE('',*,*,#5314,.T.);
#5336 = ORIENTED_EDGE('',*,*,#5337,.T.);
#5337 = EDGE_CURVE('',#5307,#5338,#5340,.T.);
#5338 = VERTEX_POINT('',#5339);
#5339 = CARTESIAN_POINT('',(59.494291254907,-99.94489522078,24.5162));
#5340 = LINE('',#5341,#5342);
#5341 = CARTESIAN_POINT('',(60.08331035657,-100.0249444348,24.5162));
#5342 = VECTOR('',#5343,1.);
#5343 = DIRECTION('',(-0.990891228221,0.134664671813,0.));
#5344 = ORIENTED_EDGE('',*,*,#5345,.F.);
#5345 = EDGE_CURVE('',#5346,#5338,#5348,.T.);
#5346 = VERTEX_POINT('',#5347);
#5347 = CARTESIAN_POINT('',(59.494291254907,-99.94489522078,23.3162));
#5348 = LINE('',#5349,#5350);
#5349 = CARTESIAN_POINT('',(59.494291254907,-99.94489522078,23.3162));
#5350 = VECTOR('',#5351,1.);
#5351 = DIRECTION('',(0.,0.,1.));
#5352 = ORIENTED_EDGE('',*,*,#5353,.F.);
#5353 = EDGE_CURVE('',#5315,#5346,#5354,.T.);
#5354 = LINE('',#5355,#5356);
#5355 = CARTESIAN_POINT('',(60.08331035657,-100.0249444348,23.3162));
#5356 = VECTOR('',#5357,1.);
#5357 = DIRECTION('',(-0.990891228221,0.134664671813,0.));
#5358 = PLANE('',#5359);
#5359 = AXIS2_PLACEMENT_3D('',#5360,#5361,#5362);
#5360 = CARTESIAN_POINT('',(60.08331035657,-100.0249444348,23.3162));
#5361 = DIRECTION('',(-0.134664671813,-0.990891228221,0.));
#5362 = DIRECTION('',(-0.990891228221,0.134664671813,0.));
#5363 = ADVANCED_FACE('',(#5364),#5389,.T.);
#5364 = FACE_BOUND('',#5365,.T.);
#5365 = EDGE_LOOP('',(#5366,#5367,#5375,#5383));
#5366 = ORIENTED_EDGE('',*,*,#5345,.T.);
#5367 = ORIENTED_EDGE('',*,*,#5368,.T.);
#5368 = EDGE_CURVE('',#5338,#5369,#5371,.T.);
#5369 = VERTEX_POINT('',#5370);
#5370 = CARTESIAN_POINT('',(59.004698989505,-99.61780534237,24.5162));
#5371 = LINE('',#5372,#5373);
#5372 = CARTESIAN_POINT('',(59.494291254907,-99.94489522078,24.5162));
#5373 = VECTOR('',#5374,1.);
#5374 = DIRECTION('',(-0.831505083339,0.555517143192,0.));
#5375 = ORIENTED_EDGE('',*,*,#5376,.F.);
#5376 = EDGE_CURVE('',#5377,#5369,#5379,.T.);
#5377 = VERTEX_POINT('',#5378);
#5378 = CARTESIAN_POINT('',(59.004698989505,-99.61780534237,23.3162));
#5379 = LINE('',#5380,#5381);
#5380 = CARTESIAN_POINT('',(59.004698989505,-99.61780534237,23.3162));
#5381 = VECTOR('',#5382,1.);
#5382 = DIRECTION('',(0.,0.,1.));
#5383 = ORIENTED_EDGE('',*,*,#5384,.F.);
#5384 = EDGE_CURVE('',#5346,#5377,#5385,.T.);
#5385 = LINE('',#5386,#5387);
#5386 = CARTESIAN_POINT('',(59.494291254907,-99.94489522078,23.3162));
#5387 = VECTOR('',#5388,1.);
#5388 = DIRECTION('',(-0.831505083339,0.555517143192,0.));
#5389 = PLANE('',#5390);
#5390 = AXIS2_PLACEMENT_3D('',#5391,#5392,#5393);
#5391 = CARTESIAN_POINT('',(59.494291254907,-99.94489522078,23.3162));
#5392 = DIRECTION('',(-0.555517143192,-0.831505083339,0.));
#5393 = DIRECTION('',(-0.831505083339,0.555517143192,0.));
#5394 = ADVANCED_FACE('',(#5395),#5420,.T.);
#5395 = FACE_BOUND('',#5396,.T.);
#5396 = EDGE_LOOP('',(#5397,#5398,#5406,#5414));
#5397 = ORIENTED_EDGE('',*,*,#5376,.T.);
#5398 = ORIENTED_EDGE('',*,*,#5399,.T.);
#5399 = EDGE_CURVE('',#5369,#5400,#5402,.T.);
#5400 = VERTEX_POINT('',#5401);
#5401 = CARTESIAN_POINT('',(58.560077981946,-98.94921604137,24.5162));
#5402 = LINE('',#5403,#5404);
#5403 = CARTESIAN_POINT('',(59.004698989505,-99.61780534237,24.5162));
#5404 = VECTOR('',#5405,1.);
#5405 = DIRECTION('',(-0.553746907569,0.832685031904,0.));
#5406 = ORIENTED_EDGE('',*,*,#5407,.F.);
#5407 = EDGE_CURVE('',#5408,#5400,#5410,.T.);
#5408 = VERTEX_POINT('',#5409);
#5409 = CARTESIAN_POINT('',(58.560077981946,-98.94921604137,23.3162));
#5410 = LINE('',#5411,#5412);
#5411 = CARTESIAN_POINT('',(58.560077981946,-98.94921604137,23.3162));
#5412 = VECTOR('',#5413,1.);
#5413 = DIRECTION('',(0.,0.,1.));
#5414 = ORIENTED_EDGE('',*,*,#5415,.F.);
#5415 = EDGE_CURVE('',#5377,#5408,#5416,.T.);
#5416 = LINE('',#5417,#5418);
#5417 = CARTESIAN_POINT('',(59.004698989505,-99.61780534237,23.3162));
#5418 = VECTOR('',#5419,1.);
#5419 = DIRECTION('',(-0.553746907569,0.832685031904,0.));
#5420 = PLANE('',#5421);
#5421 = AXIS2_PLACEMENT_3D('',#5422,#5423,#5424);
#5422 = CARTESIAN_POINT('',(59.004698989505,-99.61780534237,23.3162));
#5423 = DIRECTION('',(-0.832685031904,-0.553746907569,0.));
#5424 = DIRECTION('',(-0.553746907569,0.832685031904,0.));
#5425 = ADVANCED_FACE('',(#5426),#5451,.T.);
#5426 = FACE_BOUND('',#5427,.T.);
#5427 = EDGE_LOOP('',(#5428,#5429,#5437,#5445));
#5428 = ORIENTED_EDGE('',*,*,#5407,.T.);
#5429 = ORIENTED_EDGE('',*,*,#5430,.T.);
#5430 = EDGE_CURVE('',#5400,#5431,#5433,.T.);
#5431 = VERTEX_POINT('',#5432);
#5432 = CARTESIAN_POINT('',(58.291071957209,-98.15051827587,24.5162));
#5433 = LINE('',#5434,#5435);
#5434 = CARTESIAN_POINT('',(58.560077981946,-98.94921604137,24.5162));
#5435 = VECTOR('',#5436,1.);
#5436 = DIRECTION('',(-0.31918795302,0.94769143219,0.));
#5437 = ORIENTED_EDGE('',*,*,#5438,.F.);
#5438 = EDGE_CURVE('',#5439,#5431,#5441,.T.);
#5439 = VERTEX_POINT('',#5440);
#5440 = CARTESIAN_POINT('',(58.291071957209,-98.15051827587,23.3162));
#5441 = LINE('',#5442,#5443);
#5442 = CARTESIAN_POINT('',(58.291071957209,-98.15051827587,23.3162));
#5443 = VECTOR('',#5444,1.);
#5444 = DIRECTION('',(0.,0.,1.));
#5445 = ORIENTED_EDGE('',*,*,#5446,.F.);
#5446 = EDGE_CURVE('',#5408,#5439,#5447,.T.);
#5447 = LINE('',#5448,#5449);
#5448 = CARTESIAN_POINT('',(58.560077981946,-98.94921604137,23.3162));
#5449 = VECTOR('',#5450,1.);
#5450 = DIRECTION('',(-0.31918795302,0.94769143219,0.));
#5451 = PLANE('',#5452);
#5452 = AXIS2_PLACEMENT_3D('',#5453,#5454,#5455);
#5453 = CARTESIAN_POINT('',(58.560077981946,-98.94921604137,23.3162));
#5454 = DIRECTION('',(-0.94769143219,-0.31918795302,0.));
#5455 = DIRECTION('',(-0.31918795302,0.94769143219,0.));
#5456 = ADVANCED_FACE('',(#5457),#5482,.T.);
#5457 = FACE_BOUND('',#5458,.T.);
#5458 = EDGE_LOOP('',(#5459,#5460,#5468,#5476));
#5459 = ORIENTED_EDGE('',*,*,#5438,.T.);
#5460 = ORIENTED_EDGE('',*,*,#5461,.T.);
#5461 = EDGE_CURVE('',#5431,#5462,#5464,.T.);
#5462 = VERTEX_POINT('',#5463);
#5463 = CARTESIAN_POINT('',(58.188898920884,-97.28312192889,24.5162));
#5464 = LINE('',#5465,#5466);
#5465 = CARTESIAN_POINT('',(58.291071957209,-98.15051827587,24.5162));
#5466 = VECTOR('',#5467,1.);
#5467 = DIRECTION('',(-0.116984001727,0.993133799314,0.));
#5468 = ORIENTED_EDGE('',*,*,#5469,.F.);
#5469 = EDGE_CURVE('',#5470,#5462,#5472,.T.);
#5470 = VERTEX_POINT('',#5471);
#5471 = CARTESIAN_POINT('',(58.188898920884,-97.28312192889,23.3162));
#5472 = LINE('',#5473,#5474);
#5473 = CARTESIAN_POINT('',(58.188898920884,-97.28312192889,23.3162));
#5474 = VECTOR('',#5475,1.);
#5475 = DIRECTION('',(0.,0.,1.));
#5476 = ORIENTED_EDGE('',*,*,#5477,.F.);
#5477 = EDGE_CURVE('',#5439,#5470,#5478,.T.);
#5478 = LINE('',#5479,#5480);
#5479 = CARTESIAN_POINT('',(58.291071957209,-98.15051827587,23.3162));
#5480 = VECTOR('',#5481,1.);
#5481 = DIRECTION('',(-0.116984001727,0.993133799314,0.));
#5482 = PLANE('',#5483);
#5483 = AXIS2_PLACEMENT_3D('',#5484,#5485,#5486);
#5484 = CARTESIAN_POINT('',(58.291071957209,-98.15051827587,23.3162));
#5485 = DIRECTION('',(-0.993133799314,-0.116984001727,0.));
#5486 = DIRECTION('',(-0.116984001727,0.993133799314,0.));
#5487 = ADVANCED_FACE('',(#5488),#5513,.T.);
#5488 = FACE_BOUND('',#5489,.T.);
#5489 = EDGE_LOOP('',(#5490,#5491,#5499,#5507));
#5490 = ORIENTED_EDGE('',*,*,#5469,.T.);
#5491 = ORIENTED_EDGE('',*,*,#5492,.T.);
#5492 = EDGE_CURVE('',#5462,#5493,#5495,.T.);
#5493 = VERTEX_POINT('',#5494);
#5494 = CARTESIAN_POINT('',(58.251574688645,-96.44446451024,24.5162));
#5495 = LINE('',#5496,#5497);
#5496 = CARTESIAN_POINT('',(58.188898920884,-97.28312192889,24.5162));
#5497 = VECTOR('',#5498,1.);
#5498 = DIRECTION('',(7.452563017477E-02,0.997219098517,0.));
#5499 = ORIENTED_EDGE('',*,*,#5500,.F.);
#5500 = EDGE_CURVE('',#5501,#5493,#5503,.T.);
#5501 = VERTEX_POINT('',#5502);
#5502 = CARTESIAN_POINT('',(58.251574688645,-96.44446451024,23.3162));
#5503 = LINE('',#5504,#5505);
#5504 = CARTESIAN_POINT('',(58.251574688645,-96.44446451024,23.3162));
#5505 = VECTOR('',#5506,1.);
#5506 = DIRECTION('',(0.,0.,1.));
#5507 = ORIENTED_EDGE('',*,*,#5508,.F.);
#5508 = EDGE_CURVE('',#5470,#5501,#5509,.T.);
#5509 = LINE('',#5510,#5511);
#5510 = CARTESIAN_POINT('',(58.188898920884,-97.28312192889,23.3162));
#5511 = VECTOR('',#5512,1.);
#5512 = DIRECTION('',(7.452563017477E-02,0.997219098517,0.));
#5513 = PLANE('',#5514);
#5514 = AXIS2_PLACEMENT_3D('',#5515,#5516,#5517);
#5515 = CARTESIAN_POINT('',(58.188898920884,-97.28312192889,23.3162));
#5516 = DIRECTION('',(-0.997219098517,7.452563017477E-02,0.));
#5517 = DIRECTION('',(7.452563017477E-02,0.997219098517,0.));
#5518 = ADVANCED_FACE('',(#5519),#5544,.T.);
#5519 = FACE_BOUND('',#5520,.T.);
#5520 = EDGE_LOOP('',(#5521,#5522,#5530,#5538));
#5521 = ORIENTED_EDGE('',*,*,#5500,.T.);
#5522 = ORIENTED_EDGE('',*,*,#5523,.T.);
#5523 = EDGE_CURVE('',#5493,#5524,#5526,.T.);
#5524 = VERTEX_POINT('',#5525);
#5525 = CARTESIAN_POINT('',(58.487282657214,-95.64658650234,24.5162));
#5526 = LINE('',#5527,#5528);
#5527 = CARTESIAN_POINT('',(58.251574688645,-96.44446451024,24.5162));
#5528 = VECTOR('',#5529,1.);
#5529 = DIRECTION('',(0.283314396598,0.959027086521,0.));
#5530 = ORIENTED_EDGE('',*,*,#5531,.F.);
#5531 = EDGE_CURVE('',#5532,#5524,#5534,.T.);
#5532 = VERTEX_POINT('',#5533);
#5533 = CARTESIAN_POINT('',(58.487282657214,-95.64658650234,23.3162));
#5534 = LINE('',#5535,#5536);
#5535 = CARTESIAN_POINT('',(58.487282657214,-95.64658650234,23.3162));
#5536 = VECTOR('',#5537,1.);
#5537 = DIRECTION('',(0.,0.,1.));
#5538 = ORIENTED_EDGE('',*,*,#5539,.F.);
#5539 = EDGE_CURVE('',#5501,#5532,#5540,.T.);
#5540 = LINE('',#5541,#5542);
#5541 = CARTESIAN_POINT('',(58.251574688645,-96.44446451024,23.3162));
#5542 = VECTOR('',#5543,1.);
#5543 = DIRECTION('',(0.283314396598,0.959027086521,0.));
#5544 = PLANE('',#5545);
#5545 = AXIS2_PLACEMENT_3D('',#5546,#5547,#5548);
#5546 = CARTESIAN_POINT('',(58.251574688645,-96.44446451024,23.3162));
#5547 = DIRECTION('',(-0.959027086521,0.283314396598,0.));
#5548 = DIRECTION('',(0.283314396598,0.959027086521,0.));
#5549 = ADVANCED_FACE('',(#5550),#5575,.T.);
#5550 = FACE_BOUND('',#5551,.T.);
#5551 = EDGE_LOOP('',(#5552,#5553,#5561,#5569));
#5552 = ORIENTED_EDGE('',*,*,#5531,.T.);
#5553 = ORIENTED_EDGE('',*,*,#5554,.T.);
#5554 = EDGE_CURVE('',#5524,#5555,#5557,.T.);
#5555 = VERTEX_POINT('',#5556);
#5556 = CARTESIAN_POINT('',(58.885624180212,-95.03096446161,24.5162));
#5557 = LINE('',#5558,#5559);
#5558 = CARTESIAN_POINT('',(58.487282657214,-95.64658650234,24.5162));
#5559 = VECTOR('',#5560,1.);
#5560 = DIRECTION('',(0.543249210972,0.839571494739,0.));
#5561 = ORIENTED_EDGE('',*,*,#5562,.F.);
#5562 = EDGE_CURVE('',#5563,#5555,#5565,.T.);
#5563 = VERTEX_POINT('',#5564);
#5564 = CARTESIAN_POINT('',(58.885624180212,-95.03096446161,23.3162));
#5565 = LINE('',#5566,#5567);
#5566 = CARTESIAN_POINT('',(58.885624180212,-95.03096446161,23.3162));
#5567 = VECTOR('',#5568,1.);
#5568 = DIRECTION('',(0.,0.,1.));
#5569 = ORIENTED_EDGE('',*,*,#5570,.F.);
#5570 = EDGE_CURVE('',#5532,#5563,#5571,.T.);
#5571 = LINE('',#5572,#5573);
#5572 = CARTESIAN_POINT('',(58.487282657214,-95.64658650234,23.3162));
#5573 = VECTOR('',#5574,1.);
#5574 = DIRECTION('',(0.543249210972,0.839571494739,0.));
#5575 = PLANE('',#5576);
#5576 = AXIS2_PLACEMENT_3D('',#5577,#5578,#5579);
#5577 = CARTESIAN_POINT('',(58.487282657214,-95.64658650234,23.3162));
#5578 = DIRECTION('',(-0.839571494739,0.543249210972,0.));
#5579 = DIRECTION('',(0.543249210972,0.839571494739,0.));
#5580 = ADVANCED_FACE('',(#5581),#5606,.T.);
#5581 = FACE_BOUND('',#5582,.T.);
#5582 = EDGE_LOOP('',(#5583,#5584,#5592,#5600));
#5583 = ORIENTED_EDGE('',*,*,#5562,.T.);
#5584 = ORIENTED_EDGE('',*,*,#5585,.T.);
#5585 = EDGE_CURVE('',#5555,#5586,#5588,.T.);
#5586 = VERTEX_POINT('',#5587);
#5587 = CARTESIAN_POINT('',(59.395888472571,-94.61904266757,24.5162));
#5588 = LINE('',#5589,#5590);
#5589 = CARTESIAN_POINT('',(58.885624180212,-95.03096446161,24.5162));
#5590 = VECTOR('',#5591,1.);
#5591 = DIRECTION('',(0.778101226132,0.628138903342,0.));
#5592 = ORIENTED_EDGE('',*,*,#5593,.F.);
#5593 = EDGE_CURVE('',#5594,#5586,#5596,.T.);
#5594 = VERTEX_POINT('',#5595);
#5595 = CARTESIAN_POINT('',(59.395888472571,-94.61904266757,23.3162));
#5596 = LINE('',#5597,#5598);
#5597 = CARTESIAN_POINT('',(59.395888472571,-94.61904266757,23.3162));
#5598 = VECTOR('',#5599,1.);
#5599 = DIRECTION('',(0.,0.,1.));
#5600 = ORIENTED_EDGE('',*,*,#5601,.F.);
#5601 = EDGE_CURVE('',#5563,#5594,#5602,.T.);
#5602 = LINE('',#5603,#5604);
#5603 = CARTESIAN_POINT('',(58.885624180212,-95.03096446161,23.3162));
#5604 = VECTOR('',#5605,1.);
#5605 = DIRECTION('',(0.778101226132,0.628138903342,0.));
#5606 = PLANE('',#5607);
#5607 = AXIS2_PLACEMENT_3D('',#5608,#5609,#5610);
#5608 = CARTESIAN_POINT('',(58.885624180212,-95.03096446161,23.3162));
#5609 = DIRECTION('',(-0.628138903342,0.778101226132,0.));
#5610 = DIRECTION('',(0.778101226132,0.628138903342,0.));
#5611 = ADVANCED_FACE('',(#5612),#5628,.T.);
#5612 = FACE_BOUND('',#5613,.T.);
#5613 = EDGE_LOOP('',(#5614,#5615,#5621,#5622));
#5614 = ORIENTED_EDGE('',*,*,#5593,.T.);
#5615 = ORIENTED_EDGE('',*,*,#5616,.T.);
#5616 = EDGE_CURVE('',#5586,#3811,#5617,.T.);
#5617 = LINE('',#5618,#5619);
#5618 = CARTESIAN_POINT('',(59.395888472571,-94.61904266757,24.5162));
#5619 = VECTOR('',#5620,1.);
#5620 = DIRECTION('',(0.957453234536,0.288588467679,0.));
#5621 = ORIENTED_EDGE('',*,*,#3808,.F.);
#5622 = ORIENTED_EDGE('',*,*,#5623,.F.);
#5623 = EDGE_CURVE('',#5594,#3809,#5624,.T.);
#5624 = LINE('',#5625,#5626);
#5625 = CARTESIAN_POINT('',(59.395888472571,-94.61904266757,23.3162));
#5626 = VECTOR('',#5627,1.);
#5627 = DIRECTION('',(0.957453234536,0.288588467679,0.));
#5628 = PLANE('',#5629);
#5629 = AXIS2_PLACEMENT_3D('',#5630,#5631,#5632);
#5630 = CARTESIAN_POINT('',(59.395888472571,-94.61904266757,23.3162));
#5631 = DIRECTION('',(-0.288588467679,0.957453234536,0.));
#5632 = DIRECTION('',(0.957453234536,0.288588467679,0.));
#5633 = ADVANCED_FACE('',(#5634),#5695,.T.);
#5634 = FACE_BOUND('',#5635,.T.);
#5635 = EDGE_LOOP('',(#5636,#5637,#5638,#5639,#5640,#5641,#5642,#5643,
    #5644,#5645,#5646,#5647,#5648,#5649,#5650,#5651,#5652,#5653,#5654,
    #5655,#5656,#5657,#5658,#5659,#5660,#5661,#5662,#5663,#5664,#5665,
    #5666,#5667,#5668,#5669,#5670,#5671,#5672,#5673,#5674,#5675,#5676,
    #5677,#5678,#5679,#5680,#5681,#5682,#5683,#5684,#5685,#5686,#5687,
    #5688,#5689,#5690,#5691,#5692,#5693,#5694));
#5636 = ORIENTED_EDGE('',*,*,#3834,.T.);
#5637 = ORIENTED_EDGE('',*,*,#3865,.T.);
#5638 = ORIENTED_EDGE('',*,*,#3896,.T.);
#5639 = ORIENTED_EDGE('',*,*,#3927,.T.);
#5640 = ORIENTED_EDGE('',*,*,#3958,.T.);
#5641 = ORIENTED_EDGE('',*,*,#3989,.T.);
#5642 = ORIENTED_EDGE('',*,*,#4020,.T.);
#5643 = ORIENTED_EDGE('',*,*,#4051,.T.);
#5644 = ORIENTED_EDGE('',*,*,#4082,.T.);
#5645 = ORIENTED_EDGE('',*,*,#4113,.T.);
#5646 = ORIENTED_EDGE('',*,*,#4144,.T.);
#5647 = ORIENTED_EDGE('',*,*,#4175,.T.);
#5648 = ORIENTED_EDGE('',*,*,#4206,.T.);
#5649 = ORIENTED_EDGE('',*,*,#4237,.T.);
#5650 = ORIENTED_EDGE('',*,*,#4268,.T.);
#5651 = ORIENTED_EDGE('',*,*,#4299,.T.);
#5652 = ORIENTED_EDGE('',*,*,#4330,.T.);
#5653 = ORIENTED_EDGE('',*,*,#4361,.T.);
#5654 = ORIENTED_EDGE('',*,*,#4392,.T.);
#5655 = ORIENTED_EDGE('',*,*,#4423,.T.);
#5656 = ORIENTED_EDGE('',*,*,#4454,.T.);
#5657 = ORIENTED_EDGE('',*,*,#4485,.T.);
#5658 = ORIENTED_EDGE('',*,*,#4516,.T.);
#5659 = ORIENTED_EDGE('',*,*,#4547,.T.);
#5660 = ORIENTED_EDGE('',*,*,#4578,.T.);
#5661 = ORIENTED_EDGE('',*,*,#4609,.T.);
#5662 = ORIENTED_EDGE('',*,*,#4640,.T.);
#5663 = ORIENTED_EDGE('',*,*,#4671,.T.);
#5664 = ORIENTED_EDGE('',*,*,#4702,.T.);
#5665 = ORIENTED_EDGE('',*,*,#4733,.T.);
#5666 = ORIENTED_EDGE('',*,*,#4764,.T.);
#5667 = ORIENTED_EDGE('',*,*,#4795,.T.);
#5668 = ORIENTED_EDGE('',*,*,#4826,.T.);
#5669 = ORIENTED_EDGE('',*,*,#4857,.T.);
#5670 = ORIENTED_EDGE('',*,*,#4888,.T.);
#5671 = ORIENTED_EDGE('',*,*,#4919,.T.);
#5672 = ORIENTED_EDGE('',*,*,#4950,.T.);
#5673 = ORIENTED_EDGE('',*,*,#4981,.T.);
#5674 = ORIENTED_EDGE('',*,*,#5012,.T.);
#5675 = ORIENTED_EDGE('',*,*,#5043,.T.);
#5676 = ORIENTED_EDGE('',*,*,#5074,.T.);
#5677 = ORIENTED_EDGE('',*,*,#5105,.T.);
#5678 = ORIENTED_EDGE('',*,*,#5136,.T.);
#5679 = ORIENTED_EDGE('',*,*,#5167,.T.);
#5680 = ORIENTED_EDGE('',*,*,#5198,.T.);
#5681 = ORIENTED_EDGE('',*,*,#5229,.T.);
#5682 = ORIENTED_EDGE('',*,*,#5260,.T.);
#5683 = ORIENTED_EDGE('',*,*,#5291,.T.);
#5684 = ORIENTED_EDGE('',*,*,#5322,.T.);
#5685 = ORIENTED_EDGE('',*,*,#5353,.T.);
#5686 = ORIENTED_EDGE('',*,*,#5384,.T.);
#5687 = ORIENTED_EDGE('',*,*,#5415,.T.);
#5688 = ORIENTED_EDGE('',*,*,#5446,.T.);
#5689 = ORIENTED_EDGE('',*,*,#5477,.T.);
#5690 = ORIENTED_EDGE('',*,*,#5508,.T.);
#5691 = ORIENTED_EDGE('',*,*,#5539,.T.);
#5692 = ORIENTED_EDGE('',*,*,#5570,.T.);
#5693 = ORIENTED_EDGE('',*,*,#5601,.T.);
#5694 = ORIENTED_EDGE('',*,*,#5623,.T.);
#5695 = PLANE('',#5696);
#5696 = AXIS2_PLACEMENT_3D('',#5697,#5698,#5699);
#5697 = CARTESIAN_POINT('',(61.568047905385,-97.25530521259,23.3162));
#5698 = DIRECTION('',(-0.,-0.,-1.));
#5699 = DIRECTION('',(-1.,0.,0.));
#5700 = ADVANCED_FACE('',(#5701),#5762,.F.);
#5701 = FACE_BOUND('',#5702,.F.);
#5702 = EDGE_LOOP('',(#5703,#5704,#5705,#5706,#5707,#5708,#5709,#5710,
    #5711,#5712,#5713,#5714,#5715,#5716,#5717,#5718,#5719,#5720,#5721,
    #5722,#5723,#5724,#5725,#5726,#5727,#5728,#5729,#5730,#5731,#5732,
    #5733,#5734,#5735,#5736,#5737,#5738,#5739,#5740,#5741,#5742,#5743,
    #5744,#5745,#5746,#5747,#5748,#5749,#5750,#5751,#5752,#5753,#5754,
    #5755,#5756,#5757,#5758,#5759,#5760,#5761));
#5703 = ORIENTED_EDGE('',*,*,#3818,.T.);
#5704 = ORIENTED_EDGE('',*,*,#3849,.T.);
#5705 = ORIENTED_EDGE('',*,*,#3880,.T.);
#5706 = ORIENTED_EDGE('',*,*,#3911,.T.);
#5707 = ORIENTED_EDGE('',*,*,#3942,.T.);
#5708 = ORIENTED_EDGE('',*,*,#3973,.T.);
#5709 = ORIENTED_EDGE('',*,*,#4004,.T.);
#5710 = ORIENTED_EDGE('',*,*,#4035,.T.);
#5711 = ORIENTED_EDGE('',*,*,#4066,.T.);
#5712 = ORIENTED_EDGE('',*,*,#4097,.T.);
#5713 = ORIENTED_EDGE('',*,*,#4128,.T.);
#5714 = ORIENTED_EDGE('',*,*,#4159,.T.);
#5715 = ORIENTED_EDGE('',*,*,#4190,.T.);
#5716 = ORIENTED_EDGE('',*,*,#4221,.T.);
#5717 = ORIENTED_EDGE('',*,*,#4252,.T.);
#5718 = ORIENTED_EDGE('',*,*,#4283,.T.);
#5719 = ORIENTED_EDGE('',*,*,#4314,.T.);
#5720 = ORIENTED_EDGE('',*,*,#4345,.T.);
#5721 = ORIENTED_EDGE('',*,*,#4376,.T.);
#5722 = ORIENTED_EDGE('',*,*,#4407,.T.);
#5723 = ORIENTED_EDGE('',*,*,#4438,.T.);
#5724 = ORIENTED_EDGE('',*,*,#4469,.T.);
#5725 = ORIENTED_EDGE('',*,*,#4500,.T.);
#5726 = ORIENTED_EDGE('',*,*,#4531,.T.);
#5727 = ORIENTED_EDGE('',*,*,#4562,.T.);
#5728 = ORIENTED_EDGE('',*,*,#4593,.T.);
#5729 = ORIENTED_EDGE('',*,*,#4624,.T.);
#5730 = ORIENTED_EDGE('',*,*,#4655,.T.);
#5731 = ORIENTED_EDGE('',*,*,#4686,.T.);
#5732 = ORIENTED_EDGE('',*,*,#4717,.T.);
#5733 = ORIENTED_EDGE('',*,*,#4748,.T.);
#5734 = ORIENTED_EDGE('',*,*,#4779,.T.);
#5735 = ORIENTED_EDGE('',*,*,#4810,.T.);
#5736 = ORIENTED_EDGE('',*,*,#4841,.T.);
#5737 = ORIENTED_EDGE('',*,*,#4872,.T.);
#5738 = ORIENTED_EDGE('',*,*,#4903,.T.);
#5739 = ORIENTED_EDGE('',*,*,#4934,.T.);
#5740 = ORIENTED_EDGE('',*,*,#4965,.T.);
#5741 = ORIENTED_EDGE('',*,*,#4996,.T.);
#5742 = ORIENTED_EDGE('',*,*,#5027,.T.);
#5743 = ORIENTED_EDGE('',*,*,#5058,.T.);
#5744 = ORIENTED_EDGE('',*,*,#5089,.T.);
#5745 = ORIENTED_EDGE('',*,*,#5120,.T.);
#5746 = ORIENTED_EDGE('',*,*,#5151,.T.);
#5747 = ORIENTED_EDGE('',*,*,#5182,.T.);
#5748 = ORIENTED_EDGE('',*,*,#5213,.T.);
#5749 = ORIENTED_EDGE('',*,*,#5244,.T.);
#5750 = ORIENTED_EDGE('',*,*,#5275,.T.);
#5751 = ORIENTED_EDGE('',*,*,#5306,.T.);
#5752 = ORIENTED_EDGE('',*,*,#5337,.T.);
#5753 = ORIENTED_EDGE('',*,*,#5368,.T.);
#5754 = ORIENTED_EDGE('',*,*,#5399,.T.);
#5755 = ORIENTED_EDGE('',*,*,#5430,.T.);
#5756 = ORIENTED_EDGE('',*,*,#5461,.T.);
#5757 = ORIENTED_EDGE('',*,*,#5492,.T.);
#5758 = ORIENTED_EDGE('',*,*,#5523,.T.);
#5759 = ORIENTED_EDGE('',*,*,#5554,.T.);
#5760 = ORIENTED_EDGE('',*,*,#5585,.T.);
#5761 = ORIENTED_EDGE('',*,*,#5616,.T.);
#5762 = PLANE('',#5763);
#5763 = AXIS2_PLACEMENT_3D('',#5764,#5765,#5766);
#5764 = CARTESIAN_POINT('',(61.568047905385,-97.25530521259,24.5162));
#5765 = DIRECTION('',(-0.,-0.,-1.));
#5766 = DIRECTION('',(-1.,0.,0.));
#5767 = MANIFOLD_SOLID_BREP('',#5768);
#5768 = CLOSED_SHELL('',(#5769,#5809,#5840,#5871,#5902,#5933,#5964,#5995
    ,#6026,#6057,#6088,#6119,#6150,#6181,#6212,#6243,#6274,#6305,#6336,
    #6367,#6398,#6429,#6451,#6491,#6522,#6553,#6584,#6615,#6646,#6677,
    #6708,#6739,#6770,#6801,#6832,#6863,#6894,#6925,#6956,#6987,#7018,
    #7049,#7071,#7123));
#5769 = ADVANCED_FACE('',(#5770),#5804,.T.);
#5770 = FACE_BOUND('',#5771,.T.);
#5771 = EDGE_LOOP('',(#5772,#5782,#5790,#5798));
#5772 = ORIENTED_EDGE('',*,*,#5773,.T.);
#5773 = EDGE_CURVE('',#5774,#5776,#5778,.T.);
#5774 = VERTEX_POINT('',#5775);
#5775 = CARTESIAN_POINT('',(62.342489879275,-88.48207267152,23.3162));
#5776 = VERTEX_POINT('',#5777);
#5777 = CARTESIAN_POINT('',(62.342489879275,-88.48207267152,24.5162));
#5778 = LINE('',#5779,#5780);
#5779 = CARTESIAN_POINT('',(62.342489879275,-88.48207267152,23.3162));
#5780 = VECTOR('',#5781,1.);
#5781 = DIRECTION('',(0.,0.,1.));
#5782 = ORIENTED_EDGE('',*,*,#5783,.T.);
#5783 = EDGE_CURVE('',#5776,#5784,#5786,.T.);
#5784 = VERTEX_POINT('',#5785);
#5785 = CARTESIAN_POINT('',(63.180793166542,-88.65705279415,24.5162));
#5786 = LINE('',#5787,#5788);
#5787 = CARTESIAN_POINT('',(62.342489879275,-88.48207267152,24.5162));
#5788 = VECTOR('',#5789,1.);
#5789 = DIRECTION('',(0.978902566939,-0.204327590991,0.));
#5790 = ORIENTED_EDGE('',*,*,#5791,.F.);
#5791 = EDGE_CURVE('',#5792,#5784,#5794,.T.);
#5792 = VERTEX_POINT('',#5793);
#5793 = CARTESIAN_POINT('',(63.180793166542,-88.65705279415,23.3162));
#5794 = LINE('',#5795,#5796);
#5795 = CARTESIAN_POINT('',(63.180793166542,-88.65705279415,23.3162));
#5796 = VECTOR('',#5797,1.);
#5797 = DIRECTION('',(0.,0.,1.));
#5798 = ORIENTED_EDGE('',*,*,#5799,.F.);
#5799 = EDGE_CURVE('',#5774,#5792,#5800,.T.);
#5800 = LINE('',#5801,#5802);
#5801 = CARTESIAN_POINT('',(62.342489879275,-88.48207267152,23.3162));
#5802 = VECTOR('',#5803,1.);
#5803 = DIRECTION('',(0.978902566939,-0.204327590991,0.));
#5804 = PLANE('',#5805);
#5805 = AXIS2_PLACEMENT_3D('',#5806,#5807,#5808);
#5806 = CARTESIAN_POINT('',(62.342489879275,-88.48207267152,23.3162));
#5807 = DIRECTION('',(0.204327590991,0.978902566939,-0.));
#5808 = DIRECTION('',(0.978902566939,-0.204327590991,0.));
#5809 = ADVANCED_FACE('',(#5810),#5835,.T.);
#5810 = FACE_BOUND('',#5811,.T.);
#5811 = EDGE_LOOP('',(#5812,#5813,#5821,#5829));
#5812 = ORIENTED_EDGE('',*,*,#5791,.T.);
#5813 = ORIENTED_EDGE('',*,*,#5814,.T.);
#5814 = EDGE_CURVE('',#5784,#5815,#5817,.T.);
#5815 = VERTEX_POINT('',#5816);
#5816 = CARTESIAN_POINT('',(63.860982075923,-89.07352666843,24.5162));
#5817 = LINE('',#5818,#5819);
#5818 = CARTESIAN_POINT('',(63.180793166542,-88.65705279415,24.5162));
#5819 = VECTOR('',#5820,1.);
#5820 = DIRECTION('',(0.852833612343,-0.522182755038,0.));
#5821 = ORIENTED_EDGE('',*,*,#5822,.F.);
#5822 = EDGE_CURVE('',#5823,#5815,#5825,.T.);
#5823 = VERTEX_POINT('',#5824);
#5824 = CARTESIAN_POINT('',(63.860982075923,-89.07352666843,23.3162));
#5825 = LINE('',#5826,#5827);
#5826 = CARTESIAN_POINT('',(63.860982075923,-89.07352666843,23.3162));
#5827 = VECTOR('',#5828,1.);
#5828 = DIRECTION('',(0.,0.,1.));
#5829 = ORIENTED_EDGE('',*,*,#5830,.F.);
#5830 = EDGE_CURVE('',#5792,#5823,#5831,.T.);
#5831 = LINE('',#5832,#5833);
#5832 = CARTESIAN_POINT('',(63.180793166542,-88.65705279415,23.3162));
#5833 = VECTOR('',#5834,1.);
#5834 = DIRECTION('',(0.852833612343,-0.522182755038,0.));
#5835 = PLANE('',#5836);
#5836 = AXIS2_PLACEMENT_3D('',#5837,#5838,#5839);
#5837 = CARTESIAN_POINT('',(63.180793166542,-88.65705279415,23.3162));
#5838 = DIRECTION('',(0.522182755038,0.852833612343,-0.));
#5839 = DIRECTION('',(0.852833612343,-0.522182755038,0.));
#5840 = ADVANCED_FACE('',(#5841),#5866,.T.);
#5841 = FACE_BOUND('',#5842,.T.);
#5842 = EDGE_LOOP('',(#5843,#5844,#5852,#5860));
#5843 = ORIENTED_EDGE('',*,*,#5822,.T.);
#5844 = ORIENTED_EDGE('',*,*,#5845,.T.);
#5845 = EDGE_CURVE('',#5815,#5846,#5848,.T.);
#5846 = VERTEX_POINT('',#5847);
#5847 = CARTESIAN_POINT('',(64.423651535693,-89.74093970609,24.5162));
#5848 = LINE('',#5849,#5850);
#5849 = CARTESIAN_POINT('',(63.860982075923,-89.07352666843,24.5162));
#5850 = VECTOR('',#5851,1.);
#5851 = DIRECTION('',(0.644562878671,-0.76455130334,0.));
#5852 = ORIENTED_EDGE('',*,*,#5853,.F.);
#5853 = EDGE_CURVE('',#5854,#5846,#5856,.T.);
#5854 = VERTEX_POINT('',#5855);
#5855 = CARTESIAN_POINT('',(64.423651535693,-89.74093970609,23.3162));
#5856 = LINE('',#5857,#5858);
#5857 = CARTESIAN_POINT('',(64.423651535693,-89.74093970609,23.3162));
#5858 = VECTOR('',#5859,1.);
#5859 = DIRECTION('',(0.,0.,1.));
#5860 = ORIENTED_EDGE('',*,*,#5861,.F.);
#5861 = EDGE_CURVE('',#5823,#5854,#5862,.T.);
#5862 = LINE('',#5863,#5864);
#5863 = CARTESIAN_POINT('',(63.860982075923,-89.07352666843,23.3162));
#5864 = VECTOR('',#5865,1.);
#5865 = DIRECTION('',(0.644562878671,-0.76455130334,0.));
#5866 = PLANE('',#5867);
#5867 = AXIS2_PLACEMENT_3D('',#5868,#5869,#5870);
#5868 = CARTESIAN_POINT('',(63.860982075923,-89.07352666843,23.3162));
#5869 = DIRECTION('',(0.76455130334,0.644562878671,-0.));
#5870 = DIRECTION('',(0.644562878671,-0.76455130334,0.));
#5871 = ADVANCED_FACE('',(#5872),#5897,.T.);
#5872 = FACE_BOUND('',#5873,.T.);
#5873 = EDGE_LOOP('',(#5874,#5875,#5883,#5891));
#5874 = ORIENTED_EDGE('',*,*,#5853,.T.);
#5875 = ORIENTED_EDGE('',*,*,#5876,.T.);
#5876 = EDGE_CURVE('',#5846,#5877,#5879,.T.);
#5877 = VERTEX_POINT('',#5878);
#5878 = CARTESIAN_POINT('',(64.697503063639,-90.39074896433,24.5162));
#5879 = LINE('',#5880,#5881);
#5880 = CARTESIAN_POINT('',(64.423651535693,-89.74093970609,24.5162));
#5881 = VECTOR('',#5882,1.);
#5882 = DIRECTION('',(0.388355267269,-0.921509732116,0.));
#5883 = ORIENTED_EDGE('',*,*,#5884,.F.);
#5884 = EDGE_CURVE('',#5885,#5877,#5887,.T.);
#5885 = VERTEX_POINT('',#5886);
#5886 = CARTESIAN_POINT('',(64.697503063639,-90.39074896433,23.3162));
#5887 = LINE('',#5888,#5889);
#5888 = CARTESIAN_POINT('',(64.697503063639,-90.39074896433,23.3162));
#5889 = VECTOR('',#5890,1.);
#5890 = DIRECTION('',(0.,0.,1.));
#5891 = ORIENTED_EDGE('',*,*,#5892,.F.);
#5892 = EDGE_CURVE('',#5854,#5885,#5893,.T.);
#5893 = LINE('',#5894,#5895);
#5894 = CARTESIAN_POINT('',(64.423651535693,-89.74093970609,23.3162));
#5895 = VECTOR('',#5896,1.);
#5896 = DIRECTION('',(0.388355267269,-0.921509732116,0.));
#5897 = PLANE('',#5898);
#5898 = AXIS2_PLACEMENT_3D('',#5899,#5900,#5901);
#5899 = CARTESIAN_POINT('',(64.423651535693,-89.74093970609,23.3162));
#5900 = DIRECTION('',(0.921509732116,0.388355267269,-0.));
#5901 = DIRECTION('',(0.388355267269,-0.921509732116,0.));
#5902 = ADVANCED_FACE('',(#5903),#5928,.T.);
#5903 = FACE_BOUND('',#5904,.T.);
#5904 = EDGE_LOOP('',(#5905,#5906,#5914,#5922));
#5905 = ORIENTED_EDGE('',*,*,#5884,.T.);
#5906 = ORIENTED_EDGE('',*,*,#5907,.T.);
#5907 = EDGE_CURVE('',#5877,#5908,#5910,.T.);
#5908 = VERTEX_POINT('',#5909);
#5909 = CARTESIAN_POINT('',(64.785093239391,-91.18733632106,24.5162));
#5910 = LINE('',#5911,#5912);
#5911 = CARTESIAN_POINT('',(64.697503063639,-90.39074896433,24.5162));
#5912 = VECTOR('',#5913,1.);
#5913 = DIRECTION('',(0.109298025455,-0.994009024925,0.));
#5914 = ORIENTED_EDGE('',*,*,#5915,.F.);
#5915 = EDGE_CURVE('',#5916,#5908,#5918,.T.);
#5916 = VERTEX_POINT('',#5917);
#5917 = CARTESIAN_POINT('',(64.785093239391,-91.18733632106,23.3162));
#5918 = LINE('',#5919,#5920);
#5919 = CARTESIAN_POINT('',(64.785093239391,-91.18733632106,23.3162));
#5920 = VECTOR('',#5921,1.);
#5921 = DIRECTION('',(0.,0.,1.));
#5922 = ORIENTED_EDGE('',*,*,#5923,.F.);
#5923 = EDGE_CURVE('',#5885,#5916,#5924,.T.);
#5924 = LINE('',#5925,#5926);
#5925 = CARTESIAN_POINT('',(64.697503063639,-90.39074896433,23.3162));
#5926 = VECTOR('',#5927,1.);
#5927 = DIRECTION('',(0.109298025455,-0.994009024925,0.));
#5928 = PLANE('',#5929);
#5929 = AXIS2_PLACEMENT_3D('',#5930,#5931,#5932);
#5930 = CARTESIAN_POINT('',(64.697503063639,-90.39074896433,23.3162));
#5931 = DIRECTION('',(0.994009024925,0.109298025455,-0.));
#5932 = DIRECTION('',(0.109298025455,-0.994009024925,0.));
#5933 = ADVANCED_FACE('',(#5934),#5959,.T.);
#5934 = FACE_BOUND('',#5935,.T.);
#5935 = EDGE_LOOP('',(#5936,#5937,#5945,#5953));
#5936 = ORIENTED_EDGE('',*,*,#5915,.T.);
#5937 = ORIENTED_EDGE('',*,*,#5938,.T.);
#5938 = EDGE_CURVE('',#5908,#5939,#5941,.T.);
#5939 = VERTEX_POINT('',#5940);
#5940 = CARTESIAN_POINT('',(64.689047126697,-91.93256033414,24.5162));
#5941 = LINE('',#5942,#5943);
#5942 = CARTESIAN_POINT('',(64.785093239391,-91.18733632106,24.5162));
#5943 = VECTOR('',#5944,1.);
#5944 = DIRECTION('',(-0.127824949563,-0.991796744434,0.));
#5945 = ORIENTED_EDGE('',*,*,#5946,.F.);
#5946 = EDGE_CURVE('',#5947,#5939,#5949,.T.);
#5947 = VERTEX_POINT('',#5948);
#5948 = CARTESIAN_POINT('',(64.689047126697,-91.93256033414,23.3162));
#5949 = LINE('',#5950,#5951);
#5950 = CARTESIAN_POINT('',(64.689047126697,-91.93256033414,23.3162));
#5951 = VECTOR('',#5952,1.);
#5952 = DIRECTION('',(0.,0.,1.));
#5953 = ORIENTED_EDGE('',*,*,#5954,.F.);
#5954 = EDGE_CURVE('',#5916,#5947,#5955,.T.);
#5955 = LINE('',#5956,#5957);
#5956 = CARTESIAN_POINT('',(64.785093239391,-91.18733632106,23.3162));
#5957 = VECTOR('',#5958,1.);
#5958 = DIRECTION('',(-0.127824949563,-0.991796744434,0.));
#5959 = PLANE('',#5960);
#5960 = AXIS2_PLACEMENT_3D('',#5961,#5962,#5963);
#5961 = CARTESIAN_POINT('',(64.785093239391,-91.18733632106,23.3162));
#5962 = DIRECTION('',(0.991796744434,-0.127824949563,0.));
#5963 = DIRECTION('',(-0.127824949563,-0.991796744434,0.));
#5964 = ADVANCED_FACE('',(#5965),#5990,.T.);
#5965 = FACE_BOUND('',#5966,.T.);
#5966 = EDGE_LOOP('',(#5967,#5968,#5976,#5984));
#5967 = ORIENTED_EDGE('',*,*,#5946,.T.);
#5968 = ORIENTED_EDGE('',*,*,#5969,.T.);
#5969 = EDGE_CURVE('',#5939,#5970,#5972,.T.);
#5970 = VERTEX_POINT('',#5971);
#5971 = CARTESIAN_POINT('',(64.423045101797,-92.55069376141,24.5162));
#5972 = LINE('',#5973,#5974);
#5973 = CARTESIAN_POINT('',(64.689047126697,-91.93256033414,24.5162));
#5974 = VECTOR('',#5975,1.);
#5975 = DIRECTION('',(-0.395284394694,-0.918558788163,0.));
#5976 = ORIENTED_EDGE('',*,*,#5977,.F.);
#5977 = EDGE_CURVE('',#5978,#5970,#5980,.T.);
#5978 = VERTEX_POINT('',#5979);
#5979 = CARTESIAN_POINT('',(64.423045101797,-92.55069376141,23.3162));
#5980 = LINE('',#5981,#5982);
#5981 = CARTESIAN_POINT('',(64.423045101797,-92.55069376141,23.3162));
#5982 = VECTOR('',#5983,1.);
#5983 = DIRECTION('',(0.,0.,1.));
#5984 = ORIENTED_EDGE('',*,*,#5985,.F.);
#5985 = EDGE_CURVE('',#5947,#5978,#5986,.T.);
#5986 = LINE('',#5987,#5988);
#5987 = CARTESIAN_POINT('',(64.689047126697,-91.93256033414,23.3162));
#5988 = VECTOR('',#5989,1.);
#5989 = DIRECTION('',(-0.395284394694,-0.918558788163,0.));
#5990 = PLANE('',#5991);
#5991 = AXIS2_PLACEMENT_3D('',#5992,#5993,#5994);
#5992 = CARTESIAN_POINT('',(64.689047126697,-91.93256033414,23.3162));
#5993 = DIRECTION('',(0.918558788163,-0.395284394694,0.));
#5994 = DIRECTION('',(-0.395284394694,-0.918558788163,0.));
#5995 = ADVANCED_FACE('',(#5996),#6021,.T.);
#5996 = FACE_BOUND('',#5997,.T.);
#5997 = EDGE_LOOP('',(#5998,#5999,#6007,#6015));
#5998 = ORIENTED_EDGE('',*,*,#5977,.T.);
#5999 = ORIENTED_EDGE('',*,*,#6000,.T.);
#6000 = EDGE_CURVE('',#5970,#6001,#6003,.T.);
#6001 = VERTEX_POINT('',#6002);
#6002 = CARTESIAN_POINT('',(63.860896380088,-93.21645622523,24.5162));
#6003 = LINE('',#6004,#6005);
#6004 = CARTESIAN_POINT('',(64.423045101797,-92.55069376141,24.5162));
#6005 = VECTOR('',#6006,1.);
#6006 = DIRECTION('',(-0.645146857083,-0.764058592515,0.));
#6007 = ORIENTED_EDGE('',*,*,#6008,.F.);
#6008 = EDGE_CURVE('',#6009,#6001,#6011,.T.);
#6009 = VERTEX_POINT('',#6010);
#6010 = CARTESIAN_POINT('',(63.860896380088,-93.21645622523,23.3162));
#6011 = LINE('',#6012,#6013);
#6012 = CARTESIAN_POINT('',(63.860896380088,-93.21645622523,23.3162));
#6013 = VECTOR('',#6014,1.);
#6014 = DIRECTION('',(0.,0.,1.));
#6015 = ORIENTED_EDGE('',*,*,#6016,.F.);
#6016 = EDGE_CURVE('',#5978,#6009,#6017,.T.);
#6017 = LINE('',#6018,#6019);
#6018 = CARTESIAN_POINT('',(64.423045101797,-92.55069376141,23.3162));
#6019 = VECTOR('',#6020,1.);
#6020 = DIRECTION('',(-0.645146857083,-0.764058592515,0.));
#6021 = PLANE('',#6022);
#6022 = AXIS2_PLACEMENT_3D('',#6023,#6024,#6025);
#6023 = CARTESIAN_POINT('',(64.423045101797,-92.55069376141,23.3162));
#6024 = DIRECTION('',(0.764058592515,-0.645146857083,0.));
#6025 = DIRECTION('',(-0.645146857083,-0.764058592515,0.));
#6026 = ADVANCED_FACE('',(#6027),#6052,.T.);
#6027 = FACE_BOUND('',#6028,.T.);
#6028 = EDGE_LOOP('',(#6029,#6030,#6038,#6046));
#6029 = ORIENTED_EDGE('',*,*,#6008,.T.);
#6030 = ORIENTED_EDGE('',*,*,#6031,.T.);
#6031 = EDGE_CURVE('',#6001,#6032,#6034,.T.);
#6032 = VERTEX_POINT('',#6033);
#6033 = CARTESIAN_POINT('',(63.18796630516,-93.61727819989,24.5162));
#6034 = LINE('',#6035,#6036);
#6035 = CARTESIAN_POINT('',(63.860896380088,-93.21645622523,24.5162));
#6036 = VECTOR('',#6037,1.);
#6037 = DIRECTION('',(-0.859142261423,-0.511736821655,0.));
#6038 = ORIENTED_EDGE('',*,*,#6039,.F.);
#6039 = EDGE_CURVE('',#6040,#6032,#6042,.T.);
#6040 = VERTEX_POINT('',#6041);
#6041 = CARTESIAN_POINT('',(63.18796630516,-93.61727819989,23.3162));
#6042 = LINE('',#6043,#6044);
#6043 = CARTESIAN_POINT('',(63.18796630516,-93.61727819989,23.3162));
#6044 = VECTOR('',#6045,1.);
#6045 = DIRECTION('',(0.,0.,1.));
#6046 = ORIENTED_EDGE('',*,*,#6047,.F.);
#6047 = EDGE_CURVE('',#6009,#6040,#6048,.T.);
#6048 = LINE('',#6049,#6050);
#6049 = CARTESIAN_POINT('',(63.860896380088,-93.21645622523,23.3162));
#6050 = VECTOR('',#6051,1.);
#6051 = DIRECTION('',(-0.859142261423,-0.511736821655,0.));
#6052 = PLANE('',#6053);
#6053 = AXIS2_PLACEMENT_3D('',#6054,#6055,#6056);
#6054 = CARTESIAN_POINT('',(63.860896380088,-93.21645622523,23.3162));
#6055 = DIRECTION('',(0.511736821655,-0.859142261423,0.));
#6056 = DIRECTION('',(-0.859142261423,-0.511736821655,0.));
#6057 = ADVANCED_FACE('',(#6058),#6083,.T.);
#6058 = FACE_BOUND('',#6059,.T.);
#6059 = EDGE_LOOP('',(#6060,#6061,#6069,#6077));
#6060 = ORIENTED_EDGE('',*,*,#6039,.T.);
#6061 = ORIENTED_EDGE('',*,*,#6062,.T.);
#6062 = EDGE_CURVE('',#6032,#6063,#6065,.T.);
#6063 = VERTEX_POINT('',#6064);
#6064 = CARTESIAN_POINT('',(62.375566428608,-93.79180084986,24.5162));
#6065 = LINE('',#6066,#6067);
#6066 = CARTESIAN_POINT('',(63.18796630516,-93.61727819989,24.5162));
#6067 = VECTOR('',#6068,1.);
#6068 = DIRECTION('',(-0.977694545901,-0.210031842621,0.));
#6069 = ORIENTED_EDGE('',*,*,#6070,.F.);
#6070 = EDGE_CURVE('',#6071,#6063,#6073,.T.);
#6071 = VERTEX_POINT('',#6072);
#6072 = CARTESIAN_POINT('',(62.375566428608,-93.79180084986,23.3162));
#6073 = LINE('',#6074,#6075);
#6074 = CARTESIAN_POINT('',(62.375566428608,-93.79180084986,23.3162));
#6075 = VECTOR('',#6076,1.);
#6076 = DIRECTION('',(0.,0.,1.));
#6077 = ORIENTED_EDGE('',*,*,#6078,.F.);
#6078 = EDGE_CURVE('',#6040,#6071,#6079,.T.);
#6079 = LINE('',#6080,#6081);
#6080 = CARTESIAN_POINT('',(63.18796630516,-93.61727819989,23.3162));
#6081 = VECTOR('',#6082,1.);
#6082 = DIRECTION('',(-0.977694545901,-0.210031842621,0.));
#6083 = PLANE('',#6084);
#6084 = AXIS2_PLACEMENT_3D('',#6085,#6086,#6087);
#6085 = CARTESIAN_POINT('',(63.18796630516,-93.61727819989,23.3162));
#6086 = DIRECTION('',(0.210031842621,-0.977694545901,0.));
#6087 = DIRECTION('',(-0.977694545901,-0.210031842621,0.));
#6088 = ADVANCED_FACE('',(#6089),#6114,.T.);
#6089 = FACE_BOUND('',#6090,.T.);
#6090 = EDGE_LOOP('',(#6091,#6092,#6100,#6108));
#6091 = ORIENTED_EDGE('',*,*,#6070,.T.);
#6092 = ORIENTED_EDGE('',*,*,#6093,.T.);
#6093 = EDGE_CURVE('',#6063,#6094,#6096,.T.);
#6094 = VERTEX_POINT('',#6095);
#6095 = CARTESIAN_POINT('',(61.776528192513,-93.81373763274,24.5162));
#6096 = LINE('',#6097,#6098);
#6097 = CARTESIAN_POINT('',(62.375566428608,-93.79180084986,24.5162));
#6098 = VECTOR('',#6099,1.);
#6099 = DIRECTION('',(-0.999330161264,-3.659547495991E-02,0.));
#6100 = ORIENTED_EDGE('',*,*,#6101,.F.);
#6101 = EDGE_CURVE('',#6102,#6094,#6104,.T.);
#6102 = VERTEX_POINT('',#6103);
#6103 = CARTESIAN_POINT('',(61.776528192513,-93.81373763274,23.3162));
#6104 = LINE('',#6105,#6106);
#6105 = CARTESIAN_POINT('',(61.776528192513,-93.81373763274,23.3162));
#6106 = VECTOR('',#6107,1.);
#6107 = DIRECTION('',(0.,0.,1.));
#6108 = ORIENTED_EDGE('',*,*,#6109,.F.);
#6109 = EDGE_CURVE('',#6071,#6102,#6110,.T.);
#6110 = LINE('',#6111,#6112);
#6111 = CARTESIAN_POINT('',(62.375566428608,-93.79180084986,23.3162));
#6112 = VECTOR('',#6113,1.);
#6113 = DIRECTION('',(-0.999330161264,-3.659547495991E-02,0.));
#6114 = PLANE('',#6115);
#6115 = AXIS2_PLACEMENT_3D('',#6116,#6117,#6118);
#6116 = CARTESIAN_POINT('',(62.375566428608,-93.79180084986,23.3162));
#6117 = DIRECTION('',(3.659547495991E-02,-0.999330161264,0.));
#6118 = DIRECTION('',(-0.999330161264,-3.659547495991E-02,0.));
#6119 = ADVANCED_FACE('',(#6120),#6145,.T.);
#6120 = FACE_BOUND('',#6121,.T.);
#6121 = EDGE_LOOP('',(#6122,#6123,#6131,#6139));
#6122 = ORIENTED_EDGE('',*,*,#6101,.T.);
#6123 = ORIENTED_EDGE('',*,*,#6124,.T.);
#6124 = EDGE_CURVE('',#6094,#6125,#6127,.T.);
#6125 = VERTEX_POINT('',#6126);
#6126 = CARTESIAN_POINT('',(61.285906868718,-93.71593860629,24.5162));
#6127 = LINE('',#6128,#6129);
#6128 = CARTESIAN_POINT('',(61.776528192513,-93.81373763274,24.5162));
#6129 = VECTOR('',#6130,1.);
#6130 = DIRECTION('',(-0.980705499616,0.195490979388,0.));
#6131 = ORIENTED_EDGE('',*,*,#6132,.F.);
#6132 = EDGE_CURVE('',#6133,#6125,#6135,.T.);
#6133 = VERTEX_POINT('',#6134);
#6134 = CARTESIAN_POINT('',(61.285906868718,-93.71593860629,23.3162));
#6135 = LINE('',#6136,#6137);
#6136 = CARTESIAN_POINT('',(61.285906868718,-93.71593860629,23.3162));
#6137 = VECTOR('',#6138,1.);
#6138 = DIRECTION('',(0.,0.,1.));
#6139 = ORIENTED_EDGE('',*,*,#6140,.F.);
#6140 = EDGE_CURVE('',#6102,#6133,#6141,.T.);
#6141 = LINE('',#6142,#6143);
#6142 = CARTESIAN_POINT('',(61.776528192513,-93.81373763274,23.3162));
#6143 = VECTOR('',#6144,1.);
#6144 = DIRECTION('',(-0.980705499616,0.195490979388,0.));
#6145 = PLANE('',#6146);
#6146 = AXIS2_PLACEMENT_3D('',#6147,#6148,#6149);
#6147 = CARTESIAN_POINT('',(61.776528192513,-93.81373763274,23.3162));
#6148 = DIRECTION('',(-0.195490979388,-0.980705499616,0.));
#6149 = DIRECTION('',(-0.980705499616,0.195490979388,0.));
#6150 = ADVANCED_FACE('',(#6151),#6176,.T.);
#6151 = FACE_BOUND('',#6152,.T.);
#6152 = EDGE_LOOP('',(#6153,#6154,#6162,#6170));
#6153 = ORIENTED_EDGE('',*,*,#6132,.T.);
#6154 = ORIENTED_EDGE('',*,*,#6155,.T.);
#6155 = EDGE_CURVE('',#6125,#6156,#6158,.T.);
#6156 = VERTEX_POINT('',#6157);
#6157 = CARTESIAN_POINT('',(60.816979121225,-93.50155295107,24.5162));
#6158 = LINE('',#6159,#6160);
#6159 = CARTESIAN_POINT('',(61.285906868718,-93.71593860629,24.5162));
#6160 = VECTOR('',#6161,1.);
#6161 = DIRECTION('',(-0.909460772505,0.415789734451,0.));
#6162 = ORIENTED_EDGE('',*,*,#6163,.F.);
#6163 = EDGE_CURVE('',#6164,#6156,#6166,.T.);
#6164 = VERTEX_POINT('',#6165);
#6165 = CARTESIAN_POINT('',(60.816979121225,-93.50155295107,23.3162));
#6166 = LINE('',#6167,#6168);
#6167 = CARTESIAN_POINT('',(60.816979121225,-93.50155295107,23.3162));
#6168 = VECTOR('',#6169,1.);
#6169 = DIRECTION('',(0.,0.,1.));
#6170 = ORIENTED_EDGE('',*,*,#6171,.F.);
#6171 = EDGE_CURVE('',#6133,#6164,#6172,.T.);
#6172 = LINE('',#6173,#6174);
#6173 = CARTESIAN_POINT('',(61.285906868718,-93.71593860629,23.3162));
#6174 = VECTOR('',#6175,1.);
#6175 = DIRECTION('',(-0.909460772505,0.415789734451,0.));
#6176 = PLANE('',#6177);
#6177 = AXIS2_PLACEMENT_3D('',#6178,#6179,#6180);
#6178 = CARTESIAN_POINT('',(61.285906868718,-93.71593860629,23.3162));
#6179 = DIRECTION('',(-0.415789734451,-0.909460772505,0.));
#6180 = DIRECTION('',(-0.909460772505,0.415789734451,0.));
#6181 = ADVANCED_FACE('',(#6182),#6207,.T.);
#6182 = FACE_BOUND('',#6183,.T.);
#6183 = EDGE_LOOP('',(#6184,#6185,#6193,#6201));
#6184 = ORIENTED_EDGE('',*,*,#6163,.T.);
#6185 = ORIENTED_EDGE('',*,*,#6186,.T.);
#6186 = EDGE_CURVE('',#6156,#6187,#6189,.T.);
#6187 = VERTEX_POINT('',#6188);
#6188 = CARTESIAN_POINT('',(60.096077834335,-92.96230897996,24.5162));
#6189 = LINE('',#6190,#6191);
#6190 = CARTESIAN_POINT('',(60.816979121225,-93.50155295107,24.5162));
#6191 = VECTOR('',#6192,1.);
#6192 = DIRECTION('',(-0.800762854983,0.598981510632,0.));
#6193 = ORIENTED_EDGE('',*,*,#6194,.F.);
#6194 = EDGE_CURVE('',#6195,#6187,#6197,.T.);
#6195 = VERTEX_POINT('',#6196);
#6196 = CARTESIAN_POINT('',(60.096077834335,-92.96230897996,23.3162));
#6197 = LINE('',#6198,#6199);
#6198 = CARTESIAN_POINT('',(60.096077834335,-92.96230897996,23.3162));
#6199 = VECTOR('',#6200,1.);
#6200 = DIRECTION('',(0.,0.,1.));
#6201 = ORIENTED_EDGE('',*,*,#6202,.F.);
#6202 = EDGE_CURVE('',#6164,#6195,#6203,.T.);
#6203 = LINE('',#6204,#6205);
#6204 = CARTESIAN_POINT('',(60.816979121225,-93.50155295107,23.3162));
#6205 = VECTOR('',#6206,1.);
#6206 = DIRECTION('',(-0.800762854983,0.598981510632,0.));
#6207 = PLANE('',#6208);
#6208 = AXIS2_PLACEMENT_3D('',#6209,#6210,#6211);
#6209 = CARTESIAN_POINT('',(60.816979121225,-93.50155295107,23.3162));
#6210 = DIRECTION('',(-0.598981510632,-0.800762854983,0.));
#6211 = DIRECTION('',(-0.800762854983,0.598981510632,0.));
#6212 = ADVANCED_FACE('',(#6213),#6238,.T.);
#6213 = FACE_BOUND('',#6214,.T.);
#6214 = EDGE_LOOP('',(#6215,#6216,#6224,#6232));
#6215 = ORIENTED_EDGE('',*,*,#6194,.T.);
#6216 = ORIENTED_EDGE('',*,*,#6217,.T.);
#6217 = EDGE_CURVE('',#6187,#6218,#6220,.T.);
#6218 = VERTEX_POINT('',#6219);
#6219 = CARTESIAN_POINT('',(59.633309599776,-92.28512003673,24.5162));
#6220 = LINE('',#6221,#6222);
#6221 = CARTESIAN_POINT('',(60.096077834335,-92.96230897996,24.5162));
#6222 = VECTOR('',#6223,1.);
#6223 = DIRECTION('',(-0.564209169045,0.825631887444,0.));
#6224 = ORIENTED_EDGE('',*,*,#6225,.F.);
#6225 = EDGE_CURVE('',#6226,#6218,#6228,.T.);
#6226 = VERTEX_POINT('',#6227);
#6227 = CARTESIAN_POINT('',(59.633309599776,-92.28512003673,23.3162));
#6228 = LINE('',#6229,#6230);
#6229 = CARTESIAN_POINT('',(59.633309599776,-92.28512003673,23.3162));
#6230 = VECTOR('',#6231,1.);
#6231 = DIRECTION('',(0.,0.,1.));
#6232 = ORIENTED_EDGE('',*,*,#6233,.F.);
#6233 = EDGE_CURVE('',#6195,#6226,#6234,.T.);
#6234 = LINE('',#6235,#6236);
#6235 = CARTESIAN_POINT('',(60.096077834335,-92.96230897996,23.3162));
#6236 = VECTOR('',#6237,1.);
#6237 = DIRECTION('',(-0.564209169045,0.825631887444,0.));
#6238 = PLANE('',#6239);
#6239 = AXIS2_PLACEMENT_3D('',#6240,#6241,#6242);
#6240 = CARTESIAN_POINT('',(60.096077834335,-92.96230897996,23.3162));
#6241 = DIRECTION('',(-0.825631887444,-0.564209169045,0.));
#6242 = DIRECTION('',(-0.564209169045,0.825631887444,0.));
#6243 = ADVANCED_FACE('',(#6244),#6269,.T.);
#6244 = FACE_BOUND('',#6245,.T.);
#6245 = EDGE_LOOP('',(#6246,#6247,#6255,#6263));
#6246 = ORIENTED_EDGE('',*,*,#6225,.T.);
#6247 = ORIENTED_EDGE('',*,*,#6248,.T.);
#6248 = EDGE_CURVE('',#6218,#6249,#6251,.T.);
#6249 = VERTEX_POINT('',#6250);
#6250 = CARTESIAN_POINT('',(59.420300508138,-91.57389957219,24.5162));
#6251 = LINE('',#6252,#6253);
#6252 = CARTESIAN_POINT('',(59.633309599776,-92.28512003673,24.5162));
#6253 = VECTOR('',#6254,1.);
#6254 = DIRECTION('',(-0.286906648233,0.957958545658,0.));
#6255 = ORIENTED_EDGE('',*,*,#6256,.F.);
#6256 = EDGE_CURVE('',#6257,#6249,#6259,.T.);
#6257 = VERTEX_POINT('',#6258);
#6258 = CARTESIAN_POINT('',(59.420300508138,-91.57389957219,23.3162));
#6259 = LINE('',#6260,#6261);
#6260 = CARTESIAN_POINT('',(59.420300508138,-91.57389957219,23.3162));
#6261 = VECTOR('',#6262,1.);
#6262 = DIRECTION('',(0.,0.,1.));
#6263 = ORIENTED_EDGE('',*,*,#6264,.F.);
#6264 = EDGE_CURVE('',#6226,#6257,#6265,.T.);
#6265 = LINE('',#6266,#6267);
#6266 = CARTESIAN_POINT('',(59.633309599776,-92.28512003673,23.3162));
#6267 = VECTOR('',#6268,1.);
#6268 = DIRECTION('',(-0.286906648233,0.957958545658,0.));
#6269 = PLANE('',#6270);
#6270 = AXIS2_PLACEMENT_3D('',#6271,#6272,#6273);
#6271 = CARTESIAN_POINT('',(59.633309599776,-92.28512003673,23.3162));
#6272 = DIRECTION('',(-0.957958545658,-0.286906648233,0.));
#6273 = DIRECTION('',(-0.286906648233,0.957958545658,0.));
#6274 = ADVANCED_FACE('',(#6275),#6300,.T.);
#6275 = FACE_BOUND('',#6276,.T.);
#6276 = EDGE_LOOP('',(#6277,#6278,#6286,#6294));
#6277 = ORIENTED_EDGE('',*,*,#6256,.T.);
#6278 = ORIENTED_EDGE('',*,*,#6279,.T.);
#6279 = EDGE_CURVE('',#6249,#6280,#6282,.T.);
#6280 = VERTEX_POINT('',#6281);
#6281 = CARTESIAN_POINT('',(59.417331896288,-90.84079163171,24.5162));
#6282 = LINE('',#6283,#6284);
#6283 = CARTESIAN_POINT('',(59.420300508138,-91.57389957219,24.5162));
#6284 = VECTOR('',#6285,1.);
#6285 = DIRECTION('',(-4.049318454196E-03,0.999991801476,0.));
#6286 = ORIENTED_EDGE('',*,*,#6287,.F.);
#6287 = EDGE_CURVE('',#6288,#6280,#6290,.T.);
#6288 = VERTEX_POINT('',#6289);
#6289 = CARTESIAN_POINT('',(59.417331896288,-90.84079163171,23.3162));
#6290 = LINE('',#6291,#6292);
#6291 = CARTESIAN_POINT('',(59.417331896288,-90.84079163171,23.3162));
#6292 = VECTOR('',#6293,1.);
#6293 = DIRECTION('',(0.,0.,1.));
#6294 = ORIENTED_EDGE('',*,*,#6295,.F.);
#6295 = EDGE_CURVE('',#6257,#6288,#6296,.T.);
#6296 = LINE('',#6297,#6298);
#6297 = CARTESIAN_POINT('',(59.420300508138,-91.57389957219,23.3162));
#6298 = VECTOR('',#6299,1.);
#6299 = DIRECTION('',(-4.049318454196E-03,0.999991801476,0.));
#6300 = PLANE('',#6301);
#6301 = AXIS2_PLACEMENT_3D('',#6302,#6303,#6304);
#6302 = CARTESIAN_POINT('',(59.420300508138,-91.57389957219,23.3162));
#6303 = DIRECTION('',(-0.999991801476,-4.049318454196E-03,0.));
#6304 = DIRECTION('',(-4.049318454196E-03,0.999991801476,0.));
#6305 = ADVANCED_FACE('',(#6306),#6331,.T.);
#6306 = FACE_BOUND('',#6307,.T.);
#6307 = EDGE_LOOP('',(#6308,#6309,#6317,#6325));
#6308 = ORIENTED_EDGE('',*,*,#6287,.T.);
#6309 = ORIENTED_EDGE('',*,*,#6310,.T.);
#6310 = EDGE_CURVE('',#6280,#6311,#6313,.T.);
#6311 = VERTEX_POINT('',#6312);
#6312 = CARTESIAN_POINT('',(59.614923478539,-90.1165535724,24.5162));
#6313 = LINE('',#6314,#6315);
#6314 = CARTESIAN_POINT('',(59.417331896288,-90.84079163171,24.5162));
#6315 = VECTOR('',#6316,1.);
#6316 = DIRECTION('',(0.263206812461,0.96473943315,0.));
#6317 = ORIENTED_EDGE('',*,*,#6318,.F.);
#6318 = EDGE_CURVE('',#6319,#6311,#6321,.T.);
#6319 = VERTEX_POINT('',#6320);
#6320 = CARTESIAN_POINT('',(59.614923478539,-90.1165535724,23.3162));
#6321 = LINE('',#6322,#6323);
#6322 = CARTESIAN_POINT('',(59.614923478539,-90.1165535724,23.3162));
#6323 = VECTOR('',#6324,1.);
#6324 = DIRECTION('',(0.,0.,1.));
#6325 = ORIENTED_EDGE('',*,*,#6326,.F.);
#6326 = EDGE_CURVE('',#6288,#6319,#6327,.T.);
#6327 = LINE('',#6328,#6329);
#6328 = CARTESIAN_POINT('',(59.417331896288,-90.84079163171,23.3162));
#6329 = VECTOR('',#6330,1.);
#6330 = DIRECTION('',(0.263206812461,0.96473943315,0.));
#6331 = PLANE('',#6332);
#6332 = AXIS2_PLACEMENT_3D('',#6333,#6334,#6335);
#6333 = CARTESIAN_POINT('',(59.417331896288,-90.84079163171,23.3162));
#6334 = DIRECTION('',(-0.96473943315,0.263206812461,0.));
#6335 = DIRECTION('',(0.263206812461,0.96473943315,0.));
#6336 = ADVANCED_FACE('',(#6337),#6362,.T.);
#6337 = FACE_BOUND('',#6338,.T.);
#6338 = EDGE_LOOP('',(#6339,#6340,#6348,#6356));
#6339 = ORIENTED_EDGE('',*,*,#6318,.T.);
#6340 = ORIENTED_EDGE('',*,*,#6341,.T.);
#6341 = EDGE_CURVE('',#6311,#6342,#6344,.T.);
#6342 = VERTEX_POINT('',#6343);
#6343 = CARTESIAN_POINT('',(59.989987857985,-89.48354756636,24.5162));
#6344 = LINE('',#6345,#6346);
#6345 = CARTESIAN_POINT('',(59.614923478539,-90.1165535724,24.5162));
#6346 = VECTOR('',#6347,1.);
#6347 = DIRECTION('',(0.509751803139,0.860321509202,0.));
#6348 = ORIENTED_EDGE('',*,*,#6349,.F.);
#6349 = EDGE_CURVE('',#6350,#6342,#6352,.T.);
#6350 = VERTEX_POINT('',#6351);
#6351 = CARTESIAN_POINT('',(59.989987857985,-89.48354756636,23.3162));
#6352 = LINE('',#6353,#6354);
#6353 = CARTESIAN_POINT('',(59.989987857985,-89.48354756636,23.3162));
#6354 = VECTOR('',#6355,1.);
#6355 = DIRECTION('',(0.,0.,1.));
#6356 = ORIENTED_EDGE('',*,*,#6357,.F.);
#6357 = EDGE_CURVE('',#6319,#6350,#6358,.T.);
#6358 = LINE('',#6359,#6360);
#6359 = CARTESIAN_POINT('',(59.614923478539,-90.1165535724,23.3162));
#6360 = VECTOR('',#6361,1.);
#6361 = DIRECTION('',(0.509751803139,0.860321509202,0.));
#6362 = PLANE('',#6363);
#6363 = AXIS2_PLACEMENT_3D('',#6364,#6365,#6366);
#6364 = CARTESIAN_POINT('',(59.614923478539,-90.1165535724,23.3162));
#6365 = DIRECTION('',(-0.860321509202,0.509751803139,0.));
#6366 = DIRECTION('',(0.509751803139,0.860321509202,0.));
#6367 = ADVANCED_FACE('',(#6368),#6393,.T.);
#6368 = FACE_BOUND('',#6369,.T.);
#6369 = EDGE_LOOP('',(#6370,#6371,#6379,#6387));
#6370 = ORIENTED_EDGE('',*,*,#6349,.T.);
#6371 = ORIENTED_EDGE('',*,*,#6372,.T.);
#6372 = EDGE_CURVE('',#6342,#6373,#6375,.T.);
#6373 = VERTEX_POINT('',#6374);
#6374 = CARTESIAN_POINT('',(60.559634269813,-88.94345148574,24.5162));
#6375 = LINE('',#6376,#6377);
#6376 = CARTESIAN_POINT('',(59.989987857985,-89.48354756636,24.5162));
#6377 = VECTOR('',#6378,1.);
#6378 = DIRECTION('',(0.725678461856,0.688033988985,0.));
#6379 = ORIENTED_EDGE('',*,*,#6380,.F.);
#6380 = EDGE_CURVE('',#6381,#6373,#6383,.T.);
#6381 = VERTEX_POINT('',#6382);
#6382 = CARTESIAN_POINT('',(60.559634269813,-88.94345148574,23.3162));
#6383 = LINE('',#6384,#6385);
#6384 = CARTESIAN_POINT('',(60.559634269813,-88.94345148574,23.3162));
#6385 = VECTOR('',#6386,1.);
#6386 = DIRECTION('',(0.,0.,1.));
#6387 = ORIENTED_EDGE('',*,*,#6388,.F.);
#6388 = EDGE_CURVE('',#6350,#6381,#6389,.T.);
#6389 = LINE('',#6390,#6391);
#6390 = CARTESIAN_POINT('',(59.989987857985,-89.48354756636,23.3162));
#6391 = VECTOR('',#6392,1.);
#6392 = DIRECTION('',(0.725678461856,0.688033988985,0.));
#6393 = PLANE('',#6394);
#6394 = AXIS2_PLACEMENT_3D('',#6395,#6396,#6397);
#6395 = CARTESIAN_POINT('',(59.989987857985,-89.48354756636,23.3162));
#6396 = DIRECTION('',(-0.688033988985,0.725678461856,0.));
#6397 = DIRECTION('',(0.725678461856,0.688033988985,0.));
#6398 = ADVANCED_FACE('',(#6399),#6424,.T.);
#6399 = FACE_BOUND('',#6400,.T.);
#6400 = EDGE_LOOP('',(#6401,#6402,#6410,#6418));
#6401 = ORIENTED_EDGE('',*,*,#6380,.T.);
#6402 = ORIENTED_EDGE('',*,*,#6403,.T.);
#6403 = EDGE_CURVE('',#6373,#6404,#6406,.T.);
#6404 = VERTEX_POINT('',#6405);
#6405 = CARTESIAN_POINT('',(61.297046970503,-88.5885798084,24.5162));
#6406 = LINE('',#6407,#6408);
#6407 = CARTESIAN_POINT('',(60.559634269813,-88.94345148574,24.5162));
#6408 = VECTOR('',#6409,1.);
#6409 = DIRECTION('',(0.901087090897,0.433638160935,0.));
#6410 = ORIENTED_EDGE('',*,*,#6411,.F.);
#6411 = EDGE_CURVE('',#6412,#6404,#6414,.T.);
#6412 = VERTEX_POINT('',#6413);
#6413 = CARTESIAN_POINT('',(61.297046970503,-88.5885798084,23.3162));
#6414 = LINE('',#6415,#6416);
#6415 = CARTESIAN_POINT('',(61.297046970503,-88.5885798084,23.3162));
#6416 = VECTOR('',#6417,1.);
#6417 = DIRECTION('',(0.,0.,1.));
#6418 = ORIENTED_EDGE('',*,*,#6419,.F.);
#6419 = EDGE_CURVE('',#6381,#6412,#6420,.T.);
#6420 = LINE('',#6421,#6422);
#6421 = CARTESIAN_POINT('',(60.559634269813,-88.94345148574,23.3162));
#6422 = VECTOR('',#6423,1.);
#6423 = DIRECTION('',(0.901087090897,0.433638160935,0.));
#6424 = PLANE('',#6425);
#6425 = AXIS2_PLACEMENT_3D('',#6426,#6427,#6428);
#6426 = CARTESIAN_POINT('',(60.559634269813,-88.94345148574,23.3162));
#6427 = DIRECTION('',(-0.433638160935,0.901087090897,0.));
#6428 = DIRECTION('',(0.901087090897,0.433638160935,0.));
#6429 = ADVANCED_FACE('',(#6430),#6446,.T.);
#6430 = FACE_BOUND('',#6431,.T.);
#6431 = EDGE_LOOP('',(#6432,#6433,#6439,#6440));
#6432 = ORIENTED_EDGE('',*,*,#6411,.T.);
#6433 = ORIENTED_EDGE('',*,*,#6434,.T.);
#6434 = EDGE_CURVE('',#6404,#5776,#6435,.T.);
#6435 = LINE('',#6436,#6437);
#6436 = CARTESIAN_POINT('',(61.297046970503,-88.5885798084,24.5162));
#6437 = VECTOR('',#6438,1.);
#6438 = DIRECTION('',(0.994850535218,0.101352911038,0.));
#6439 = ORIENTED_EDGE('',*,*,#5773,.F.);
#6440 = ORIENTED_EDGE('',*,*,#6441,.F.);
#6441 = EDGE_CURVE('',#6412,#5774,#6442,.T.);
#6442 = LINE('',#6443,#6444);
#6443 = CARTESIAN_POINT('',(61.297046970503,-88.5885798084,23.3162));
#6444 = VECTOR('',#6445,1.);
#6445 = DIRECTION('',(0.994850535218,0.101352911038,0.));
#6446 = PLANE('',#6447);
#6447 = AXIS2_PLACEMENT_3D('',#6448,#6449,#6450);
#6448 = CARTESIAN_POINT('',(61.297046970503,-88.5885798084,23.3162));
#6449 = DIRECTION('',(-0.101352911038,0.994850535218,0.));
#6450 = DIRECTION('',(0.994850535218,0.101352911038,0.));
#6451 = ADVANCED_FACE('',(#6452),#6486,.T.);
#6452 = FACE_BOUND('',#6453,.T.);
#6453 = EDGE_LOOP('',(#6454,#6464,#6472,#6480));
#6454 = ORIENTED_EDGE('',*,*,#6455,.T.);
#6455 = EDGE_CURVE('',#6456,#6458,#6460,.T.);
#6456 = VERTEX_POINT('',#6457);
#6457 = CARTESIAN_POINT('',(62.922378339344,-92.89937294874,23.3162));
#6458 = VERTEX_POINT('',#6459);
#6459 = CARTESIAN_POINT('',(62.922378339344,-92.89937294874,24.5162));
#6460 = LINE('',#6461,#6462);
#6461 = CARTESIAN_POINT('',(62.922378339344,-92.89937294874,23.3162));
#6462 = VECTOR('',#6463,1.);
#6463 = DIRECTION('',(0.,0.,1.));
#6464 = ORIENTED_EDGE('',*,*,#6465,.T.);
#6465 = EDGE_CURVE('',#6458,#6466,#6468,.T.);
#6466 = VERTEX_POINT('',#6467);
#6467 = CARTESIAN_POINT('',(63.45739784234,-92.57081956989,24.5162));
#6468 = LINE('',#6469,#6470);
#6469 = CARTESIAN_POINT('',(62.922378339344,-92.89937294874,24.5162));
#6470 = VECTOR('',#6471,1.);
#6471 = DIRECTION('',(0.85214804944,0.523300775688,0.));
#6472 = ORIENTED_EDGE('',*,*,#6473,.F.);
#6473 = EDGE_CURVE('',#6474,#6466,#6476,.T.);
#6474 = VERTEX_POINT('',#6475);
#6475 = CARTESIAN_POINT('',(63.45739784234,-92.57081956989,23.3162));
#6476 = LINE('',#6477,#6478);
#6477 = CARTESIAN_POINT('',(63.45739784234,-92.57081956989,23.3162));
#6478 = VECTOR('',#6479,1.);
#6479 = DIRECTION('',(0.,0.,1.));
#6480 = ORIENTED_EDGE('',*,*,#6481,.F.);
#6481 = EDGE_CURVE('',#6456,#6474,#6482,.T.);
#6482 = LINE('',#6483,#6484);
#6483 = CARTESIAN_POINT('',(62.922378339344,-92.89937294874,23.3162));
#6484 = VECTOR('',#6485,1.);
#6485 = DIRECTION('',(0.85214804944,0.523300775688,0.));
#6486 = PLANE('',#6487);
#6487 = AXIS2_PLACEMENT_3D('',#6488,#6489,#6490);
#6488 = CARTESIAN_POINT('',(62.922378339344,-92.89937294874,23.3162));
#6489 = DIRECTION('',(-0.523300775688,0.85214804944,0.));
#6490 = DIRECTION('',(0.85214804944,0.523300775688,0.));
#6491 = ADVANCED_FACE('',(#6492),#6517,.T.);
#6492 = FACE_BOUND('',#6493,.T.);
#6493 = EDGE_LOOP('',(#6494,#6495,#6503,#6511));
#6494 = ORIENTED_EDGE('',*,*,#6473,.T.);
#6495 = ORIENTED_EDGE('',*,*,#6496,.T.);
#6496 = EDGE_CURVE('',#6466,#6497,#6499,.T.);
#6497 = VERTEX_POINT('',#6498);
#6498 = CARTESIAN_POINT('',(63.804872201426,-92.18823487468,24.5162));
#6499 = LINE('',#6500,#6501);
#6500 = CARTESIAN_POINT('',(63.45739784234,-92.57081956989,24.5162));
#6501 = VECTOR('',#6502,1.);
#6502 = DIRECTION('',(0.672323222338,0.74025771506,0.));
#6503 = ORIENTED_EDGE('',*,*,#6504,.F.);
#6504 = EDGE_CURVE('',#6505,#6497,#6507,.T.);
#6505 = VERTEX_POINT('',#6506);
#6506 = CARTESIAN_POINT('',(63.804872201426,-92.18823487468,23.3162));
#6507 = LINE('',#6508,#6509);
#6508 = CARTESIAN_POINT('',(63.804872201426,-92.18823487468,23.3162));
#6509 = VECTOR('',#6510,1.);
#6510 = DIRECTION('',(0.,0.,1.));
#6511 = ORIENTED_EDGE('',*,*,#6512,.F.);
#6512 = EDGE_CURVE('',#6474,#6505,#6513,.T.);
#6513 = LINE('',#6514,#6515);
#6514 = CARTESIAN_POINT('',(63.45739784234,-92.57081956989,23.3162));
#6515 = VECTOR('',#6516,1.);
#6516 = DIRECTION('',(0.672323222338,0.74025771506,0.));
#6517 = PLANE('',#6518);
#6518 = AXIS2_PLACEMENT_3D('',#6519,#6520,#6521);
#6519 = CARTESIAN_POINT('',(63.45739784234,-92.57081956989,23.3162));
#6520 = DIRECTION('',(-0.74025771506,0.672323222338,0.));
#6521 = DIRECTION('',(0.672323222338,0.74025771506,0.));
#6522 = ADVANCED_FACE('',(#6523),#6548,.T.);
#6523 = FACE_BOUND('',#6524,.T.);
#6524 = EDGE_LOOP('',(#6525,#6526,#6534,#6542));
#6525 = ORIENTED_EDGE('',*,*,#6504,.T.);
#6526 = ORIENTED_EDGE('',*,*,#6527,.T.);
#6527 = EDGE_CURVE('',#6497,#6528,#6530,.T.);
#6528 = VERTEX_POINT('',#6529);
#6529 = CARTESIAN_POINT('',(63.998151585233,-91.69141427522,24.5162));
#6530 = LINE('',#6531,#6532);
#6531 = CARTESIAN_POINT('',(63.804872201426,-92.18823487468,24.5162));
#6532 = VECTOR('',#6533,1.);
#6533 = DIRECTION('',(0.362562554923,0.931959437834,0.));
#6534 = ORIENTED_EDGE('',*,*,#6535,.F.);
#6535 = EDGE_CURVE('',#6536,#6528,#6538,.T.);
#6536 = VERTEX_POINT('',#6537);
#6537 = CARTESIAN_POINT('',(63.998151585233,-91.69141427522,23.3162));
#6538 = LINE('',#6539,#6540);
#6539 = CARTESIAN_POINT('',(63.998151585233,-91.69141427522,23.3162));
#6540 = VECTOR('',#6541,1.);
#6541 = DIRECTION('',(0.,0.,1.));
#6542 = ORIENTED_EDGE('',*,*,#6543,.F.);
#6543 = EDGE_CURVE('',#6505,#6536,#6544,.T.);
#6544 = LINE('',#6545,#6546);
#6545 = CARTESIAN_POINT('',(63.804872201426,-92.18823487468,23.3162));
#6546 = VECTOR('',#6547,1.);
#6547 = DIRECTION('',(0.362562554923,0.931959437834,0.));
#6548 = PLANE('',#6549);
#6549 = AXIS2_PLACEMENT_3D('',#6550,#6551,#6552);
#6550 = CARTESIAN_POINT('',(63.804872201426,-92.18823487468,23.3162));
#6551 = DIRECTION('',(-0.931959437834,0.362562554923,0.));
#6552 = DIRECTION('',(0.362562554923,0.931959437834,0.));
#6553 = ADVANCED_FACE('',(#6554),#6579,.T.);
#6554 = FACE_BOUND('',#6555,.T.);
#6555 = EDGE_LOOP('',(#6556,#6557,#6565,#6573));
#6556 = ORIENTED_EDGE('',*,*,#6535,.T.);
#6557 = ORIENTED_EDGE('',*,*,#6558,.T.);
#6558 = EDGE_CURVE('',#6528,#6559,#6561,.T.);
#6559 = VERTEX_POINT('',#6560);
#6560 = CARTESIAN_POINT('',(64.071805478793,-91.08771030103,24.5162));
#6561 = LINE('',#6562,#6563);
#6562 = CARTESIAN_POINT('',(63.998151585233,-91.69141427522,24.5162));
#6563 = VECTOR('',#6564,1.);
#6564 = DIRECTION('',(0.121105341442,0.992639660841,0.));
#6565 = ORIENTED_EDGE('',*,*,#6566,.F.);
#6566 = EDGE_CURVE('',#6567,#6559,#6569,.T.);
#6567 = VERTEX_POINT('',#6568);
#6568 = CARTESIAN_POINT('',(64.071805478793,-91.08771030103,23.3162));
#6569 = LINE('',#6570,#6571);
#6570 = CARTESIAN_POINT('',(64.071805478793,-91.08771030103,23.3162));
#6571 = VECTOR('',#6572,1.);
#6572 = DIRECTION('',(0.,0.,1.));
#6573 = ORIENTED_EDGE('',*,*,#6574,.F.);
#6574 = EDGE_CURVE('',#6536,#6567,#6575,.T.);
#6575 = LINE('',#6576,#6577);
#6576 = CARTESIAN_POINT('',(63.998151585233,-91.69141427522,23.3162));
#6577 = VECTOR('',#6578,1.);
#6578 = DIRECTION('',(0.121105341442,0.992639660841,0.));
#6579 = PLANE('',#6580);
#6580 = AXIS2_PLACEMENT_3D('',#6581,#6582,#6583);
#6581 = CARTESIAN_POINT('',(63.998151585233,-91.69141427522,23.3162));
#6582 = DIRECTION('',(-0.992639660841,0.121105341442,0.));
#6583 = DIRECTION('',(0.121105341442,0.992639660841,0.));
#6584 = ADVANCED_FACE('',(#6585),#6610,.T.);
#6585 = FACE_BOUND('',#6586,.T.);
#6586 = EDGE_LOOP('',(#6587,#6588,#6596,#6604));
#6587 = ORIENTED_EDGE('',*,*,#6566,.T.);
#6588 = ORIENTED_EDGE('',*,*,#6589,.T.);
#6589 = EDGE_CURVE('',#6559,#6590,#6592,.T.);
#6590 = VERTEX_POINT('',#6591);
#6591 = CARTESIAN_POINT('',(64.011297136657,-90.52338407352,24.5162));
#6592 = LINE('',#6593,#6594);
#6593 = CARTESIAN_POINT('',(64.071805478793,-91.08771030103,24.5162));
#6594 = VECTOR('',#6595,1.);
#6595 = DIRECTION('',(-0.106611192657,0.994300786282,0.));
#6596 = ORIENTED_EDGE('',*,*,#6597,.F.);
#6597 = EDGE_CURVE('',#6598,#6590,#6600,.T.);
#6598 = VERTEX_POINT('',#6599);
#6599 = CARTESIAN_POINT('',(64.011297136657,-90.52338407352,23.3162));
#6600 = LINE('',#6601,#6602);
#6601 = CARTESIAN_POINT('',(64.011297136657,-90.52338407352,23.3162));
#6602 = VECTOR('',#6603,1.);
#6603 = DIRECTION('',(0.,0.,1.));
#6604 = ORIENTED_EDGE('',*,*,#6605,.F.);
#6605 = EDGE_CURVE('',#6567,#6598,#6606,.T.);
#6606 = LINE('',#6607,#6608);
#6607 = CARTESIAN_POINT('',(64.071805478793,-91.08771030103,23.3162));
#6608 = VECTOR('',#6609,1.);
#6609 = DIRECTION('',(-0.106611192657,0.994300786282,0.));
#6610 = PLANE('',#6611);
#6611 = AXIS2_PLACEMENT_3D('',#6612,#6613,#6614);
#6612 = CARTESIAN_POINT('',(64.071805478793,-91.08771030103,23.3162));
#6613 = DIRECTION('',(-0.994300786282,-0.106611192657,0.));
#6614 = DIRECTION('',(-0.106611192657,0.994300786282,0.));
#6615 = ADVANCED_FACE('',(#6616),#6641,.T.);
#6616 = FACE_BOUND('',#6617,.T.);
#6617 = EDGE_LOOP('',(#6618,#6619,#6627,#6635));
#6618 = ORIENTED_EDGE('',*,*,#6597,.T.);
#6619 = ORIENTED_EDGE('',*,*,#6620,.T.);
#6620 = EDGE_CURVE('',#6590,#6621,#6623,.T.);
#6621 = VERTEX_POINT('',#6622);
#6622 = CARTESIAN_POINT('',(63.933427556824,-90.31236537779,24.5162));
#6623 = LINE('',#6624,#6625);
#6624 = CARTESIAN_POINT('',(64.011297136657,-90.52338407352,24.5162));
#6625 = VECTOR('',#6626,1.);
#6626 = DIRECTION('',(-0.346197954539,0.938161487311,0.));
#6627 = ORIENTED_EDGE('',*,*,#6628,.F.);
#6628 = EDGE_CURVE('',#6629,#6621,#6631,.T.);
#6629 = VERTEX_POINT('',#6630);
#6630 = CARTESIAN_POINT('',(63.933427556824,-90.31236537779,23.3162));
#6631 = LINE('',#6632,#6633);
#6632 = CARTESIAN_POINT('',(63.933427556824,-90.31236537779,23.3162));
#6633 = VECTOR('',#6634,1.);
#6634 = DIRECTION('',(0.,0.,1.));
#6635 = ORIENTED_EDGE('',*,*,#6636,.F.);
#6636 = EDGE_CURVE('',#6598,#6629,#6637,.T.);
#6637 = LINE('',#6638,#6639);
#6638 = CARTESIAN_POINT('',(64.011297136657,-90.52338407352,23.3162));
#6639 = VECTOR('',#6640,1.);
#6640 = DIRECTION('',(-0.346197954539,0.938161487311,0.));
#6641 = PLANE('',#6642);
#6642 = AXIS2_PLACEMENT_3D('',#6643,#6644,#6645);
#6643 = CARTESIAN_POINT('',(64.011297136657,-90.52338407352,23.3162));
#6644 = DIRECTION('',(-0.938161487311,-0.346197954539,0.));
#6645 = DIRECTION('',(-0.346197954539,0.938161487311,0.));
#6646 = ADVANCED_FACE('',(#6647),#6672,.T.);
#6647 = FACE_BOUND('',#6648,.T.);
#6648 = EDGE_LOOP('',(#6649,#6650,#6658,#6666));
#6649 = ORIENTED_EDGE('',*,*,#6628,.T.);
#6650 = ORIENTED_EDGE('',*,*,#6651,.T.);
#6651 = EDGE_CURVE('',#6621,#6652,#6654,.T.);
#6652 = VERTEX_POINT('',#6653);
#6653 = CARTESIAN_POINT('',(63.49575592208,-89.72574592688,24.5162));
#6654 = LINE('',#6655,#6656);
#6655 = CARTESIAN_POINT('',(63.933427556824,-90.31236537779,24.5162));
#6656 = VECTOR('',#6657,1.);
#6657 = DIRECTION('',(-0.597993075892,0.801501267114,0.));
#6658 = ORIENTED_EDGE('',*,*,#6659,.F.);
#6659 = EDGE_CURVE('',#6660,#6652,#6662,.T.);
#6660 = VERTEX_POINT('',#6661);
#6661 = CARTESIAN_POINT('',(63.49575592208,-89.72574592688,23.3162));
#6662 = LINE('',#6663,#6664);
#6663 = CARTESIAN_POINT('',(63.49575592208,-89.72574592688,23.3162));
#6664 = VECTOR('',#6665,1.);
#6665 = DIRECTION('',(0.,0.,1.));
#6666 = ORIENTED_EDGE('',*,*,#6667,.F.);
#6667 = EDGE_CURVE('',#6629,#6660,#6668,.T.);
#6668 = LINE('',#6669,#6670);
#6669 = CARTESIAN_POINT('',(63.933427556824,-90.31236537779,23.3162));
#6670 = VECTOR('',#6671,1.);
#6671 = DIRECTION('',(-0.597993075892,0.801501267114,0.));
#6672 = PLANE('',#6673);
#6673 = AXIS2_PLACEMENT_3D('',#6674,#6675,#6676);
#6674 = CARTESIAN_POINT('',(63.933427556824,-90.31236537779,23.3162));
#6675 = DIRECTION('',(-0.801501267114,-0.597993075892,0.));
#6676 = DIRECTION('',(-0.597993075892,0.801501267114,0.));
#6677 = ADVANCED_FACE('',(#6678),#6703,.T.);
#6678 = FACE_BOUND('',#6679,.T.);
#6679 = EDGE_LOOP('',(#6680,#6681,#6689,#6697));
#6680 = ORIENTED_EDGE('',*,*,#6659,.T.);
#6681 = ORIENTED_EDGE('',*,*,#6682,.T.);
#6682 = EDGE_CURVE('',#6652,#6683,#6685,.T.);
#6683 = VERTEX_POINT('',#6684);
#6684 = CARTESIAN_POINT('',(62.933800835813,-89.35115399907,24.5162));
#6685 = LINE('',#6686,#6687);
#6686 = CARTESIAN_POINT('',(63.49575592208,-89.72574592688,24.5162));
#6687 = VECTOR('',#6688,1.);
#6688 = DIRECTION('',(-0.832080906687,0.554654274956,0.));
#6689 = ORIENTED_EDGE('',*,*,#6690,.F.);
#6690 = EDGE_CURVE('',#6691,#6683,#6693,.T.);
#6691 = VERTEX_POINT('',#6692);
#6692 = CARTESIAN_POINT('',(62.933800835813,-89.35115399907,23.3162));
#6693 = LINE('',#6694,#6695);
#6694 = CARTESIAN_POINT('',(62.933800835813,-89.35115399907,23.3162));
#6695 = VECTOR('',#6696,1.);
#6696 = DIRECTION('',(0.,0.,1.));
#6697 = ORIENTED_EDGE('',*,*,#6698,.F.);
#6698 = EDGE_CURVE('',#6660,#6691,#6699,.T.);
#6699 = LINE('',#6700,#6701);
#6700 = CARTESIAN_POINT('',(63.49575592208,-89.72574592688,23.3162));
#6701 = VECTOR('',#6702,1.);
#6702 = DIRECTION('',(-0.832080906687,0.554654274956,0.));
#6703 = PLANE('',#6704);
#6704 = AXIS2_PLACEMENT_3D('',#6705,#6706,#6707);
#6705 = CARTESIAN_POINT('',(63.49575592208,-89.72574592688,23.3162));
#6706 = DIRECTION('',(-0.554654274956,-0.832080906687,0.));
#6707 = DIRECTION('',(-0.832080906687,0.554654274956,0.));
#6708 = ADVANCED_FACE('',(#6709),#6734,.T.);
#6709 = FACE_BOUND('',#6710,.T.);
#6710 = EDGE_LOOP('',(#6711,#6712,#6720,#6728));
#6711 = ORIENTED_EDGE('',*,*,#6690,.T.);
#6712 = ORIENTED_EDGE('',*,*,#6713,.T.);
#6713 = EDGE_CURVE('',#6683,#6714,#6716,.T.);
#6714 = VERTEX_POINT('',#6715);
#6715 = CARTESIAN_POINT('',(62.29598742987,-89.1908071662,24.5162));
#6716 = LINE('',#6717,#6718);
#6717 = CARTESIAN_POINT('',(62.933800835813,-89.35115399907,24.5162));
#6718 = VECTOR('',#6719,1.);
#6719 = DIRECTION('',(-0.969821992592,0.243814074008,0.));
#6720 = ORIENTED_EDGE('',*,*,#6721,.F.);
#6721 = EDGE_CURVE('',#6722,#6714,#6724,.T.);
#6722 = VERTEX_POINT('',#6723);
#6723 = CARTESIAN_POINT('',(62.29598742987,-89.1908071662,23.3162));
#6724 = LINE('',#6725,#6726);
#6725 = CARTESIAN_POINT('',(62.29598742987,-89.1908071662,23.3162));
#6726 = VECTOR('',#6727,1.);
#6727 = DIRECTION('',(0.,0.,1.));
#6728 = ORIENTED_EDGE('',*,*,#6729,.F.);
#6729 = EDGE_CURVE('',#6691,#6722,#6730,.T.);
#6730 = LINE('',#6731,#6732);
#6731 = CARTESIAN_POINT('',(62.933800835813,-89.35115399907,23.3162));
#6732 = VECTOR('',#6733,1.);
#6733 = DIRECTION('',(-0.969821992592,0.243814074008,0.));
#6734 = PLANE('',#6735);
#6735 = AXIS2_PLACEMENT_3D('',#6736,#6737,#6738);
#6736 = CARTESIAN_POINT('',(62.933800835813,-89.35115399907,23.3162));
#6737 = DIRECTION('',(-0.243814074008,-0.969821992592,0.));
#6738 = DIRECTION('',(-0.969821992592,0.243814074008,0.));
#6739 = ADVANCED_FACE('',(#6740),#6765,.T.);
#6740 = FACE_BOUND('',#6741,.T.);
#6741 = EDGE_LOOP('',(#6742,#6743,#6751,#6759));
#6742 = ORIENTED_EDGE('',*,*,#6721,.T.);
#6743 = ORIENTED_EDGE('',*,*,#6744,.T.);
#6744 = EDGE_CURVE('',#6714,#6745,#6747,.T.);
#6745 = VERTEX_POINT('',#6746);
#6746 = CARTESIAN_POINT('',(61.633203340439,-89.25392021102,24.5162));
#6747 = LINE('',#6748,#6749);
#6748 = CARTESIAN_POINT('',(62.29598742987,-89.1908071662,24.5162));
#6749 = VECTOR('',#6750,1.);
#6750 = DIRECTION('',(-0.995496783704,-9.479532496193E-02,0.));
#6751 = ORIENTED_EDGE('',*,*,#6752,.F.);
#6752 = EDGE_CURVE('',#6753,#6745,#6755,.T.);
#6753 = VERTEX_POINT('',#6754);
#6754 = CARTESIAN_POINT('',(61.633203340439,-89.25392021102,23.3162));
#6755 = LINE('',#6756,#6757);
#6756 = CARTESIAN_POINT('',(61.633203340439,-89.25392021102,23.3162));
#6757 = VECTOR('',#6758,1.);
#6758 = DIRECTION('',(0.,0.,1.));
#6759 = ORIENTED_EDGE('',*,*,#6760,.F.);
#6760 = EDGE_CURVE('',#6722,#6753,#6761,.T.);
#6761 = LINE('',#6762,#6763);
#6762 = CARTESIAN_POINT('',(62.29598742987,-89.1908071662,23.3162));
#6763 = VECTOR('',#6764,1.);
#6764 = DIRECTION('',(-0.995496783704,-9.479532496193E-02,0.));
#6765 = PLANE('',#6766);
#6766 = AXIS2_PLACEMENT_3D('',#6767,#6768,#6769);
#6767 = CARTESIAN_POINT('',(62.29598742987,-89.1908071662,23.3162));
#6768 = DIRECTION('',(9.479532496193E-02,-0.995496783704,0.));
#6769 = DIRECTION('',(-0.995496783704,-9.479532496193E-02,0.));
#6770 = ADVANCED_FACE('',(#6771),#6796,.T.);
#6771 = FACE_BOUND('',#6772,.T.);
#6772 = EDGE_LOOP('',(#6773,#6774,#6782,#6790));
#6773 = ORIENTED_EDGE('',*,*,#6752,.T.);
#6774 = ORIENTED_EDGE('',*,*,#6775,.T.);
#6775 = EDGE_CURVE('',#6745,#6776,#6778,.T.);
#6776 = VERTEX_POINT('',#6777);
#6777 = CARTESIAN_POINT('',(60.985143195415,-89.55721130507,24.5162));
#6778 = LINE('',#6779,#6780);
#6779 = CARTESIAN_POINT('',(61.633203340439,-89.25392021102,24.5162));
#6780 = VECTOR('',#6781,1.);
#6781 = DIRECTION('',(-0.90572038627,-0.423875667968,0.));
#6782 = ORIENTED_EDGE('',*,*,#6783,.F.);
#6783 = EDGE_CURVE('',#6784,#6776,#6786,.T.);
#6784 = VERTEX_POINT('',#6785);
#6785 = CARTESIAN_POINT('',(60.985143195415,-89.55721130507,23.3162));
#6786 = LINE('',#6787,#6788);
#6787 = CARTESIAN_POINT('',(60.985143195415,-89.55721130507,23.3162));
#6788 = VECTOR('',#6789,1.);
#6789 = DIRECTION('',(0.,0.,1.));
#6790 = ORIENTED_EDGE('',*,*,#6791,.F.);
#6791 = EDGE_CURVE('',#6753,#6784,#6792,.T.);
#6792 = LINE('',#6793,#6794);
#6793 = CARTESIAN_POINT('',(61.633203340439,-89.25392021102,23.3162));
#6794 = VECTOR('',#6795,1.);
#6795 = DIRECTION('',(-0.90572038627,-0.423875667968,0.));
#6796 = PLANE('',#6797);
#6797 = AXIS2_PLACEMENT_3D('',#6798,#6799,#6800);
#6798 = CARTESIAN_POINT('',(61.633203340439,-89.25392021102,23.3162));
#6799 = DIRECTION('',(0.423875667968,-0.90572038627,0.));
#6800 = DIRECTION('',(-0.90572038627,-0.423875667968,0.));
#6801 = ADVANCED_FACE('',(#6802),#6827,.T.);
#6802 = FACE_BOUND('',#6803,.T.);
#6803 = EDGE_LOOP('',(#6804,#6805,#6813,#6821));
#6804 = ORIENTED_EDGE('',*,*,#6783,.T.);
#6805 = ORIENTED_EDGE('',*,*,#6806,.T.);
#6806 = EDGE_CURVE('',#6776,#6807,#6809,.T.);
#6807 = VERTEX_POINT('',#6808);
#6808 = CARTESIAN_POINT('',(60.352874026566,-90.24058015494,24.5162));
#6809 = LINE('',#6810,#6811);
#6810 = CARTESIAN_POINT('',(60.985143195415,-89.55721130507,24.5162));
#6811 = VECTOR('',#6812,1.);
#6812 = DIRECTION('',(-0.679130529706,-0.734017522694,0.));
#6813 = ORIENTED_EDGE('',*,*,#6814,.F.);
#6814 = EDGE_CURVE('',#6815,#6807,#6817,.T.);
#6815 = VERTEX_POINT('',#6816);
#6816 = CARTESIAN_POINT('',(60.352874026566,-90.24058015494,23.3162));
#6817 = LINE('',#6818,#6819);
#6818 = CARTESIAN_POINT('',(60.352874026566,-90.24058015494,23.3162));
#6819 = VECTOR('',#6820,1.);
#6820 = DIRECTION('',(0.,0.,1.));
#6821 = ORIENTED_EDGE('',*,*,#6822,.F.);
#6822 = EDGE_CURVE('',#6784,#6815,#6823,.T.);
#6823 = LINE('',#6824,#6825);
#6824 = CARTESIAN_POINT('',(60.985143195415,-89.55721130507,23.3162));
#6825 = VECTOR('',#6826,1.);
#6826 = DIRECTION('',(-0.679130529706,-0.734017522694,0.));
#6827 = PLANE('',#6828);
#6828 = AXIS2_PLACEMENT_3D('',#6829,#6830,#6831);
#6829 = CARTESIAN_POINT('',(60.985143195415,-89.55721130507,23.3162));
#6830 = DIRECTION('',(0.734017522694,-0.679130529706,0.));
#6831 = DIRECTION('',(-0.679130529706,-0.734017522694,0.));
#6832 = ADVANCED_FACE('',(#6833),#6858,.T.);
#6833 = FACE_BOUND('',#6834,.T.);
#6834 = EDGE_LOOP('',(#6835,#6836,#6844,#6852));
#6835 = ORIENTED_EDGE('',*,*,#6814,.T.);
#6836 = ORIENTED_EDGE('',*,*,#6837,.T.);
#6837 = EDGE_CURVE('',#6807,#6838,#6840,.T.);
#6838 = VERTEX_POINT('',#6839);
#6839 = CARTESIAN_POINT('',(60.146815982426,-90.80720303648,24.5162));
#6840 = LINE('',#6841,#6842);
#6841 = CARTESIAN_POINT('',(60.352874026566,-90.24058015494,24.5162));
#6842 = VECTOR('',#6843,1.);
#6843 = DIRECTION('',(-0.341762633626,-0.939786306698,0.));
#6844 = ORIENTED_EDGE('',*,*,#6845,.F.);
#6845 = EDGE_CURVE('',#6846,#6838,#6848,.T.);
#6846 = VERTEX_POINT('',#6847);
#6847 = CARTESIAN_POINT('',(60.146815982426,-90.80720303648,23.3162));
#6848 = LINE('',#6849,#6850);
#6849 = CARTESIAN_POINT('',(60.146815982426,-90.80720303648,23.3162));
#6850 = VECTOR('',#6851,1.);
#6851 = DIRECTION('',(0.,0.,1.));
#6852 = ORIENTED_EDGE('',*,*,#6853,.F.);
#6853 = EDGE_CURVE('',#6815,#6846,#6854,.T.);
#6854 = LINE('',#6855,#6856);
#6855 = CARTESIAN_POINT('',(60.352874026566,-90.24058015494,23.3162));
#6856 = VECTOR('',#6857,1.);
#6857 = DIRECTION('',(-0.341762633626,-0.939786306698,0.));
#6858 = PLANE('',#6859);
#6859 = AXIS2_PLACEMENT_3D('',#6860,#6861,#6862);
#6860 = CARTESIAN_POINT('',(60.352874026566,-90.24058015494,23.3162));
#6861 = DIRECTION('',(0.939786306698,-0.341762633626,0.));
#6862 = DIRECTION('',(-0.341762633626,-0.939786306698,0.));
#6863 = ADVANCED_FACE('',(#6864),#6889,.T.);
#6864 = FACE_BOUND('',#6865,.T.);
#6865 = EDGE_LOOP('',(#6866,#6867,#6875,#6883));
#6866 = ORIENTED_EDGE('',*,*,#6845,.T.);
#6867 = ORIENTED_EDGE('',*,*,#6868,.T.);
#6868 = EDGE_CURVE('',#6838,#6869,#6871,.T.);
#6869 = VERTEX_POINT('',#6870);
#6870 = CARTESIAN_POINT('',(60.140501410609,-91.38236462035,24.5162));
#6871 = LINE('',#6872,#6873);
#6872 = CARTESIAN_POINT('',(60.146815982426,-90.80720303648,24.5162));
#6873 = VECTOR('',#6874,1.);
#6874 = DIRECTION('',(-1.097811722787E-02,-0.999939738655,0.));
#6875 = ORIENTED_EDGE('',*,*,#6876,.F.);
#6876 = EDGE_CURVE('',#6877,#6869,#6879,.T.);
#6877 = VERTEX_POINT('',#6878);
#6878 = CARTESIAN_POINT('',(60.140501410609,-91.38236462035,23.3162));
#6879 = LINE('',#6880,#6881);
#6880 = CARTESIAN_POINT('',(60.140501410609,-91.38236462035,23.3162));
#6881 = VECTOR('',#6882,1.);
#6882 = DIRECTION('',(0.,0.,1.));
#6883 = ORIENTED_EDGE('',*,*,#6884,.F.);
#6884 = EDGE_CURVE('',#6846,#6877,#6885,.T.);
#6885 = LINE('',#6886,#6887);
#6886 = CARTESIAN_POINT('',(60.146815982426,-90.80720303648,23.3162));
#6887 = VECTOR('',#6888,1.);
#6888 = DIRECTION('',(-1.097811722787E-02,-0.999939738655,0.));
#6889 = PLANE('',#6890);
#6890 = AXIS2_PLACEMENT_3D('',#6891,#6892,#6893);
#6891 = CARTESIAN_POINT('',(60.146815982426,-90.80720303648,23.3162));
#6892 = DIRECTION('',(0.999939738655,-1.097811722787E-02,0.));
#6893 = DIRECTION('',(-1.097811722787E-02,-0.999939738655,0.));
#6894 = ADVANCED_FACE('',(#6895),#6920,.T.);
#6895 = FACE_BOUND('',#6896,.T.);
#6896 = EDGE_LOOP('',(#6897,#6898,#6906,#6914));
#6897 = ORIENTED_EDGE('',*,*,#6876,.T.);
#6898 = ORIENTED_EDGE('',*,*,#6899,.T.);
#6899 = EDGE_CURVE('',#6869,#6900,#6902,.T.);
#6900 = VERTEX_POINT('',#6901);
#6901 = CARTESIAN_POINT('',(60.310057148008,-91.93253047663,24.5162));
#6902 = LINE('',#6903,#6904);
#6903 = CARTESIAN_POINT('',(60.140501410609,-91.38236462035,24.5162));
#6904 = VECTOR('',#6905,1.);
#6905 = DIRECTION('',(0.294520495036,-0.955645163229,0.));
#6906 = ORIENTED_EDGE('',*,*,#6907,.F.);
#6907 = EDGE_CURVE('',#6908,#6900,#6910,.T.);
#6908 = VERTEX_POINT('',#6909);
#6909 = CARTESIAN_POINT('',(60.310057148008,-91.93253047663,23.3162));
#6910 = LINE('',#6911,#6912);
#6911 = CARTESIAN_POINT('',(60.310057148008,-91.93253047663,23.3162));
#6912 = VECTOR('',#6913,1.);
#6913 = DIRECTION('',(0.,0.,1.));
#6914 = ORIENTED_EDGE('',*,*,#6915,.F.);
#6915 = EDGE_CURVE('',#6877,#6908,#6916,.T.);
#6916 = LINE('',#6917,#6918);
#6917 = CARTESIAN_POINT('',(60.140501410609,-91.38236462035,23.3162));
#6918 = VECTOR('',#6919,1.);
#6919 = DIRECTION('',(0.294520495036,-0.955645163229,0.));
#6920 = PLANE('',#6921);
#6921 = AXIS2_PLACEMENT_3D('',#6922,#6923,#6924);
#6922 = CARTESIAN_POINT('',(60.140501410609,-91.38236462035,23.3162));
#6923 = DIRECTION('',(0.955645163229,0.294520495036,-0.));
#6924 = DIRECTION('',(0.294520495036,-0.955645163229,0.));
#6925 = ADVANCED_FACE('',(#6926),#6951,.T.);
#6926 = FACE_BOUND('',#6927,.T.);
#6927 = EDGE_LOOP('',(#6928,#6929,#6937,#6945));
#6928 = ORIENTED_EDGE('',*,*,#6907,.T.);
#6929 = ORIENTED_EDGE('',*,*,#6930,.T.);
#6930 = EDGE_CURVE('',#6900,#6931,#6933,.T.);
#6931 = VERTEX_POINT('',#6932);
#6932 = CARTESIAN_POINT('',(60.631684681645,-92.41729752639,24.5162));
#6933 = LINE('',#6934,#6935);
#6934 = CARTESIAN_POINT('',(60.310057148008,-91.93253047663,24.5162));
#6935 = VECTOR('',#6936,1.);
#6936 = DIRECTION('',(0.552853698807,-0.833278337481,0.));
#6937 = ORIENTED_EDGE('',*,*,#6938,.F.);
#6938 = EDGE_CURVE('',#6939,#6931,#6941,.T.);
#6939 = VERTEX_POINT('',#6940);
#6940 = CARTESIAN_POINT('',(60.631684681645,-92.41729752639,23.3162));
#6941 = LINE('',#6942,#6943);
#6942 = CARTESIAN_POINT('',(60.631684681645,-92.41729752639,23.3162));
#6943 = VECTOR('',#6944,1.);
#6944 = DIRECTION('',(0.,0.,1.));
#6945 = ORIENTED_EDGE('',*,*,#6946,.F.);
#6946 = EDGE_CURVE('',#6908,#6939,#6947,.T.);
#6947 = LINE('',#6948,#6949);
#6948 = CARTESIAN_POINT('',(60.310057148008,-91.93253047663,23.3162));
#6949 = VECTOR('',#6950,1.);
#6950 = DIRECTION('',(0.552853698807,-0.833278337481,0.));
#6951 = PLANE('',#6952);
#6952 = AXIS2_PLACEMENT_3D('',#6953,#6954,#6955);
#6953 = CARTESIAN_POINT('',(60.310057148008,-91.93253047663,23.3162));
#6954 = DIRECTION('',(0.833278337481,0.552853698807,-0.));
#6955 = DIRECTION('',(0.552853698807,-0.833278337481,0.));
#6956 = ADVANCED_FACE('',(#6957),#6982,.T.);
#6957 = FACE_BOUND('',#6958,.T.);
#6958 = EDGE_LOOP('',(#6959,#6960,#6968,#6976));
#6959 = ORIENTED_EDGE('',*,*,#6938,.T.);
#6960 = ORIENTED_EDGE('',*,*,#6961,.T.);
#6961 = EDGE_CURVE('',#6931,#6962,#6964,.T.);
#6962 = VERTEX_POINT('',#6963);
#6963 = CARTESIAN_POINT('',(61.078126568935,-92.79481296381,24.5162));
#6964 = LINE('',#6965,#6966);
#6965 = CARTESIAN_POINT('',(60.631684681645,-92.41729752639,24.5162));
#6966 = VECTOR('',#6967,1.);
#6967 = DIRECTION('',(0.763591262991,-0.645699917209,0.));
#6968 = ORIENTED_EDGE('',*,*,#6969,.F.);
#6969 = EDGE_CURVE('',#6970,#6962,#6972,.T.);
#6970 = VERTEX_POINT('',#6971);
#6971 = CARTESIAN_POINT('',(61.078126568935,-92.79481296381,23.3162));
#6972 = LINE('',#6973,#6974);
#6973 = CARTESIAN_POINT('',(61.078126568935,-92.79481296381,23.3162));
#6974 = VECTOR('',#6975,1.);
#6975 = DIRECTION('',(0.,0.,1.));
#6976 = ORIENTED_EDGE('',*,*,#6977,.F.);
#6977 = EDGE_CURVE('',#6939,#6970,#6978,.T.);
#6978 = LINE('',#6979,#6980);
#6979 = CARTESIAN_POINT('',(60.631684681645,-92.41729752639,23.3162));
#6980 = VECTOR('',#6981,1.);
#6981 = DIRECTION('',(0.763591262991,-0.645699917209,0.));
#6982 = PLANE('',#6983);
#6983 = AXIS2_PLACEMENT_3D('',#6984,#6985,#6986);
#6984 = CARTESIAN_POINT('',(60.631684681645,-92.41729752639,23.3162));
#6985 = DIRECTION('',(0.645699917209,0.763591262991,-0.));
#6986 = DIRECTION('',(0.763591262991,-0.645699917209,0.));
#6987 = ADVANCED_FACE('',(#6988),#7013,.T.);
#6988 = FACE_BOUND('',#6989,.T.);
#6989 = EDGE_LOOP('',(#6990,#6991,#6999,#7007));
#6990 = ORIENTED_EDGE('',*,*,#6969,.T.);
#6991 = ORIENTED_EDGE('',*,*,#6992,.T.);
#6992 = EDGE_CURVE('',#6962,#6993,#6995,.T.);
#6993 = VERTEX_POINT('',#6994);
#6994 = CARTESIAN_POINT('',(61.621282440849,-93.02623595571,24.5162));
#6995 = LINE('',#6996,#6997);
#6996 = CARTESIAN_POINT('',(61.078126568935,-92.79481296381,24.5162));
#6997 = VECTOR('',#6998,1.);
#6998 = DIRECTION('',(0.919975838923,-0.391975070379,0.));
#6999 = ORIENTED_EDGE('',*,*,#7000,.F.);
#7000 = EDGE_CURVE('',#7001,#6993,#7003,.T.);
#7001 = VERTEX_POINT('',#7002);
#7002 = CARTESIAN_POINT('',(61.621282440849,-93.02623595571,23.3162));
#7003 = LINE('',#7004,#7005);
#7004 = CARTESIAN_POINT('',(61.621282440849,-93.02623595571,23.3162));
#7005 = VECTOR('',#7006,1.);
#7006 = DIRECTION('',(0.,0.,1.));
#7007 = ORIENTED_EDGE('',*,*,#7008,.F.);
#7008 = EDGE_CURVE('',#6970,#7001,#7009,.T.);
#7009 = LINE('',#7010,#7011);
#7010 = CARTESIAN_POINT('',(61.078126568935,-92.79481296381,23.3162));
#7011 = VECTOR('',#7012,1.);
#7012 = DIRECTION('',(0.919975838923,-0.391975070379,0.));
#7013 = PLANE('',#7014);
#7014 = AXIS2_PLACEMENT_3D('',#7015,#7016,#7017);
#7015 = CARTESIAN_POINT('',(61.078126568935,-92.79481296381,23.3162));
#7016 = DIRECTION('',(0.391975070379,0.919975838923,-0.));
#7017 = DIRECTION('',(0.919975838923,-0.391975070379,0.));
#7018 = ADVANCED_FACE('',(#7019),#7044,.T.);
#7019 = FACE_BOUND('',#7020,.T.);
#7020 = EDGE_LOOP('',(#7021,#7022,#7030,#7038));
#7021 = ORIENTED_EDGE('',*,*,#7000,.T.);
#7022 = ORIENTED_EDGE('',*,*,#7023,.T.);
#7023 = EDGE_CURVE('',#6993,#7024,#7026,.T.);
#7024 = VERTEX_POINT('',#7025);
#7025 = CARTESIAN_POINT('',(62.237749475577,-93.07547189254,24.5162));
#7026 = LINE('',#7027,#7028);
#7027 = CARTESIAN_POINT('',(61.621282440849,-93.02623595571,24.5162));
#7028 = VECTOR('',#7029,1.);
#7029 = DIRECTION('',(0.996825736213,-7.961439331953E-02,0.));
#7030 = ORIENTED_EDGE('',*,*,#7031,.F.);
#7031 = EDGE_CURVE('',#7032,#7024,#7034,.T.);
#7032 = VERTEX_POINT('',#7033);
#7033 = CARTESIAN_POINT('',(62.237749475577,-93.07547189254,23.3162));
#7034 = LINE('',#7035,#7036);
#7035 = CARTESIAN_POINT('',(62.237749475577,-93.07547189254,23.3162));
#7036 = VECTOR('',#7037,1.);
#7037 = DIRECTION('',(0.,0.,1.));
#7038 = ORIENTED_EDGE('',*,*,#7039,.F.);
#7039 = EDGE_CURVE('',#7001,#7032,#7040,.T.);
#7040 = LINE('',#7041,#7042);
#7041 = CARTESIAN_POINT('',(61.621282440849,-93.02623595571,23.3162));
#7042 = VECTOR('',#7043,1.);
#7043 = DIRECTION('',(0.996825736213,-7.961439331953E-02,0.));
#7044 = PLANE('',#7045);
#7045 = AXIS2_PLACEMENT_3D('',#7046,#7047,#7048);
#7046 = CARTESIAN_POINT('',(61.621282440849,-93.02623595571,23.3162));
#7047 = DIRECTION('',(7.961439331953E-02,0.996825736213,-0.));
#7048 = DIRECTION('',(0.996825736213,-7.961439331953E-02,0.));
#7049 = ADVANCED_FACE('',(#7050),#7066,.T.);
#7050 = FACE_BOUND('',#7051,.T.);
#7051 = EDGE_LOOP('',(#7052,#7053,#7059,#7060));
#7052 = ORIENTED_EDGE('',*,*,#7031,.T.);
#7053 = ORIENTED_EDGE('',*,*,#7054,.T.);
#7054 = EDGE_CURVE('',#7024,#6458,#7055,.T.);
#7055 = LINE('',#7056,#7057);
#7056 = CARTESIAN_POINT('',(62.237749475577,-93.07547189254,24.5162));
#7057 = VECTOR('',#7058,1.);
#7058 = DIRECTION('',(0.96847535132,0.249109401439,0.));
#7059 = ORIENTED_EDGE('',*,*,#6455,.F.);
#7060 = ORIENTED_EDGE('',*,*,#7061,.F.);
#7061 = EDGE_CURVE('',#7032,#6456,#7062,.T.);
#7062 = LINE('',#7063,#7064);
#7063 = CARTESIAN_POINT('',(62.237749475577,-93.07547189254,23.3162));
#7064 = VECTOR('',#7065,1.);
#7065 = DIRECTION('',(0.96847535132,0.249109401439,0.));
#7066 = PLANE('',#7067);
#7067 = AXIS2_PLACEMENT_3D('',#7068,#7069,#7070);
#7068 = CARTESIAN_POINT('',(62.237749475577,-93.07547189254,23.3162));
#7069 = DIRECTION('',(-0.249109401439,0.96847535132,0.));
#7070 = DIRECTION('',(0.96847535132,0.249109401439,0.));
#7071 = ADVANCED_FACE('',(#7072,#7096),#7118,.T.);
#7072 = FACE_BOUND('',#7073,.T.);
#7073 = EDGE_LOOP('',(#7074,#7075,#7076,#7077,#7078,#7079,#7080,#7081,
    #7082,#7083,#7084,#7085,#7086,#7087,#7088,#7089,#7090,#7091,#7092,
    #7093,#7094,#7095));
#7074 = ORIENTED_EDGE('',*,*,#5799,.T.);
#7075 = ORIENTED_EDGE('',*,*,#5830,.T.);
#7076 = ORIENTED_EDGE('',*,*,#5861,.T.);
#7077 = ORIENTED_EDGE('',*,*,#5892,.T.);
#7078 = ORIENTED_EDGE('',*,*,#5923,.T.);
#7079 = ORIENTED_EDGE('',*,*,#5954,.T.);
#7080 = ORIENTED_EDGE('',*,*,#5985,.T.);
#7081 = ORIENTED_EDGE('',*,*,#6016,.T.);
#7082 = ORIENTED_EDGE('',*,*,#6047,.T.);
#7083 = ORIENTED_EDGE('',*,*,#6078,.T.);
#7084 = ORIENTED_EDGE('',*,*,#6109,.T.);
#7085 = ORIENTED_EDGE('',*,*,#6140,.T.);
#7086 = ORIENTED_EDGE('',*,*,#6171,.T.);
#7087 = ORIENTED_EDGE('',*,*,#6202,.T.);
#7088 = ORIENTED_EDGE('',*,*,#6233,.T.);
#7089 = ORIENTED_EDGE('',*,*,#6264,.T.);
#7090 = ORIENTED_EDGE('',*,*,#6295,.T.);
#7091 = ORIENTED_EDGE('',*,*,#6326,.T.);
#7092 = ORIENTED_EDGE('',*,*,#6357,.T.);
#7093 = ORIENTED_EDGE('',*,*,#6388,.T.);
#7094 = ORIENTED_EDGE('',*,*,#6419,.T.);
#7095 = ORIENTED_EDGE('',*,*,#6441,.T.);
#7096 = FACE_BOUND('',#7097,.T.);
#7097 = EDGE_LOOP('',(#7098,#7099,#7100,#7101,#7102,#7103,#7104,#7105,
    #7106,#7107,#7108,#7109,#7110,#7111,#7112,#7113,#7114,#7115,#7116,
    #7117));
#7098 = ORIENTED_EDGE('',*,*,#6481,.T.);
#7099 = ORIENTED_EDGE('',*,*,#6512,.T.);
#7100 = ORIENTED_EDGE('',*,*,#6543,.T.);
#7101 = ORIENTED_EDGE('',*,*,#6574,.T.);
#7102 = ORIENTED_EDGE('',*,*,#6605,.T.);
#7103 = ORIENTED_EDGE('',*,*,#6636,.T.);
#7104 = ORIENTED_EDGE('',*,*,#6667,.T.);
#7105 = ORIENTED_EDGE('',*,*,#6698,.T.);
#7106 = ORIENTED_EDGE('',*,*,#6729,.T.);
#7107 = ORIENTED_EDGE('',*,*,#6760,.T.);
#7108 = ORIENTED_EDGE('',*,*,#6791,.T.);
#7109 = ORIENTED_EDGE('',*,*,#6822,.T.);
#7110 = ORIENTED_EDGE('',*,*,#6853,.T.);
#7111 = ORIENTED_EDGE('',*,*,#6884,.T.);
#7112 = ORIENTED_EDGE('',*,*,#6915,.T.);
#7113 = ORIENTED_EDGE('',*,*,#6946,.T.);
#7114 = ORIENTED_EDGE('',*,*,#6977,.T.);
#7115 = ORIENTED_EDGE('',*,*,#7008,.T.);
#7116 = ORIENTED_EDGE('',*,*,#7039,.T.);
#7117 = ORIENTED_EDGE('',*,*,#7061,.T.);
#7118 = PLANE('',#7119);
#7119 = AXIS2_PLACEMENT_3D('',#7120,#7121,#7122);
#7120 = CARTESIAN_POINT('',(62.105051120169,-91.14989265564,23.3162));
#7121 = DIRECTION('',(-0.,-0.,-1.));
#7122 = DIRECTION('',(-1.,0.,0.));
#7123 = ADVANCED_FACE('',(#7124,#7148),#7170,.F.);
#7124 = FACE_BOUND('',#7125,.F.);
#7125 = EDGE_LOOP('',(#7126,#7127,#7128,#7129,#7130,#7131,#7132,#7133,
    #7134,#7135,#7136,#7137,#7138,#7139,#7140,#7141,#7142,#7143,#7144,
    #7145,#7146,#7147));
#7126 = ORIENTED_EDGE('',*,*,#5783,.T.);
#7127 = ORIENTED_EDGE('',*,*,#5814,.T.);
#7128 = ORIENTED_EDGE('',*,*,#5845,.T.);
#7129 = ORIENTED_EDGE('',*,*,#5876,.T.);
#7130 = ORIENTED_EDGE('',*,*,#5907,.T.);
#7131 = ORIENTED_EDGE('',*,*,#5938,.T.);
#7132 = ORIENTED_EDGE('',*,*,#5969,.T.);
#7133 = ORIENTED_EDGE('',*,*,#6000,.T.);
#7134 = ORIENTED_EDGE('',*,*,#6031,.T.);
#7135 = ORIENTED_EDGE('',*,*,#6062,.T.);
#7136 = ORIENTED_EDGE('',*,*,#6093,.T.);
#7137 = ORIENTED_EDGE('',*,*,#6124,.T.);
#7138 = ORIENTED_EDGE('',*,*,#6155,.T.);
#7139 = ORIENTED_EDGE('',*,*,#6186,.T.);
#7140 = ORIENTED_EDGE('',*,*,#6217,.T.);
#7141 = ORIENTED_EDGE('',*,*,#6248,.T.);
#7142 = ORIENTED_EDGE('',*,*,#6279,.T.);
#7143 = ORIENTED_EDGE('',*,*,#6310,.T.);
#7144 = ORIENTED_EDGE('',*,*,#6341,.T.);
#7145 = ORIENTED_EDGE('',*,*,#6372,.T.);
#7146 = ORIENTED_EDGE('',*,*,#6403,.T.);
#7147 = ORIENTED_EDGE('',*,*,#6434,.T.);
#7148 = FACE_BOUND('',#7149,.F.);
#7149 = EDGE_LOOP('',(#7150,#7151,#7152,#7153,#7154,#7155,#7156,#7157,
    #7158,#7159,#7160,#7161,#7162,#7163,#7164,#7165,#7166,#7167,#7168,
    #7169));
#7150 = ORIENTED_EDGE('',*,*,#6465,.T.);
#7151 = ORIENTED_EDGE('',*,*,#6496,.T.);
#7152 = ORIENTED_EDGE('',*,*,#6527,.T.);
#7153 = ORIENTED_EDGE('',*,*,#6558,.T.);
#7154 = ORIENTED_EDGE('',*,*,#6589,.T.);
#7155 = ORIENTED_EDGE('',*,*,#6620,.T.);
#7156 = ORIENTED_EDGE('',*,*,#6651,.T.);
#7157 = ORIENTED_EDGE('',*,*,#6682,.T.);
#7158 = ORIENTED_EDGE('',*,*,#6713,.T.);
#7159 = ORIENTED_EDGE('',*,*,#6744,.T.);
#7160 = ORIENTED_EDGE('',*,*,#6775,.T.);
#7161 = ORIENTED_EDGE('',*,*,#6806,.T.);
#7162 = ORIENTED_EDGE('',*,*,#6837,.T.);
#7163 = ORIENTED_EDGE('',*,*,#6868,.T.);
#7164 = ORIENTED_EDGE('',*,*,#6899,.T.);
#7165 = ORIENTED_EDGE('',*,*,#6930,.T.);
#7166 = ORIENTED_EDGE('',*,*,#6961,.T.);
#7167 = ORIENTED_EDGE('',*,*,#6992,.T.);
#7168 = ORIENTED_EDGE('',*,*,#7023,.T.);
#7169 = ORIENTED_EDGE('',*,*,#7054,.T.);
#7170 = PLANE('',#7171);
#7171 = AXIS2_PLACEMENT_3D('',#7172,#7173,#7174);
#7172 = CARTESIAN_POINT('',(62.105051120169,-91.14989265564,24.5162));
#7173 = DIRECTION('',(-0.,-0.,-1.));
#7174 = DIRECTION('',(-1.,0.,0.));
#7175 = MANIFOLD_SOLID_BREP('',#7176);
#7176 = CLOSED_SHELL('',(#7177,#7217,#7248,#7279,#7310,#7341,#7372,#7403
    ,#7434,#7465,#7496,#7527,#7558,#7589,#7620,#7651,#7682,#7713,#7744,
    #7775,#7806,#7837,#7859,#7899,#7930,#7961,#7992,#8023,#8054,#8085,
    #8116,#8147,#8178,#8209,#8240,#8271,#8302,#8333,#8364,#8395,#8426,
    #8457,#8479,#8531));
#7177 = ADVANCED_FACE('',(#7178),#7212,.T.);
#7178 = FACE_BOUND('',#7179,.T.);
#7179 = EDGE_LOOP('',(#7180,#7190,#7198,#7206));
#7180 = ORIENTED_EDGE('',*,*,#7181,.T.);
#7181 = EDGE_CURVE('',#7182,#7184,#7186,.T.);
#7182 = VERTEX_POINT('',#7183);
#7183 = CARTESIAN_POINT('',(63.217860194118,-69.11411634617,23.3162));
#7184 = VERTEX_POINT('',#7185);
#7185 = CARTESIAN_POINT('',(63.217860194118,-69.11411634617,24.5162));
#7186 = LINE('',#7187,#7188);
#7187 = CARTESIAN_POINT('',(63.217860194118,-69.11411634617,23.3162));
#7188 = VECTOR('',#7189,1.);
#7189 = DIRECTION('',(0.,0.,1.));
#7190 = ORIENTED_EDGE('',*,*,#7191,.T.);
#7191 = EDGE_CURVE('',#7184,#7192,#7194,.T.);
#7192 = VERTEX_POINT('',#7193);
#7193 = CARTESIAN_POINT('',(63.97206577635,-69.58139386371,24.5162));
#7194 = LINE('',#7195,#7196);
#7195 = CARTESIAN_POINT('',(63.217860194118,-69.11411634617,24.5162));
#7196 = VECTOR('',#7197,1.);
#7197 = DIRECTION('',(0.850069195235,-0.526671020005,0.));
#7198 = ORIENTED_EDGE('',*,*,#7199,.F.);
#7199 = EDGE_CURVE('',#7200,#7192,#7202,.T.);
#7200 = VERTEX_POINT('',#7201);
#7201 = CARTESIAN_POINT('',(63.97206577635,-69.58139386371,23.3162));
#7202 = LINE('',#7203,#7204);
#7203 = CARTESIAN_POINT('',(63.97206577635,-69.58139386371,23.3162));
#7204 = VECTOR('',#7205,1.);
#7205 = DIRECTION('',(0.,0.,1.));
#7206 = ORIENTED_EDGE('',*,*,#7207,.F.);
#7207 = EDGE_CURVE('',#7182,#7200,#7208,.T.);
#7208 = LINE('',#7209,#7210);
#7209 = CARTESIAN_POINT('',(63.217860194118,-69.11411634617,23.3162));
#7210 = VECTOR('',#7211,1.);
#7211 = DIRECTION('',(0.850069195235,-0.526671020005,0.));
#7212 = PLANE('',#7213);
#7213 = AXIS2_PLACEMENT_3D('',#7214,#7215,#7216);
#7214 = CARTESIAN_POINT('',(63.217860194118,-69.11411634617,23.3162));
#7215 = DIRECTION('',(0.526671020005,0.850069195235,-0.));
#7216 = DIRECTION('',(0.850069195235,-0.526671020005,0.));
#7217 = ADVANCED_FACE('',(#7218),#7243,.T.);
#7218 = FACE_BOUND('',#7219,.T.);
#7219 = EDGE_LOOP('',(#7220,#7221,#7229,#7237));
#7220 = ORIENTED_EDGE('',*,*,#7199,.T.);
#7221 = ORIENTED_EDGE('',*,*,#7222,.T.);
#7222 = EDGE_CURVE('',#7192,#7223,#7225,.T.);
#7223 = VERTEX_POINT('',#7224);
#7224 = CARTESIAN_POINT('',(64.485850513301,-70.27303498004,24.5162));
#7225 = LINE('',#7226,#7227);
#7226 = CARTESIAN_POINT('',(63.97206577635,-69.58139386371,24.5162));
#7227 = VECTOR('',#7228,1.);
#7228 = DIRECTION('',(0.596319658481,-0.802747074058,0.));
#7229 = ORIENTED_EDGE('',*,*,#7230,.F.);
#7230 = EDGE_CURVE('',#7231,#7223,#7233,.T.);
#7231 = VERTEX_POINT('',#7232);
#7232 = CARTESIAN_POINT('',(64.485850513301,-70.27303498004,23.3162));
#7233 = LINE('',#7234,#7235);
#7234 = CARTESIAN_POINT('',(64.485850513301,-70.27303498004,23.3162));
#7235 = VECTOR('',#7236,1.);
#7236 = DIRECTION('',(0.,0.,1.));
#7237 = ORIENTED_EDGE('',*,*,#7238,.F.);
#7238 = EDGE_CURVE('',#7200,#7231,#7239,.T.);
#7239 = LINE('',#7240,#7241);
#7240 = CARTESIAN_POINT('',(63.97206577635,-69.58139386371,23.3162));
#7241 = VECTOR('',#7242,1.);
#7242 = DIRECTION('',(0.596319658481,-0.802747074058,0.));
#7243 = PLANE('',#7244);
#7244 = AXIS2_PLACEMENT_3D('',#7245,#7246,#7247);
#7245 = CARTESIAN_POINT('',(63.97206577635,-69.58139386371,23.3162));
#7246 = DIRECTION('',(0.802747074058,0.596319658481,-0.));
#7247 = DIRECTION('',(0.596319658481,-0.802747074058,0.));
#7248 = ADVANCED_FACE('',(#7249),#7274,.T.);
#7249 = FACE_BOUND('',#7250,.T.);
#7250 = EDGE_LOOP('',(#7251,#7252,#7260,#7268));
#7251 = ORIENTED_EDGE('',*,*,#7230,.T.);
#7252 = ORIENTED_EDGE('',*,*,#7253,.T.);
#7253 = EDGE_CURVE('',#7223,#7254,#7256,.T.);
#7254 = VERTEX_POINT('',#7255);
#7255 = CARTESIAN_POINT('',(64.737917884794,-71.10494889308,24.5162));
#7256 = LINE('',#7257,#7258);
#7257 = CARTESIAN_POINT('',(64.485850513301,-70.27303498004,24.5162));
#7258 = VECTOR('',#7259,1.);
#7259 = DIRECTION('',(0.289978152608,-0.957033265362,0.));
#7260 = ORIENTED_EDGE('',*,*,#7261,.F.);
#7261 = EDGE_CURVE('',#7262,#7254,#7264,.T.);
#7262 = VERTEX_POINT('',#7263);
#7263 = CARTESIAN_POINT('',(64.737917884794,-71.10494889308,23.3162));
#7264 = LINE('',#7265,#7266);
#7265 = CARTESIAN_POINT('',(64.737917884794,-71.10494889308,23.3162));
#7266 = VECTOR('',#7267,1.);
#7267 = DIRECTION('',(0.,0.,1.));
#7268 = ORIENTED_EDGE('',*,*,#7269,.F.);
#7269 = EDGE_CURVE('',#7231,#7262,#7270,.T.);
#7270 = LINE('',#7271,#7272);
#7271 = CARTESIAN_POINT('',(64.485850513301,-70.27303498004,23.3162));
#7272 = VECTOR('',#7273,1.);
#7273 = DIRECTION('',(0.289978152608,-0.957033265362,0.));
#7274 = PLANE('',#7275);
#7275 = AXIS2_PLACEMENT_3D('',#7276,#7277,#7278);
#7276 = CARTESIAN_POINT('',(64.485850513301,-70.27303498004,23.3162));
#7277 = DIRECTION('',(0.957033265362,0.289978152608,-0.));
#7278 = DIRECTION('',(0.289978152608,-0.957033265362,0.));
#7279 = ADVANCED_FACE('',(#7280),#7305,.T.);
#7280 = FACE_BOUND('',#7281,.T.);
#7281 = EDGE_LOOP('',(#7282,#7283,#7291,#7299));
#7282 = ORIENTED_EDGE('',*,*,#7261,.T.);
#7283 = ORIENTED_EDGE('',*,*,#7284,.T.);
#7284 = EDGE_CURVE('',#7254,#7285,#7287,.T.);
#7285 = VERTEX_POINT('',#7286);
#7286 = CARTESIAN_POINT('',(64.770313244755,-71.56517459098,24.5162));
#7287 = LINE('',#7288,#7289);
#7288 = CARTESIAN_POINT('',(64.737917884794,-71.10494889308,24.5162));
#7289 = VECTOR('',#7290,1.);
#7290 = DIRECTION('',(7.021642048333E-02,-0.997531781095,0.));
#7291 = ORIENTED_EDGE('',*,*,#7292,.F.);
#7292 = EDGE_CURVE('',#7293,#7285,#7295,.T.);
#7293 = VERTEX_POINT('',#7294);
#7294 = CARTESIAN_POINT('',(64.770313244755,-71.56517459098,23.3162));
#7295 = LINE('',#7296,#7297);
#7296 = CARTESIAN_POINT('',(64.770313244755,-71.56517459098,23.3162));
#7297 = VECTOR('',#7298,1.);
#7298 = DIRECTION('',(0.,0.,1.));
#7299 = ORIENTED_EDGE('',*,*,#7300,.F.);
#7300 = EDGE_CURVE('',#7262,#7293,#7301,.T.);
#7301 = LINE('',#7302,#7303);
#7302 = CARTESIAN_POINT('',(64.737917884794,-71.10494889308,23.3162));
#7303 = VECTOR('',#7304,1.);
#7304 = DIRECTION('',(7.021642048333E-02,-0.997531781095,0.));
#7305 = PLANE('',#7306);
#7306 = AXIS2_PLACEMENT_3D('',#7307,#7308,#7309);
#7307 = CARTESIAN_POINT('',(64.737917884794,-71.10494889308,23.3162));
#7308 = DIRECTION('',(0.997531781095,7.021642048333E-02,-0.));
#7309 = DIRECTION('',(7.021642048333E-02,-0.997531781095,0.));
#7310 = ADVANCED_FACE('',(#7311),#7336,.T.);
#7311 = FACE_BOUND('',#7312,.T.);
#7312 = EDGE_LOOP('',(#7313,#7314,#7322,#7330));
#7313 = ORIENTED_EDGE('',*,*,#7292,.T.);
#7314 = ORIENTED_EDGE('',*,*,#7315,.T.);
#7315 = EDGE_CURVE('',#7285,#7316,#7318,.T.);
#7316 = VERTEX_POINT('',#7317);
#7317 = CARTESIAN_POINT('',(64.723203249962,-72.24260985008,24.5162));
#7318 = LINE('',#7319,#7320);
#7319 = CARTESIAN_POINT('',(64.770313244755,-71.56517459098,24.5162));
#7320 = VECTOR('',#7321,1.);
#7321 = DIRECTION('',(-6.937414696681E-02,-0.997590711531,0.));
#7322 = ORIENTED_EDGE('',*,*,#7323,.F.);
#7323 = EDGE_CURVE('',#7324,#7316,#7326,.T.);
#7324 = VERTEX_POINT('',#7325);
#7325 = CARTESIAN_POINT('',(64.723203249962,-72.24260985008,23.3162));
#7326 = LINE('',#7327,#7328);
#7327 = CARTESIAN_POINT('',(64.723203249962,-72.24260985008,23.3162));
#7328 = VECTOR('',#7329,1.);
#7329 = DIRECTION('',(0.,0.,1.));
#7330 = ORIENTED_EDGE('',*,*,#7331,.F.);
#7331 = EDGE_CURVE('',#7293,#7324,#7332,.T.);
#7332 = LINE('',#7333,#7334);
#7333 = CARTESIAN_POINT('',(64.770313244755,-71.56517459098,23.3162));
#7334 = VECTOR('',#7335,1.);
#7335 = DIRECTION('',(-6.937414696681E-02,-0.997590711531,0.));
#7336 = PLANE('',#7337);
#7337 = AXIS2_PLACEMENT_3D('',#7338,#7339,#7340);
#7338 = CARTESIAN_POINT('',(64.770313244755,-71.56517459098,23.3162));
#7339 = DIRECTION('',(0.997590711531,-6.937414696681E-02,0.));
#7340 = DIRECTION('',(-6.937414696681E-02,-0.997590711531,0.));
#7341 = ADVANCED_FACE('',(#7342),#7367,.T.);
#7342 = FACE_BOUND('',#7343,.T.);
#7343 = EDGE_LOOP('',(#7344,#7345,#7353,#7361));
#7344 = ORIENTED_EDGE('',*,*,#7323,.T.);
#7345 = ORIENTED_EDGE('',*,*,#7346,.T.);
#7346 = EDGE_CURVE('',#7316,#7347,#7349,.T.);
#7347 = VERTEX_POINT('',#7348);
#7348 = CARTESIAN_POINT('',(64.551056768468,-72.7703026229,24.5162));
#7349 = LINE('',#7350,#7351);
#7350 = CARTESIAN_POINT('',(64.723203249962,-72.24260985008,24.5162));
#7351 = VECTOR('',#7352,1.);
#7352 = DIRECTION('',(-0.310139068658,-0.950691200176,0.));
#7353 = ORIENTED_EDGE('',*,*,#7354,.F.);
#7354 = EDGE_CURVE('',#7355,#7347,#7357,.T.);
#7355 = VERTEX_POINT('',#7356);
#7356 = CARTESIAN_POINT('',(64.551056768468,-72.7703026229,23.3162));
#7357 = LINE('',#7358,#7359);
#7358 = CARTESIAN_POINT('',(64.551056768468,-72.7703026229,23.3162));
#7359 = VECTOR('',#7360,1.);
#7360 = DIRECTION('',(0.,0.,1.));
#7361 = ORIENTED_EDGE('',*,*,#7362,.F.);
#7362 = EDGE_CURVE('',#7324,#7355,#7363,.T.);
#7363 = LINE('',#7364,#7365);
#7364 = CARTESIAN_POINT('',(64.723203249962,-72.24260985008,23.3162));
#7365 = VECTOR('',#7366,1.);
#7366 = DIRECTION('',(-0.310139068658,-0.950691200176,0.));
#7367 = PLANE('',#7368);
#7368 = AXIS2_PLACEMENT_3D('',#7369,#7370,#7371);
#7369 = CARTESIAN_POINT('',(64.723203249962,-72.24260985008,23.3162));
#7370 = DIRECTION('',(0.950691200176,-0.310139068658,0.));
#7371 = DIRECTION('',(-0.310139068658,-0.950691200176,0.));
#7372 = ADVANCED_FACE('',(#7373),#7398,.T.);
#7373 = FACE_BOUND('',#7374,.T.);
#7374 = EDGE_LOOP('',(#7375,#7376,#7384,#7392));
#7375 = ORIENTED_EDGE('',*,*,#7354,.T.);
#7376 = ORIENTED_EDGE('',*,*,#7377,.T.);
#7377 = EDGE_CURVE('',#7347,#7378,#7380,.T.);
#7378 = VERTEX_POINT('',#7379);
#7379 = CARTESIAN_POINT('',(64.38668756436,-73.03989161785,24.5162));
#7380 = LINE('',#7381,#7382);
#7381 = CARTESIAN_POINT('',(64.551056768468,-72.7703026229,24.5162));
#7382 = VECTOR('',#7383,1.);
#7383 = DIRECTION('',(-0.520574341346,-0.853816347426,0.));
#7384 = ORIENTED_EDGE('',*,*,#7385,.F.);
#7385 = EDGE_CURVE('',#7386,#7378,#7388,.T.);
#7386 = VERTEX_POINT('',#7387);
#7387 = CARTESIAN_POINT('',(64.38668756436,-73.03989161785,23.3162));
#7388 = LINE('',#7389,#7390);
#7389 = CARTESIAN_POINT('',(64.38668756436,-73.03989161785,23.3162));
#7390 = VECTOR('',#7391,1.);
#7391 = DIRECTION('',(0.,0.,1.));
#7392 = ORIENTED_EDGE('',*,*,#7393,.F.);
#7393 = EDGE_CURVE('',#7355,#7386,#7394,.T.);
#7394 = LINE('',#7395,#7396);
#7395 = CARTESIAN_POINT('',(64.551056768468,-72.7703026229,23.3162));
#7396 = VECTOR('',#7397,1.);
#7397 = DIRECTION('',(-0.520574341346,-0.853816347426,0.));
#7398 = PLANE('',#7399);
#7399 = AXIS2_PLACEMENT_3D('',#7400,#7401,#7402);
#7400 = CARTESIAN_POINT('',(64.551056768468,-72.7703026229,23.3162));
#7401 = DIRECTION('',(0.853816347426,-0.520574341346,0.));
#7402 = DIRECTION('',(-0.520574341346,-0.853816347426,0.));
#7403 = ADVANCED_FACE('',(#7404),#7429,.T.);
#7404 = FACE_BOUND('',#7405,.T.);
#7405 = EDGE_LOOP('',(#7406,#7407,#7415,#7423));
#7406 = ORIENTED_EDGE('',*,*,#7385,.T.);
#7407 = ORIENTED_EDGE('',*,*,#7408,.T.);
#7408 = EDGE_CURVE('',#7378,#7409,#7411,.T.);
#7409 = VERTEX_POINT('',#7410);
#7410 = CARTESIAN_POINT('',(63.773536826312,-73.70214677055,24.5162));
#7411 = LINE('',#7412,#7413);
#7412 = CARTESIAN_POINT('',(64.38668756436,-73.03989161785,24.5162));
#7413 = VECTOR('',#7414,1.);
#7414 = DIRECTION('',(-0.679379111303,-0.733787450918,0.));
#7415 = ORIENTED_EDGE('',*,*,#7416,.F.);
#7416 = EDGE_CURVE('',#7417,#7409,#7419,.T.);
#7417 = VERTEX_POINT('',#7418);
#7418 = CARTESIAN_POINT('',(63.773536826312,-73.70214677055,23.3162));
#7419 = LINE('',#7420,#7421);
#7420 = CARTESIAN_POINT('',(63.773536826312,-73.70214677055,23.3162));
#7421 = VECTOR('',#7422,1.);
#7422 = DIRECTION('',(0.,0.,1.));
#7423 = ORIENTED_EDGE('',*,*,#7424,.F.);
#7424 = EDGE_CURVE('',#7386,#7417,#7425,.T.);
#7425 = LINE('',#7426,#7427);
#7426 = CARTESIAN_POINT('',(64.38668756436,-73.03989161785,23.3162));
#7427 = VECTOR('',#7428,1.);
#7428 = DIRECTION('',(-0.679379111303,-0.733787450918,0.));
#7429 = PLANE('',#7430);
#7430 = AXIS2_PLACEMENT_3D('',#7431,#7432,#7433);
#7431 = CARTESIAN_POINT('',(64.38668756436,-73.03989161785,23.3162));
#7432 = DIRECTION('',(0.733787450918,-0.679379111303,0.));
#7433 = DIRECTION('',(-0.679379111303,-0.733787450918,0.));
#7434 = ADVANCED_FACE('',(#7435),#7460,.T.);
#7435 = FACE_BOUND('',#7436,.T.);
#7436 = EDGE_LOOP('',(#7437,#7438,#7446,#7454));
#7437 = ORIENTED_EDGE('',*,*,#7416,.T.);
#7438 = ORIENTED_EDGE('',*,*,#7439,.T.);
#7439 = EDGE_CURVE('',#7409,#7440,#7442,.T.);
#7440 = VERTEX_POINT('',#7441);
#7441 = CARTESIAN_POINT('',(62.980683811679,-74.13898963945,24.5162));
#7442 = LINE('',#7443,#7444);
#7443 = CARTESIAN_POINT('',(63.773536826312,-73.70214677055,24.5162));
#7444 = VECTOR('',#7445,1.);
#7445 = DIRECTION('',(-0.87585474952,-0.482574820877,0.));
#7446 = ORIENTED_EDGE('',*,*,#7447,.F.);
#7447 = EDGE_CURVE('',#7448,#7440,#7450,.T.);
#7448 = VERTEX_POINT('',#7449);
#7449 = CARTESIAN_POINT('',(62.980683811679,-74.13898963945,23.3162));
#7450 = LINE('',#7451,#7452);
#7451 = CARTESIAN_POINT('',(62.980683811679,-74.13898963945,23.3162));
#7452 = VECTOR('',#7453,1.);
#7453 = DIRECTION('',(0.,0.,1.));
#7454 = ORIENTED_EDGE('',*,*,#7455,.F.);
#7455 = EDGE_CURVE('',#7417,#7448,#7456,.T.);
#7456 = LINE('',#7457,#7458);
#7457 = CARTESIAN_POINT('',(63.773536826312,-73.70214677055,23.3162));
#7458 = VECTOR('',#7459,1.);
#7459 = DIRECTION('',(-0.87585474952,-0.482574820877,0.));
#7460 = PLANE('',#7461);
#7461 = AXIS2_PLACEMENT_3D('',#7462,#7463,#7464);
#7462 = CARTESIAN_POINT('',(63.773536826312,-73.70214677055,23.3162));
#7463 = DIRECTION('',(0.482574820877,-0.87585474952,0.));
#7464 = DIRECTION('',(-0.87585474952,-0.482574820877,0.));
#7465 = ADVANCED_FACE('',(#7466),#7491,.T.);
#7466 = FACE_BOUND('',#7467,.T.);
#7467 = EDGE_LOOP('',(#7468,#7469,#7477,#7485));
#7468 = ORIENTED_EDGE('',*,*,#7447,.T.);
#7469 = ORIENTED_EDGE('',*,*,#7470,.T.);
#7470 = EDGE_CURVE('',#7440,#7471,#7473,.T.);
#7471 = VERTEX_POINT('',#7472);
#7472 = CARTESIAN_POINT('',(62.123637709722,-74.27795581238,24.5162));
#7473 = LINE('',#7474,#7475);
#7474 = CARTESIAN_POINT('',(62.980683811679,-74.13898963945,24.5162));
#7475 = VECTOR('',#7476,1.);
#7476 = DIRECTION('',(-0.987108075651,-0.160055137327,0.));
#7477 = ORIENTED_EDGE('',*,*,#7478,.F.);
#7478 = EDGE_CURVE('',#7479,#7471,#7481,.T.);
#7479 = VERTEX_POINT('',#7480);
#7480 = CARTESIAN_POINT('',(62.123637709722,-74.27795581238,23.3162));
#7481 = LINE('',#7482,#7483);
#7482 = CARTESIAN_POINT('',(62.123637709722,-74.27795581238,23.3162));
#7483 = VECTOR('',#7484,1.);
#7484 = DIRECTION('',(0.,0.,1.));
#7485 = ORIENTED_EDGE('',*,*,#7486,.F.);
#7486 = EDGE_CURVE('',#7448,#7479,#7487,.T.);
#7487 = LINE('',#7488,#7489);
#7488 = CARTESIAN_POINT('',(62.980683811679,-74.13898963945,23.3162));
#7489 = VECTOR('',#7490,1.);
#7490 = DIRECTION('',(-0.987108075651,-0.160055137327,0.));
#7491 = PLANE('',#7492);
#7492 = AXIS2_PLACEMENT_3D('',#7493,#7494,#7495);
#7493 = CARTESIAN_POINT('',(62.980683811679,-74.13898963945,23.3162));
#7494 = DIRECTION('',(0.160055137327,-0.987108075651,0.));
#7495 = DIRECTION('',(-0.987108075651,-0.160055137327,0.));
#7496 = ADVANCED_FACE('',(#7497),#7522,.T.);
#7497 = FACE_BOUND('',#7498,.T.);
#7498 = EDGE_LOOP('',(#7499,#7500,#7508,#7516));
#7499 = ORIENTED_EDGE('',*,*,#7478,.T.);
#7500 = ORIENTED_EDGE('',*,*,#7501,.T.);
#7501 = EDGE_CURVE('',#7471,#7502,#7504,.T.);
#7502 = VERTEX_POINT('',#7503);
#7503 = CARTESIAN_POINT('',(61.258203745263,-74.12662823885,24.5162));
#7504 = LINE('',#7505,#7506);
#7505 = CARTESIAN_POINT('',(62.123637709722,-74.27795581238,24.5162));
#7506 = VECTOR('',#7507,1.);
#7507 = DIRECTION('',(-0.985054301454,0.172244080268,0.));
#7508 = ORIENTED_EDGE('',*,*,#7509,.F.);
#7509 = EDGE_CURVE('',#7510,#7502,#7512,.T.);
#7510 = VERTEX_POINT('',#7511);
#7511 = CARTESIAN_POINT('',(61.258203745263,-74.12662823885,23.3162));
#7512 = LINE('',#7513,#7514);
#7513 = CARTESIAN_POINT('',(61.258203745263,-74.12662823885,23.3162));
#7514 = VECTOR('',#7515,1.);
#7515 = DIRECTION('',(0.,0.,1.));
#7516 = ORIENTED_EDGE('',*,*,#7517,.F.);
#7517 = EDGE_CURVE('',#7479,#7510,#7518,.T.);
#7518 = LINE('',#7519,#7520);
#7519 = CARTESIAN_POINT('',(62.123637709722,-74.27795581238,23.3162));
#7520 = VECTOR('',#7521,1.);
#7521 = DIRECTION('',(-0.985054301454,0.172244080268,0.));
#7522 = PLANE('',#7523);
#7523 = AXIS2_PLACEMENT_3D('',#7524,#7525,#7526);
#7524 = CARTESIAN_POINT('',(62.123637709722,-74.27795581238,23.3162));
#7525 = DIRECTION('',(-0.172244080268,-0.985054301454,0.));
#7526 = DIRECTION('',(-0.985054301454,0.172244080268,0.));
#7527 = ADVANCED_FACE('',(#7528),#7553,.T.);
#7528 = FACE_BOUND('',#7529,.T.);
#7529 = EDGE_LOOP('',(#7530,#7531,#7539,#7547));
#7530 = ORIENTED_EDGE('',*,*,#7509,.T.);
#7531 = ORIENTED_EDGE('',*,*,#7532,.T.);
#7532 = EDGE_CURVE('',#7502,#7533,#7535,.T.);
#7533 = VERTEX_POINT('',#7534);
#7534 = CARTESIAN_POINT('',(60.820128525628,-73.93561823729,24.5162));
#7535 = LINE('',#7536,#7537);
#7536 = CARTESIAN_POINT('',(61.258203745263,-74.12662823885,24.5162));
#7537 = VECTOR('',#7538,1.);
#7538 = DIRECTION('',(-0.916654466005,0.399680609928,0.));
#7539 = ORIENTED_EDGE('',*,*,#7540,.F.);
#7540 = EDGE_CURVE('',#7541,#7533,#7543,.T.);
#7541 = VERTEX_POINT('',#7542);
#7542 = CARTESIAN_POINT('',(60.820128525628,-73.93561823729,23.3162));
#7543 = LINE('',#7544,#7545);
#7544 = CARTESIAN_POINT('',(60.820128525628,-73.93561823729,23.3162));
#7545 = VECTOR('',#7546,1.);
#7546 = DIRECTION('',(0.,0.,1.));
#7547 = ORIENTED_EDGE('',*,*,#7548,.F.);
#7548 = EDGE_CURVE('',#7510,#7541,#7549,.T.);
#7549 = LINE('',#7550,#7551);
#7550 = CARTESIAN_POINT('',(61.258203745263,-74.12662823885,23.3162));
#7551 = VECTOR('',#7552,1.);
#7552 = DIRECTION('',(-0.916654466005,0.399680609928,0.));
#7553 = PLANE('',#7554);
#7554 = AXIS2_PLACEMENT_3D('',#7555,#7556,#7557);
#7555 = CARTESIAN_POINT('',(61.258203745263,-74.12662823885,23.3162));
#7556 = DIRECTION('',(-0.399680609928,-0.916654466005,0.));
#7557 = DIRECTION('',(-0.916654466005,0.399680609928,0.));
#7558 = ADVANCED_FACE('',(#7559),#7584,.T.);
#7559 = FACE_BOUND('',#7560,.T.);
#7560 = EDGE_LOOP('',(#7561,#7562,#7570,#7578));
#7561 = ORIENTED_EDGE('',*,*,#7540,.T.);
#7562 = ORIENTED_EDGE('',*,*,#7563,.T.);
#7563 = EDGE_CURVE('',#7533,#7564,#7566,.T.);
#7564 = VERTEX_POINT('',#7565);
#7565 = CARTESIAN_POINT('',(60.111079852381,-73.41137559771,24.5162));
#7566 = LINE('',#7567,#7568);
#7567 = CARTESIAN_POINT('',(60.820128525628,-73.93561823729,24.5162));
#7568 = VECTOR('',#7569,1.);
#7569 = DIRECTION('',(-0.804087675559,0.594510731622,0.));
#7570 = ORIENTED_EDGE('',*,*,#7571,.F.);
#7571 = EDGE_CURVE('',#7572,#7564,#7574,.T.);
#7572 = VERTEX_POINT('',#7573);
#7573 = CARTESIAN_POINT('',(60.111079852381,-73.41137559771,23.3162));
#7574 = LINE('',#7575,#7576);
#7575 = CARTESIAN_POINT('',(60.111079852381,-73.41137559771,23.3162));
#7576 = VECTOR('',#7577,1.);
#7577 = DIRECTION('',(0.,0.,1.));
#7578 = ORIENTED_EDGE('',*,*,#7579,.F.);
#7579 = EDGE_CURVE('',#7541,#7572,#7580,.T.);
#7580 = LINE('',#7581,#7582);
#7581 = CARTESIAN_POINT('',(60.820128525628,-73.93561823729,23.3162));
#7582 = VECTOR('',#7583,1.);
#7583 = DIRECTION('',(-0.804087675559,0.594510731622,0.));
#7584 = PLANE('',#7585);
#7585 = AXIS2_PLACEMENT_3D('',#7586,#7587,#7588);
#7586 = CARTESIAN_POINT('',(60.820128525628,-73.93561823729,23.3162));
#7587 = DIRECTION('',(-0.594510731622,-0.804087675559,0.));
#7588 = DIRECTION('',(-0.804087675559,0.594510731622,0.));
#7589 = ADVANCED_FACE('',(#7590),#7615,.T.);
#7590 = FACE_BOUND('',#7591,.T.);
#7591 = EDGE_LOOP('',(#7592,#7593,#7601,#7609));
#7592 = ORIENTED_EDGE('',*,*,#7571,.T.);
#7593 = ORIENTED_EDGE('',*,*,#7594,.T.);
#7594 = EDGE_CURVE('',#7564,#7595,#7597,.T.);
#7595 = VERTEX_POINT('',#7596);
#7596 = CARTESIAN_POINT('',(59.633419079454,-72.71975302154,24.5162));
#7597 = LINE('',#7598,#7599);
#7598 = CARTESIAN_POINT('',(60.111079852381,-73.41137559771,24.5162));
#7599 = VECTOR('',#7600,1.);
#7600 = DIRECTION('',(-0.568280824146,0.822834676535,0.));
#7601 = ORIENTED_EDGE('',*,*,#7602,.F.);
#7602 = EDGE_CURVE('',#7603,#7595,#7605,.T.);
#7603 = VERTEX_POINT('',#7604);
#7604 = CARTESIAN_POINT('',(59.633419079454,-72.71975302154,23.3162));
#7605 = LINE('',#7606,#7607);
#7606 = CARTESIAN_POINT('',(59.633419079454,-72.71975302154,23.3162));
#7607 = VECTOR('',#7608,1.);
#7608 = DIRECTION('',(0.,0.,1.));
#7609 = ORIENTED_EDGE('',*,*,#7610,.F.);
#7610 = EDGE_CURVE('',#7572,#7603,#7611,.T.);
#7611 = LINE('',#7612,#7613);
#7612 = CARTESIAN_POINT('',(60.111079852381,-73.41137559771,23.3162));
#7613 = VECTOR('',#7614,1.);
#7614 = DIRECTION('',(-0.568280824146,0.822834676535,0.));
#7615 = PLANE('',#7616);
#7616 = AXIS2_PLACEMENT_3D('',#7617,#7618,#7619);
#7617 = CARTESIAN_POINT('',(60.111079852381,-73.41137559771,23.3162));
#7618 = DIRECTION('',(-0.822834676535,-0.568280824146,0.));
#7619 = DIRECTION('',(-0.568280824146,0.822834676535,0.));
#7620 = ADVANCED_FACE('',(#7621),#7646,.T.);
#7621 = FACE_BOUND('',#7622,.T.);
#7622 = EDGE_LOOP('',(#7623,#7624,#7632,#7640));
#7623 = ORIENTED_EDGE('',*,*,#7602,.T.);
#7624 = ORIENTED_EDGE('',*,*,#7625,.T.);
#7625 = EDGE_CURVE('',#7595,#7626,#7628,.T.);
#7626 = VERTEX_POINT('',#7627);
#7627 = CARTESIAN_POINT('',(59.41919929238,-71.98969256618,24.5162));
#7628 = LINE('',#7629,#7630);
#7629 = CARTESIAN_POINT('',(59.633419079454,-72.71975302154,24.5162));
#7630 = VECTOR('',#7631,1.);
#7631 = DIRECTION('',(-0.281556732347,0.959544582847,0.));
#7632 = ORIENTED_EDGE('',*,*,#7633,.F.);
#7633 = EDGE_CURVE('',#7634,#7626,#7636,.T.);
#7634 = VERTEX_POINT('',#7635);
#7635 = CARTESIAN_POINT('',(59.41919929238,-71.98969256618,23.3162));
#7636 = LINE('',#7637,#7638);
#7637 = CARTESIAN_POINT('',(59.41919929238,-71.98969256618,23.3162));
#7638 = VECTOR('',#7639,1.);
#7639 = DIRECTION('',(0.,0.,1.));
#7640 = ORIENTED_EDGE('',*,*,#7641,.F.);
#7641 = EDGE_CURVE('',#7603,#7634,#7642,.T.);
#7642 = LINE('',#7643,#7644);
#7643 = CARTESIAN_POINT('',(59.633419079454,-72.71975302154,23.3162));
#7644 = VECTOR('',#7645,1.);
#7645 = DIRECTION('',(-0.281556732347,0.959544582847,0.));
#7646 = PLANE('',#7647);
#7647 = AXIS2_PLACEMENT_3D('',#7648,#7649,#7650);
#7648 = CARTESIAN_POINT('',(59.633419079454,-72.71975302154,23.3162));
#7649 = DIRECTION('',(-0.959544582847,-0.281556732347,0.));
#7650 = DIRECTION('',(-0.281556732347,0.959544582847,0.));
#7651 = ADVANCED_FACE('',(#7652),#7677,.T.);
#7652 = FACE_BOUND('',#7653,.T.);
#7653 = EDGE_LOOP('',(#7654,#7655,#7663,#7671));
#7654 = ORIENTED_EDGE('',*,*,#7633,.T.);
#7655 = ORIENTED_EDGE('',*,*,#7656,.T.);
#7656 = EDGE_CURVE('',#7626,#7657,#7659,.T.);
#7657 = VERTEX_POINT('',#7658);
#7658 = CARTESIAN_POINT('',(59.419376339206,-71.25835752014,24.5162));
#7659 = LINE('',#7660,#7661);
#7660 = CARTESIAN_POINT('',(59.41919929238,-71.98969256618,24.5162));
#7661 = VECTOR('',#7662,1.);
#7662 = DIRECTION('',(2.420871555082E-04,0.999999970697,0.));
#7663 = ORIENTED_EDGE('',*,*,#7664,.F.);
#7664 = EDGE_CURVE('',#7665,#7657,#7667,.T.);
#7665 = VERTEX_POINT('',#7666);
#7666 = CARTESIAN_POINT('',(59.419376339206,-71.25835752014,23.3162));
#7667 = LINE('',#7668,#7669);
#7668 = CARTESIAN_POINT('',(59.419376339206,-71.25835752014,23.3162));
#7669 = VECTOR('',#7670,1.);
#7670 = DIRECTION('',(0.,0.,1.));
#7671 = ORIENTED_EDGE('',*,*,#7672,.F.);
#7672 = EDGE_CURVE('',#7634,#7665,#7673,.T.);
#7673 = LINE('',#7674,#7675);
#7674 = CARTESIAN_POINT('',(59.41919929238,-71.98969256618,23.3162));
#7675 = VECTOR('',#7676,1.);
#7676 = DIRECTION('',(2.420871555082E-04,0.999999970697,0.));
#7677 = PLANE('',#7678);
#7678 = AXIS2_PLACEMENT_3D('',#7679,#7680,#7681);
#7679 = CARTESIAN_POINT('',(59.41919929238,-71.98969256618,23.3162));
#7680 = DIRECTION('',(-0.999999970697,2.420871555082E-04,0.));
#7681 = DIRECTION('',(2.420871555082E-04,0.999999970697,0.));
#7682 = ADVANCED_FACE('',(#7683),#7708,.T.);
#7683 = FACE_BOUND('',#7684,.T.);
#7684 = EDGE_LOOP('',(#7685,#7686,#7694,#7702));
#7685 = ORIENTED_EDGE('',*,*,#7664,.T.);
#7686 = ORIENTED_EDGE('',*,*,#7687,.T.);
#7687 = EDGE_CURVE('',#7657,#7688,#7690,.T.);
#7688 = VERTEX_POINT('',#7689);
#7689 = CARTESIAN_POINT('',(59.621176395107,-70.53583701469,24.5162));
#7690 = LINE('',#7691,#7692);
#7691 = CARTESIAN_POINT('',(59.419376339206,-71.25835752014,24.5162));
#7692 = VECTOR('',#7693,1.);
#7693 = DIRECTION('',(0.269004783179,0.963138840784,0.));
#7694 = ORIENTED_EDGE('',*,*,#7695,.F.);
#7695 = EDGE_CURVE('',#7696,#7688,#7698,.T.);
#7696 = VERTEX_POINT('',#7697);
#7697 = CARTESIAN_POINT('',(59.621176395107,-70.53583701469,23.3162));
#7698 = LINE('',#7699,#7700);
#7699 = CARTESIAN_POINT('',(59.621176395107,-70.53583701469,23.3162));
#7700 = VECTOR('',#7701,1.);
#7701 = DIRECTION('',(0.,0.,1.));
#7702 = ORIENTED_EDGE('',*,*,#7703,.F.);
#7703 = EDGE_CURVE('',#7665,#7696,#7704,.T.);
#7704 = LINE('',#7705,#7706);
#7705 = CARTESIAN_POINT('',(59.419376339206,-71.25835752014,23.3162));
#7706 = VECTOR('',#7707,1.);
#7707 = DIRECTION('',(0.269004783179,0.963138840784,0.));
#7708 = PLANE('',#7709);
#7709 = AXIS2_PLACEMENT_3D('',#7710,#7711,#7712);
#7710 = CARTESIAN_POINT('',(59.419376339206,-71.25835752014,23.3162));
#7711 = DIRECTION('',(-0.963138840784,0.269004783179,0.));
#7712 = DIRECTION('',(0.269004783179,0.963138840784,0.));
#7713 = ADVANCED_FACE('',(#7714),#7739,.T.);
#7714 = FACE_BOUND('',#7715,.T.);
#7715 = EDGE_LOOP('',(#7716,#7717,#7725,#7733));
#7716 = ORIENTED_EDGE('',*,*,#7695,.T.);
#7717 = ORIENTED_EDGE('',*,*,#7718,.T.);
#7718 = EDGE_CURVE('',#7688,#7719,#7721,.T.);
#7719 = VERTEX_POINT('',#7720);
#7720 = CARTESIAN_POINT('',(59.998975785852,-69.90361538514,24.5162));
#7721 = LINE('',#7722,#7723);
#7722 = CARTESIAN_POINT('',(59.621176395107,-70.53583701469,24.5162));
#7723 = VECTOR('',#7724,1.);
#7724 = DIRECTION('',(0.512963865375,0.85841020079,0.));
#7725 = ORIENTED_EDGE('',*,*,#7726,.F.);
#7726 = EDGE_CURVE('',#7727,#7719,#7729,.T.);
#7727 = VERTEX_POINT('',#7728);
#7728 = CARTESIAN_POINT('',(59.998975785852,-69.90361538514,23.3162));
#7729 = LINE('',#7730,#7731);
#7730 = CARTESIAN_POINT('',(59.998975785852,-69.90361538514,23.3162));
#7731 = VECTOR('',#7732,1.);
#7732 = DIRECTION('',(0.,0.,1.));
#7733 = ORIENTED_EDGE('',*,*,#7734,.F.);
#7734 = EDGE_CURVE('',#7696,#7727,#7735,.T.);
#7735 = LINE('',#7736,#7737);
#7736 = CARTESIAN_POINT('',(59.621176395107,-70.53583701469,23.3162));
#7737 = VECTOR('',#7738,1.);
#7738 = DIRECTION('',(0.512963865375,0.85841020079,0.));
#7739 = PLANE('',#7740);
#7740 = AXIS2_PLACEMENT_3D('',#7741,#7742,#7743);
#7741 = CARTESIAN_POINT('',(59.621176395107,-70.53583701469,23.3162));
#7742 = DIRECTION('',(-0.85841020079,0.512963865375,0.));
#7743 = DIRECTION('',(0.512963865375,0.85841020079,0.));
#7744 = ADVANCED_FACE('',(#7745),#7770,.T.);
#7745 = FACE_BOUND('',#7746,.T.);
#7746 = EDGE_LOOP('',(#7747,#7748,#7756,#7764));
#7747 = ORIENTED_EDGE('',*,*,#7726,.T.);
#7748 = ORIENTED_EDGE('',*,*,#7749,.T.);
#7749 = EDGE_CURVE('',#7719,#7750,#7752,.T.);
#7750 = VERTEX_POINT('',#7751);
#7751 = CARTESIAN_POINT('',(60.542185545386,-69.39168179907,24.5162));
#7752 = LINE('',#7753,#7754);
#7753 = CARTESIAN_POINT('',(59.998975785852,-69.90361538514,24.5162));
#7754 = VECTOR('',#7755,1.);
#7755 = DIRECTION('',(0.727746943315,0.685845745409,0.));
#7756 = ORIENTED_EDGE('',*,*,#7757,.F.);
#7757 = EDGE_CURVE('',#7758,#7750,#7760,.T.);
#7758 = VERTEX_POINT('',#7759);
#7759 = CARTESIAN_POINT('',(60.542185545386,-69.39168179907,23.3162));
#7760 = LINE('',#7761,#7762);
#7761 = CARTESIAN_POINT('',(60.542185545386,-69.39168179907,23.3162));
#7762 = VECTOR('',#7763,1.);
#7763 = DIRECTION('',(0.,0.,1.));
#7764 = ORIENTED_EDGE('',*,*,#7765,.F.);
#7765 = EDGE_CURVE('',#7727,#7758,#7766,.T.);
#7766 = LINE('',#7767,#7768);
#7767 = CARTESIAN_POINT('',(59.998975785852,-69.90361538514,23.3162));
#7768 = VECTOR('',#7769,1.);
#7769 = DIRECTION('',(0.727746943315,0.685845745409,0.));
#7770 = PLANE('',#7771);
#7771 = AXIS2_PLACEMENT_3D('',#7772,#7773,#7774);
#7772 = CARTESIAN_POINT('',(59.998975785852,-69.90361538514,23.3162));
#7773 = DIRECTION('',(-0.685845745409,0.727746943315,0.));
#7774 = DIRECTION('',(0.727746943315,0.685845745409,0.));
#7775 = ADVANCED_FACE('',(#7776),#7801,.T.);
#7776 = FACE_BOUND('',#7777,.T.);
#7777 = EDGE_LOOP('',(#7778,#7779,#7787,#7795));
#7778 = ORIENTED_EDGE('',*,*,#7757,.T.);
#7779 = ORIENTED_EDGE('',*,*,#7780,.T.);
#7780 = EDGE_CURVE('',#7750,#7781,#7783,.T.);
#7781 = VERTEX_POINT('',#7782);
#7782 = CARTESIAN_POINT('',(61.274202270317,-69.02915544264,24.5162));
#7783 = LINE('',#7784,#7785);
#7784 = CARTESIAN_POINT('',(60.542185545386,-69.39168179907,24.5162));
#7785 = VECTOR('',#7786,1.);
#7786 = DIRECTION('',(0.896125741618,0.443800242463,0.));
#7787 = ORIENTED_EDGE('',*,*,#7788,.F.);
#7788 = EDGE_CURVE('',#7789,#7781,#7791,.T.);
#7789 = VERTEX_POINT('',#7790);
#7790 = CARTESIAN_POINT('',(61.274202270317,-69.02915544264,23.3162));
#7791 = LINE('',#7792,#7793);
#7792 = CARTESIAN_POINT('',(61.274202270317,-69.02915544264,23.3162));
#7793 = VECTOR('',#7794,1.);
#7794 = DIRECTION('',(0.,0.,1.));
#7795 = ORIENTED_EDGE('',*,*,#7796,.F.);
#7796 = EDGE_CURVE('',#7758,#7789,#7797,.T.);
#7797 = LINE('',#7798,#7799);
#7798 = CARTESIAN_POINT('',(60.542185545386,-69.39168179907,23.3162));
#7799 = VECTOR('',#7800,1.);
#7800 = DIRECTION('',(0.896125741618,0.443800242463,0.));
#7801 = PLANE('',#7802);
#7802 = AXIS2_PLACEMENT_3D('',#7803,#7804,#7805);
#7803 = CARTESIAN_POINT('',(60.542185545386,-69.39168179907,23.3162));
#7804 = DIRECTION('',(-0.443800242463,0.896125741618,0.));
#7805 = DIRECTION('',(0.896125741618,0.443800242463,0.));
#7806 = ADVANCED_FACE('',(#7807),#7832,.T.);
#7807 = FACE_BOUND('',#7808,.T.);
#7808 = EDGE_LOOP('',(#7809,#7810,#7818,#7826));
#7809 = ORIENTED_EDGE('',*,*,#7788,.T.);
#7810 = ORIENTED_EDGE('',*,*,#7811,.T.);
#7811 = EDGE_CURVE('',#7781,#7812,#7814,.T.);
#7812 = VERTEX_POINT('',#7813);
#7813 = CARTESIAN_POINT('',(62.145209037346,-68.90671625652,24.5162));
#7814 = LINE('',#7815,#7816);
#7815 = CARTESIAN_POINT('',(61.274202270317,-69.02915544264,24.5162));
#7816 = VECTOR('',#7817,1.);
#7817 = DIRECTION('',(0.990263811354,0.139203390483,0.));
#7818 = ORIENTED_EDGE('',*,*,#7819,.F.);
#7819 = EDGE_CURVE('',#7820,#7812,#7822,.T.);
#7820 = VERTEX_POINT('',#7821);
#7821 = CARTESIAN_POINT('',(62.145209037346,-68.90671625652,23.3162));
#7822 = LINE('',#7823,#7824);
#7823 = CARTESIAN_POINT('',(62.145209037346,-68.90671625652,23.3162));
#7824 = VECTOR('',#7825,1.);
#7825 = DIRECTION('',(0.,0.,1.));
#7826 = ORIENTED_EDGE('',*,*,#7827,.F.);
#7827 = EDGE_CURVE('',#7789,#7820,#7828,.T.);
#7828 = LINE('',#7829,#7830);
#7829 = CARTESIAN_POINT('',(61.274202270317,-69.02915544264,23.3162));
#7830 = VECTOR('',#7831,1.);
#7831 = DIRECTION('',(0.990263811354,0.139203390483,0.));
#7832 = PLANE('',#7833);
#7833 = AXIS2_PLACEMENT_3D('',#7834,#7835,#7836);
#7834 = CARTESIAN_POINT('',(61.274202270317,-69.02915544264,23.3162));
#7835 = DIRECTION('',(-0.139203390483,0.990263811354,0.));
#7836 = DIRECTION('',(0.990263811354,0.139203390483,0.));
#7837 = ADVANCED_FACE('',(#7838),#7854,.T.);
#7838 = FACE_BOUND('',#7839,.T.);
#7839 = EDGE_LOOP('',(#7840,#7841,#7847,#7848));
#7840 = ORIENTED_EDGE('',*,*,#7819,.T.);
#7841 = ORIENTED_EDGE('',*,*,#7842,.T.);
#7842 = EDGE_CURVE('',#7812,#7184,#7843,.T.);
#7843 = LINE('',#7844,#7845);
#7844 = CARTESIAN_POINT('',(62.145209037346,-68.90671625652,24.5162));
#7845 = VECTOR('',#7846,1.);
#7846 = DIRECTION('',(0.981815660834,-0.189836793431,0.));
#7847 = ORIENTED_EDGE('',*,*,#7181,.F.);
#7848 = ORIENTED_EDGE('',*,*,#7849,.F.);
#7849 = EDGE_CURVE('',#7820,#7182,#7850,.T.);
#7850 = LINE('',#7851,#7852);
#7851 = CARTESIAN_POINT('',(62.145209037346,-68.90671625652,23.3162));
#7852 = VECTOR('',#7853,1.);
#7853 = DIRECTION('',(0.981815660834,-0.189836793431,0.));
#7854 = PLANE('',#7855);
#7855 = AXIS2_PLACEMENT_3D('',#7856,#7857,#7858);
#7856 = CARTESIAN_POINT('',(62.145209037346,-68.90671625652,23.3162));
#7857 = DIRECTION('',(0.189836793431,0.981815660834,-0.));
#7858 = DIRECTION('',(0.981815660834,-0.189836793431,0.));
#7859 = ADVANCED_FACE('',(#7860),#7894,.T.);
#7860 = FACE_BOUND('',#7861,.T.);
#7861 = EDGE_LOOP('',(#7862,#7872,#7880,#7888));
#7862 = ORIENTED_EDGE('',*,*,#7863,.T.);
#7863 = EDGE_CURVE('',#7864,#7866,#7868,.T.);
#7864 = VERTEX_POINT('',#7865);
#7865 = CARTESIAN_POINT('',(62.92238897998,-73.33291483977,23.3162));
#7866 = VERTEX_POINT('',#7867);
#7867 = CARTESIAN_POINT('',(62.92238897998,-73.33291483977,24.5162));
#7868 = LINE('',#7869,#7870);
#7869 = CARTESIAN_POINT('',(62.92238897998,-73.33291483977,23.3162));
#7870 = VECTOR('',#7871,1.);
#7871 = DIRECTION('',(0.,0.,1.));
#7872 = ORIENTED_EDGE('',*,*,#7873,.T.);
#7873 = EDGE_CURVE('',#7866,#7874,#7876,.T.);
#7874 = VERTEX_POINT('',#7875);
#7875 = CARTESIAN_POINT('',(63.45739750413,-73.00436457027,24.5162));
#7876 = LINE('',#7877,#7878);
#7877 = CARTESIAN_POINT('',(62.92238897998,-73.33291483977,24.5162));
#7878 = VECTOR('',#7879,1.);
#7879 = DIRECTION('',(0.852145469243,0.523304977282,0.));
#7880 = ORIENTED_EDGE('',*,*,#7881,.F.);
#7881 = EDGE_CURVE('',#7882,#7874,#7884,.T.);
#7882 = VERTEX_POINT('',#7883);
#7883 = CARTESIAN_POINT('',(63.45739750413,-73.00436457027,23.3162));
#7884 = LINE('',#7885,#7886);
#7885 = CARTESIAN_POINT('',(63.45739750413,-73.00436457027,23.3162));
#7886 = VECTOR('',#7887,1.);
#7887 = DIRECTION('',(0.,0.,1.));
#7888 = ORIENTED_EDGE('',*,*,#7889,.F.);
#7889 = EDGE_CURVE('',#7864,#7882,#7890,.T.);
#7890 = LINE('',#7891,#7892);
#7891 = CARTESIAN_POINT('',(62.92238897998,-73.33291483977,23.3162));
#7892 = VECTOR('',#7893,1.);
#7893 = DIRECTION('',(0.852145469243,0.523304977282,0.));
#7894 = PLANE('',#7895);
#7895 = AXIS2_PLACEMENT_3D('',#7896,#7897,#7898);
#7896 = CARTESIAN_POINT('',(62.92238897998,-73.33291483977,23.3162));
#7897 = DIRECTION('',(-0.523304977282,0.852145469243,0.));
#7898 = DIRECTION('',(0.852145469243,0.523304977282,0.));
#7899 = ADVANCED_FACE('',(#7900),#7925,.T.);
#7900 = FACE_BOUND('',#7901,.T.);
#7901 = EDGE_LOOP('',(#7902,#7903,#7911,#7919));
#7902 = ORIENTED_EDGE('',*,*,#7881,.T.);
#7903 = ORIENTED_EDGE('',*,*,#7904,.T.);
#7904 = EDGE_CURVE('',#7874,#7905,#7907,.T.);
#7905 = VERTEX_POINT('',#7906);
#7906 = CARTESIAN_POINT('',(63.804872201426,-72.62177950268,24.5162));
#7907 = LINE('',#7908,#7909);
#7908 = CARTESIAN_POINT('',(63.45739750413,-73.00436457027,24.5162));
#7909 = VECTOR('',#7910,1.);
#7910 = DIRECTION('',(0.672323222338,0.74025771506,0.));
#7911 = ORIENTED_EDGE('',*,*,#7912,.F.);
#7912 = EDGE_CURVE('',#7913,#7905,#7915,.T.);
#7913 = VERTEX_POINT('',#7914);
#7914 = CARTESIAN_POINT('',(63.804872201426,-72.62177950268,23.3162));
#7915 = LINE('',#7916,#7917);
#7916 = CARTESIAN_POINT('',(63.804872201426,-72.62177950268,23.3162));
#7917 = VECTOR('',#7918,1.);
#7918 = DIRECTION('',(0.,0.,1.));
#7919 = ORIENTED_EDGE('',*,*,#7920,.F.);
#7920 = EDGE_CURVE('',#7882,#7913,#7921,.T.);
#7921 = LINE('',#7922,#7923);
#7922 = CARTESIAN_POINT('',(63.45739750413,-73.00436457027,23.3162));
#7923 = VECTOR('',#7924,1.);
#7924 = DIRECTION('',(0.672323222338,0.74025771506,0.));
#7925 = PLANE('',#7926);
#7926 = AXIS2_PLACEMENT_3D('',#7927,#7928,#7929);
#7927 = CARTESIAN_POINT('',(63.45739750413,-73.00436457027,23.3162));
#7928 = DIRECTION('',(-0.74025771506,0.672323222338,0.));
#7929 = DIRECTION('',(0.672323222338,0.74025771506,0.));
#7930 = ADVANCED_FACE('',(#7931),#7956,.T.);
#7931 = FACE_BOUND('',#7932,.T.);
#7932 = EDGE_LOOP('',(#7933,#7934,#7942,#7950));
#7933 = ORIENTED_EDGE('',*,*,#7912,.T.);
#7934 = ORIENTED_EDGE('',*,*,#7935,.T.);
#7935 = EDGE_CURVE('',#7905,#7936,#7938,.T.);
#7936 = VERTEX_POINT('',#7937);
#7937 = CARTESIAN_POINT('',(63.998151585233,-72.12495890322,24.5162));
#7938 = LINE('',#7939,#7940);
#7939 = CARTESIAN_POINT('',(63.804872201426,-72.62177950268,24.5162));
#7940 = VECTOR('',#7941,1.);
#7941 = DIRECTION('',(0.362562554923,0.931959437834,0.));
#7942 = ORIENTED_EDGE('',*,*,#7943,.F.);
#7943 = EDGE_CURVE('',#7944,#7936,#7946,.T.);
#7944 = VERTEX_POINT('',#7945);
#7945 = CARTESIAN_POINT('',(63.998151585233,-72.12495890322,23.3162));
#7946 = LINE('',#7947,#7948);
#7947 = CARTESIAN_POINT('',(63.998151585233,-72.12495890322,23.3162));
#7948 = VECTOR('',#7949,1.);
#7949 = DIRECTION('',(0.,0.,1.));
#7950 = ORIENTED_EDGE('',*,*,#7951,.F.);
#7951 = EDGE_CURVE('',#7913,#7944,#7952,.T.);
#7952 = LINE('',#7953,#7954);
#7953 = CARTESIAN_POINT('',(63.804872201426,-72.62177950268,23.3162));
#7954 = VECTOR('',#7955,1.);
#7955 = DIRECTION('',(0.362562554923,0.931959437834,0.));
#7956 = PLANE('',#7957);
#7957 = AXIS2_PLACEMENT_3D('',#7958,#7959,#7960);
#7958 = CARTESIAN_POINT('',(63.804872201426,-72.62177950268,23.3162));
#7959 = DIRECTION('',(-0.931959437834,0.362562554923,0.));
#7960 = DIRECTION('',(0.362562554923,0.931959437834,0.));
#7961 = ADVANCED_FACE('',(#7962),#7987,.T.);
#7962 = FACE_BOUND('',#7963,.T.);
#7963 = EDGE_LOOP('',(#7964,#7965,#7973,#7981));
#7964 = ORIENTED_EDGE('',*,*,#7943,.T.);
#7965 = ORIENTED_EDGE('',*,*,#7966,.T.);
#7966 = EDGE_CURVE('',#7936,#7967,#7969,.T.);
#7967 = VERTEX_POINT('',#7968);
#7968 = CARTESIAN_POINT('',(64.071805478793,-71.52125492904,24.5162));
#7969 = LINE('',#7970,#7971);
#7970 = CARTESIAN_POINT('',(63.998151585233,-72.12495890322,24.5162));
#7971 = VECTOR('',#7972,1.);
#7972 = DIRECTION('',(0.121105341442,0.992639660841,0.));
#7973 = ORIENTED_EDGE('',*,*,#7974,.F.);
#7974 = EDGE_CURVE('',#7975,#7967,#7977,.T.);
#7975 = VERTEX_POINT('',#7976);
#7976 = CARTESIAN_POINT('',(64.071805478793,-71.52125492904,23.3162));
#7977 = LINE('',#7978,#7979);
#7978 = CARTESIAN_POINT('',(64.071805478793,-71.52125492904,23.3162));
#7979 = VECTOR('',#7980,1.);
#7980 = DIRECTION('',(0.,0.,1.));
#7981 = ORIENTED_EDGE('',*,*,#7982,.F.);
#7982 = EDGE_CURVE('',#7944,#7975,#7983,.T.);
#7983 = LINE('',#7984,#7985);
#7984 = CARTESIAN_POINT('',(63.998151585233,-72.12495890322,23.3162));
#7985 = VECTOR('',#7986,1.);
#7986 = DIRECTION('',(0.121105341442,0.992639660841,0.));
#7987 = PLANE('',#7988);
#7988 = AXIS2_PLACEMENT_3D('',#7989,#7990,#7991);
#7989 = CARTESIAN_POINT('',(63.998151585233,-72.12495890322,23.3162));
#7990 = DIRECTION('',(-0.992639660841,0.121105341442,0.));
#7991 = DIRECTION('',(0.121105341442,0.992639660841,0.));
#7992 = ADVANCED_FACE('',(#7993),#8018,.T.);
#7993 = FACE_BOUND('',#7994,.T.);
#7994 = EDGE_LOOP('',(#7995,#7996,#8004,#8012));
#7995 = ORIENTED_EDGE('',*,*,#7974,.T.);
#7996 = ORIENTED_EDGE('',*,*,#7997,.T.);
#7997 = EDGE_CURVE('',#7967,#7998,#8000,.T.);
#7998 = VERTEX_POINT('',#7999);
#7999 = CARTESIAN_POINT('',(64.011297136657,-70.95692870152,24.5162));
#8000 = LINE('',#8001,#8002);
#8001 = CARTESIAN_POINT('',(64.071805478793,-71.52125492904,24.5162));
#8002 = VECTOR('',#8003,1.);
#8003 = DIRECTION('',(-0.106611192657,0.994300786282,0.));
#8004 = ORIENTED_EDGE('',*,*,#8005,.F.);
#8005 = EDGE_CURVE('',#8006,#7998,#8008,.T.);
#8006 = VERTEX_POINT('',#8007);
#8007 = CARTESIAN_POINT('',(64.011297136657,-70.95692870152,23.3162));
#8008 = LINE('',#8009,#8010);
#8009 = CARTESIAN_POINT('',(64.011297136657,-70.95692870152,23.3162));
#8010 = VECTOR('',#8011,1.);
#8011 = DIRECTION('',(0.,0.,1.));
#8012 = ORIENTED_EDGE('',*,*,#8013,.F.);
#8013 = EDGE_CURVE('',#7975,#8006,#8014,.T.);
#8014 = LINE('',#8015,#8016);
#8015 = CARTESIAN_POINT('',(64.071805478793,-71.52125492904,23.3162));
#8016 = VECTOR('',#8017,1.);
#8017 = DIRECTION('',(-0.106611192657,0.994300786282,0.));
#8018 = PLANE('',#8019);
#8019 = AXIS2_PLACEMENT_3D('',#8020,#8021,#8022);
#8020 = CARTESIAN_POINT('',(64.071805478793,-71.52125492904,23.3162));
#8021 = DIRECTION('',(-0.994300786282,-0.106611192657,0.));
#8022 = DIRECTION('',(-0.106611192657,0.994300786282,0.));
#8023 = ADVANCED_FACE('',(#8024),#8049,.T.);
#8024 = FACE_BOUND('',#8025,.T.);
#8025 = EDGE_LOOP('',(#8026,#8027,#8035,#8043));
#8026 = ORIENTED_EDGE('',*,*,#8005,.T.);
#8027 = ORIENTED_EDGE('',*,*,#8028,.T.);
#8028 = EDGE_CURVE('',#7998,#8029,#8031,.T.);
#8029 = VERTEX_POINT('',#8030);
#8030 = CARTESIAN_POINT('',(63.933427556824,-70.74591000579,24.5162));
#8031 = LINE('',#8032,#8033);
#8032 = CARTESIAN_POINT('',(64.011297136657,-70.95692870152,24.5162));
#8033 = VECTOR('',#8034,1.);
#8034 = DIRECTION('',(-0.346197954539,0.938161487311,0.));
#8035 = ORIENTED_EDGE('',*,*,#8036,.F.);
#8036 = EDGE_CURVE('',#8037,#8029,#8039,.T.);
#8037 = VERTEX_POINT('',#8038);
#8038 = CARTESIAN_POINT('',(63.933427556824,-70.74591000579,23.3162));
#8039 = LINE('',#8040,#8041);
#8040 = CARTESIAN_POINT('',(63.933427556824,-70.74591000579,23.3162));
#8041 = VECTOR('',#8042,1.);
#8042 = DIRECTION('',(0.,0.,1.));
#8043 = ORIENTED_EDGE('',*,*,#8044,.F.);
#8044 = EDGE_CURVE('',#8006,#8037,#8045,.T.);
#8045 = LINE('',#8046,#8047);
#8046 = CARTESIAN_POINT('',(64.011297136657,-70.95692870152,23.3162));
#8047 = VECTOR('',#8048,1.);
#8048 = DIRECTION('',(-0.346197954539,0.938161487311,0.));
#8049 = PLANE('',#8050);
#8050 = AXIS2_PLACEMENT_3D('',#8051,#8052,#8053);
#8051 = CARTESIAN_POINT('',(64.011297136657,-70.95692870152,23.3162));
#8052 = DIRECTION('',(-0.938161487311,-0.346197954539,0.));
#8053 = DIRECTION('',(-0.346197954539,0.938161487311,0.));
#8054 = ADVANCED_FACE('',(#8055),#8080,.T.);
#8055 = FACE_BOUND('',#8056,.T.);
#8056 = EDGE_LOOP('',(#8057,#8058,#8066,#8074));
#8057 = ORIENTED_EDGE('',*,*,#8036,.T.);
#8058 = ORIENTED_EDGE('',*,*,#8059,.T.);
#8059 = EDGE_CURVE('',#8029,#8060,#8062,.T.);
#8060 = VERTEX_POINT('',#8061);
#8061 = CARTESIAN_POINT('',(63.49575592208,-70.15929055488,24.5162));
#8062 = LINE('',#8063,#8064);
#8063 = CARTESIAN_POINT('',(63.933427556824,-70.74591000579,24.5162));
#8064 = VECTOR('',#8065,1.);
#8065 = DIRECTION('',(-0.597993075892,0.801501267114,0.));
#8066 = ORIENTED_EDGE('',*,*,#8067,.F.);
#8067 = EDGE_CURVE('',#8068,#8060,#8070,.T.);
#8068 = VERTEX_POINT('',#8069);
#8069 = CARTESIAN_POINT('',(63.49575592208,-70.15929055488,23.3162));
#8070 = LINE('',#8071,#8072);
#8071 = CARTESIAN_POINT('',(63.49575592208,-70.15929055488,23.3162));
#8072 = VECTOR('',#8073,1.);
#8073 = DIRECTION('',(0.,0.,1.));
#8074 = ORIENTED_EDGE('',*,*,#8075,.F.);
#8075 = EDGE_CURVE('',#8037,#8068,#8076,.T.);
#8076 = LINE('',#8077,#8078);
#8077 = CARTESIAN_POINT('',(63.933427556824,-70.74591000579,23.3162));
#8078 = VECTOR('',#8079,1.);
#8079 = DIRECTION('',(-0.597993075892,0.801501267114,0.));
#8080 = PLANE('',#8081);
#8081 = AXIS2_PLACEMENT_3D('',#8082,#8083,#8084);
#8082 = CARTESIAN_POINT('',(63.933427556824,-70.74591000579,23.3162));
#8083 = DIRECTION('',(-0.801501267114,-0.597993075892,0.));
#8084 = DIRECTION('',(-0.597993075892,0.801501267114,0.));
#8085 = ADVANCED_FACE('',(#8086),#8111,.T.);
#8086 = FACE_BOUND('',#8087,.T.);
#8087 = EDGE_LOOP('',(#8088,#8089,#8097,#8105));
#8088 = ORIENTED_EDGE('',*,*,#8067,.T.);
#8089 = ORIENTED_EDGE('',*,*,#8090,.T.);
#8090 = EDGE_CURVE('',#8060,#8091,#8093,.T.);
#8091 = VERTEX_POINT('',#8092);
#8092 = CARTESIAN_POINT('',(62.933800835813,-69.78469862707,24.5162));
#8093 = LINE('',#8094,#8095);
#8094 = CARTESIAN_POINT('',(63.49575592208,-70.15929055488,24.5162));
#8095 = VECTOR('',#8096,1.);
#8096 = DIRECTION('',(-0.832080906687,0.554654274956,0.));
#8097 = ORIENTED_EDGE('',*,*,#8098,.F.);
#8098 = EDGE_CURVE('',#8099,#8091,#8101,.T.);
#8099 = VERTEX_POINT('',#8100);
#8100 = CARTESIAN_POINT('',(62.933800835813,-69.78469862707,23.3162));
#8101 = LINE('',#8102,#8103);
#8102 = CARTESIAN_POINT('',(62.933800835813,-69.78469862707,23.3162));
#8103 = VECTOR('',#8104,1.);
#8104 = DIRECTION('',(0.,0.,1.));
#8105 = ORIENTED_EDGE('',*,*,#8106,.F.);
#8106 = EDGE_CURVE('',#8068,#8099,#8107,.T.);
#8107 = LINE('',#8108,#8109);
#8108 = CARTESIAN_POINT('',(63.49575592208,-70.15929055488,23.3162));
#8109 = VECTOR('',#8110,1.);
#8110 = DIRECTION('',(-0.832080906687,0.554654274956,0.));
#8111 = PLANE('',#8112);
#8112 = AXIS2_PLACEMENT_3D('',#8113,#8114,#8115);
#8113 = CARTESIAN_POINT('',(63.49575592208,-70.15929055488,23.3162));
#8114 = DIRECTION('',(-0.554654274956,-0.832080906687,0.));
#8115 = DIRECTION('',(-0.832080906687,0.554654274956,0.));
#8116 = ADVANCED_FACE('',(#8117),#8142,.T.);
#8117 = FACE_BOUND('',#8118,.T.);
#8118 = EDGE_LOOP('',(#8119,#8120,#8128,#8136));
#8119 = ORIENTED_EDGE('',*,*,#8098,.T.);
#8120 = ORIENTED_EDGE('',*,*,#8121,.T.);
#8121 = EDGE_CURVE('',#8091,#8122,#8124,.T.);
#8122 = VERTEX_POINT('',#8123);
#8123 = CARTESIAN_POINT('',(62.29598742987,-69.6243517942,24.5162));
#8124 = LINE('',#8125,#8126);
#8125 = CARTESIAN_POINT('',(62.933800835813,-69.78469862707,24.5162));
#8126 = VECTOR('',#8127,1.);
#8127 = DIRECTION('',(-0.969821992592,0.243814074008,0.));
#8128 = ORIENTED_EDGE('',*,*,#8129,.F.);
#8129 = EDGE_CURVE('',#8130,#8122,#8132,.T.);
#8130 = VERTEX_POINT('',#8131);
#8131 = CARTESIAN_POINT('',(62.29598742987,-69.6243517942,23.3162));
#8132 = LINE('',#8133,#8134);
#8133 = CARTESIAN_POINT('',(62.29598742987,-69.6243517942,23.3162));
#8134 = VECTOR('',#8135,1.);
#8135 = DIRECTION('',(0.,0.,1.));
#8136 = ORIENTED_EDGE('',*,*,#8137,.F.);
#8137 = EDGE_CURVE('',#8099,#8130,#8138,.T.);
#8138 = LINE('',#8139,#8140);
#8139 = CARTESIAN_POINT('',(62.933800835813,-69.78469862707,23.3162));
#8140 = VECTOR('',#8141,1.);
#8141 = DIRECTION('',(-0.969821992592,0.243814074008,0.));
#8142 = PLANE('',#8143);
#8143 = AXIS2_PLACEMENT_3D('',#8144,#8145,#8146);
#8144 = CARTESIAN_POINT('',(62.933800835813,-69.78469862707,23.3162));
#8145 = DIRECTION('',(-0.243814074008,-0.969821992592,0.));
#8146 = DIRECTION('',(-0.969821992592,0.243814074008,0.));
#8147 = ADVANCED_FACE('',(#8148),#8173,.T.);
#8148 = FACE_BOUND('',#8149,.T.);
#8149 = EDGE_LOOP('',(#8150,#8151,#8159,#8167));
#8150 = ORIENTED_EDGE('',*,*,#8129,.T.);
#8151 = ORIENTED_EDGE('',*,*,#8152,.T.);
#8152 = EDGE_CURVE('',#8122,#8153,#8155,.T.);
#8153 = VERTEX_POINT('',#8154);
#8154 = CARTESIAN_POINT('',(61.633203340439,-69.68746483902,24.5162));
#8155 = LINE('',#8156,#8157);
#8156 = CARTESIAN_POINT('',(62.29598742987,-69.6243517942,24.5162));
#8157 = VECTOR('',#8158,1.);
#8158 = DIRECTION('',(-0.995496783704,-9.479532496191E-02,0.));
#8159 = ORIENTED_EDGE('',*,*,#8160,.F.);
#8160 = EDGE_CURVE('',#8161,#8153,#8163,.T.);
#8161 = VERTEX_POINT('',#8162);
#8162 = CARTESIAN_POINT('',(61.633203340439,-69.68746483902,23.3162));
#8163 = LINE('',#8164,#8165);
#8164 = CARTESIAN_POINT('',(61.633203340439,-69.68746483902,23.3162));
#8165 = VECTOR('',#8166,1.);
#8166 = DIRECTION('',(0.,0.,1.));
#8167 = ORIENTED_EDGE('',*,*,#8168,.F.);
#8168 = EDGE_CURVE('',#8130,#8161,#8169,.T.);
#8169 = LINE('',#8170,#8171);
#8170 = CARTESIAN_POINT('',(62.29598742987,-69.6243517942,23.3162));
#8171 = VECTOR('',#8172,1.);
#8172 = DIRECTION('',(-0.995496783704,-9.479532496191E-02,0.));
#8173 = PLANE('',#8174);
#8174 = AXIS2_PLACEMENT_3D('',#8175,#8176,#8177);
#8175 = CARTESIAN_POINT('',(62.29598742987,-69.6243517942,23.3162));
#8176 = DIRECTION('',(9.479532496191E-02,-0.995496783704,0.));
#8177 = DIRECTION('',(-0.995496783704,-9.479532496191E-02,0.));
#8178 = ADVANCED_FACE('',(#8179),#8204,.T.);
#8179 = FACE_BOUND('',#8180,.T.);
#8180 = EDGE_LOOP('',(#8181,#8182,#8190,#8198));
#8181 = ORIENTED_EDGE('',*,*,#8160,.T.);
#8182 = ORIENTED_EDGE('',*,*,#8183,.T.);
#8183 = EDGE_CURVE('',#8153,#8184,#8186,.T.);
#8184 = VERTEX_POINT('',#8185);
#8185 = CARTESIAN_POINT('',(60.985143195415,-69.99075593307,24.5162));
#8186 = LINE('',#8187,#8188);
#8187 = CARTESIAN_POINT('',(61.633203340439,-69.68746483902,24.5162));
#8188 = VECTOR('',#8189,1.);
#8189 = DIRECTION('',(-0.90572038627,-0.423875667968,0.));
#8190 = ORIENTED_EDGE('',*,*,#8191,.F.);
#8191 = EDGE_CURVE('',#8192,#8184,#8194,.T.);
#8192 = VERTEX_POINT('',#8193);
#8193 = CARTESIAN_POINT('',(60.985143195415,-69.99075593307,23.3162));
#8194 = LINE('',#8195,#8196);
#8195 = CARTESIAN_POINT('',(60.985143195415,-69.99075593307,23.3162));
#8196 = VECTOR('',#8197,1.);
#8197 = DIRECTION('',(0.,0.,1.));
#8198 = ORIENTED_EDGE('',*,*,#8199,.F.);
#8199 = EDGE_CURVE('',#8161,#8192,#8200,.T.);
#8200 = LINE('',#8201,#8202);
#8201 = CARTESIAN_POINT('',(61.633203340439,-69.68746483902,23.3162));
#8202 = VECTOR('',#8203,1.);
#8203 = DIRECTION('',(-0.90572038627,-0.423875667968,0.));
#8204 = PLANE('',#8205);
#8205 = AXIS2_PLACEMENT_3D('',#8206,#8207,#8208);
#8206 = CARTESIAN_POINT('',(61.633203340439,-69.68746483902,23.3162));
#8207 = DIRECTION('',(0.423875667968,-0.90572038627,0.));
#8208 = DIRECTION('',(-0.90572038627,-0.423875667968,0.));
#8209 = ADVANCED_FACE('',(#8210),#8235,.T.);
#8210 = FACE_BOUND('',#8211,.T.);
#8211 = EDGE_LOOP('',(#8212,#8213,#8221,#8229));
#8212 = ORIENTED_EDGE('',*,*,#8191,.T.);
#8213 = ORIENTED_EDGE('',*,*,#8214,.T.);
#8214 = EDGE_CURVE('',#8184,#8215,#8217,.T.);
#8215 = VERTEX_POINT('',#8216);
#8216 = CARTESIAN_POINT('',(60.352874156885,-70.67412462562,24.5162));
#8217 = LINE('',#8218,#8219);
#8218 = CARTESIAN_POINT('',(60.985143195415,-69.99075593307,24.5162));
#8219 = VECTOR('',#8220,1.);
#8220 = DIRECTION('',(-0.679130538525,-0.734017514534,0.));
#8221 = ORIENTED_EDGE('',*,*,#8222,.F.);
#8222 = EDGE_CURVE('',#8223,#8215,#8225,.T.);
#8223 = VERTEX_POINT('',#8224);
#8224 = CARTESIAN_POINT('',(60.352874156885,-70.67412462562,23.3162));
#8225 = LINE('',#8226,#8227);
#8226 = CARTESIAN_POINT('',(60.352874156885,-70.67412462562,23.3162));
#8227 = VECTOR('',#8228,1.);
#8228 = DIRECTION('',(0.,0.,1.));
#8229 = ORIENTED_EDGE('',*,*,#8230,.F.);
#8230 = EDGE_CURVE('',#8192,#8223,#8231,.T.);
#8231 = LINE('',#8232,#8233);
#8232 = CARTESIAN_POINT('',(60.985143195415,-69.99075593307,23.3162));
#8233 = VECTOR('',#8234,1.);
#8234 = DIRECTION('',(-0.679130538525,-0.734017514534,0.));
#8235 = PLANE('',#8236);
#8236 = AXIS2_PLACEMENT_3D('',#8237,#8238,#8239);
#8237 = CARTESIAN_POINT('',(60.985143195415,-69.99075593307,23.3162));
#8238 = DIRECTION('',(0.734017514534,-0.679130538525,0.));
#8239 = DIRECTION('',(-0.679130538525,-0.734017514534,0.));
#8240 = ADVANCED_FACE('',(#8241),#8266,.T.);
#8241 = FACE_BOUND('',#8242,.T.);
#8242 = EDGE_LOOP('',(#8243,#8244,#8252,#8260));
#8243 = ORIENTED_EDGE('',*,*,#8222,.T.);
#8244 = ORIENTED_EDGE('',*,*,#8245,.T.);
#8245 = EDGE_CURVE('',#8215,#8246,#8248,.T.);
#8246 = VERTEX_POINT('',#8247);
#8247 = CARTESIAN_POINT('',(60.146815984667,-71.24075135839,24.5162));
#8248 = LINE('',#8249,#8250);
#8249 = CARTESIAN_POINT('',(60.352874156885,-70.67412462562,24.5162));
#8250 = VECTOR('',#8251,1.);
#8251 = DIRECTION('',(-0.341760769675,-0.93978698454,0.));
#8252 = ORIENTED_EDGE('',*,*,#8253,.F.);
#8253 = EDGE_CURVE('',#8254,#8246,#8256,.T.);
#8254 = VERTEX_POINT('',#8255);
#8255 = CARTESIAN_POINT('',(60.146815984667,-71.24075135839,23.3162));
#8256 = LINE('',#8257,#8258);
#8257 = CARTESIAN_POINT('',(60.146815984667,-71.24075135839,23.3162));
#8258 = VECTOR('',#8259,1.);
#8259 = DIRECTION('',(0.,0.,1.));
#8260 = ORIENTED_EDGE('',*,*,#8261,.F.);
#8261 = EDGE_CURVE('',#8223,#8254,#8262,.T.);
#8262 = LINE('',#8263,#8264);
#8263 = CARTESIAN_POINT('',(60.352874156885,-70.67412462562,23.3162));
#8264 = VECTOR('',#8265,1.);
#8265 = DIRECTION('',(-0.341760769675,-0.93978698454,0.));
#8266 = PLANE('',#8267);
#8267 = AXIS2_PLACEMENT_3D('',#8268,#8269,#8270);
#8268 = CARTESIAN_POINT('',(60.352874156885,-70.67412462562,23.3162));
#8269 = DIRECTION('',(0.93978698454,-0.341760769675,0.));
#8270 = DIRECTION('',(-0.341760769675,-0.93978698454,0.));
#8271 = ADVANCED_FACE('',(#8272),#8297,.T.);
#8272 = FACE_BOUND('',#8273,.T.);
#8273 = EDGE_LOOP('',(#8274,#8275,#8283,#8291));
#8274 = ORIENTED_EDGE('',*,*,#8253,.T.);
#8275 = ORIENTED_EDGE('',*,*,#8276,.T.);
#8276 = EDGE_CURVE('',#8246,#8277,#8279,.T.);
#8277 = VERTEX_POINT('',#8278);
#8278 = CARTESIAN_POINT('',(60.14050141264,-71.8159129614,24.5162));
#8279 = LINE('',#8280,#8281);
#8280 = CARTESIAN_POINT('',(60.146815984667,-71.24075135839,24.5162));
#8281 = VECTOR('',#8282,1.);
#8282 = DIRECTION('',(-1.097811722788E-02,-0.999939738655,0.));
#8283 = ORIENTED_EDGE('',*,*,#8284,.F.);
#8284 = EDGE_CURVE('',#8285,#8277,#8287,.T.);
#8285 = VERTEX_POINT('',#8286);
#8286 = CARTESIAN_POINT('',(60.14050141264,-71.8159129614,23.3162));
#8287 = LINE('',#8288,#8289);
#8288 = CARTESIAN_POINT('',(60.14050141264,-71.8159129614,23.3162));
#8289 = VECTOR('',#8290,1.);
#8290 = DIRECTION('',(0.,0.,1.));
#8291 = ORIENTED_EDGE('',*,*,#8292,.F.);
#8292 = EDGE_CURVE('',#8254,#8285,#8293,.T.);
#8293 = LINE('',#8294,#8295);
#8294 = CARTESIAN_POINT('',(60.146815984667,-71.24075135839,23.3162));
#8295 = VECTOR('',#8296,1.);
#8296 = DIRECTION('',(-1.097811722788E-02,-0.999939738655,0.));
#8297 = PLANE('',#8298);
#8298 = AXIS2_PLACEMENT_3D('',#8299,#8300,#8301);
#8299 = CARTESIAN_POINT('',(60.146815984667,-71.24075135839,23.3162));
#8300 = DIRECTION('',(0.999939738655,-1.097811722788E-02,0.));
#8301 = DIRECTION('',(-1.097811722788E-02,-0.999939738655,0.));
#8302 = ADVANCED_FACE('',(#8303),#8328,.T.);
#8303 = FACE_BOUND('',#8304,.T.);
#8304 = EDGE_LOOP('',(#8305,#8306,#8314,#8322));
#8305 = ORIENTED_EDGE('',*,*,#8284,.T.);
#8306 = ORIENTED_EDGE('',*,*,#8307,.T.);
#8307 = EDGE_CURVE('',#8277,#8308,#8310,.T.);
#8308 = VERTEX_POINT('',#8309);
#8309 = CARTESIAN_POINT('',(60.310057046103,-72.36607495104,24.5162));
#8310 = LINE('',#8311,#8312);
#8311 = CARTESIAN_POINT('',(60.14050141264,-71.8159129614,24.5162));
#8312 = VECTOR('',#8313,1.);
#8313 = DIRECTION('',(0.294522220548,-0.955644631442,0.));
#8314 = ORIENTED_EDGE('',*,*,#8315,.F.);
#8315 = EDGE_CURVE('',#8316,#8308,#8318,.T.);
#8316 = VERTEX_POINT('',#8317);
#8317 = CARTESIAN_POINT('',(60.310057046103,-72.36607495104,23.3162));
#8318 = LINE('',#8319,#8320);
#8319 = CARTESIAN_POINT('',(60.310057046103,-72.36607495104,23.3162));
#8320 = VECTOR('',#8321,1.);
#8321 = DIRECTION('',(0.,0.,1.));
#8322 = ORIENTED_EDGE('',*,*,#8323,.F.);
#8323 = EDGE_CURVE('',#8285,#8316,#8324,.T.);
#8324 = LINE('',#8325,#8326);
#8325 = CARTESIAN_POINT('',(60.14050141264,-71.8159129614,23.3162));
#8326 = VECTOR('',#8327,1.);
#8327 = DIRECTION('',(0.294522220548,-0.955644631442,0.));
#8328 = PLANE('',#8329);
#8329 = AXIS2_PLACEMENT_3D('',#8330,#8331,#8332);
#8330 = CARTESIAN_POINT('',(60.14050141264,-71.8159129614,23.3162));
#8331 = DIRECTION('',(0.955644631442,0.294522220548,-0.));
#8332 = DIRECTION('',(0.294522220548,-0.955644631442,0.));
#8333 = ADVANCED_FACE('',(#8334),#8359,.T.);
#8334 = FACE_BOUND('',#8335,.T.);
#8335 = EDGE_LOOP('',(#8336,#8337,#8345,#8353));
#8336 = ORIENTED_EDGE('',*,*,#8315,.T.);
#8337 = ORIENTED_EDGE('',*,*,#8338,.T.);
#8338 = EDGE_CURVE('',#8308,#8339,#8341,.T.);
#8339 = VERTEX_POINT('',#8340);
#8340 = CARTESIAN_POINT('',(60.631684681645,-72.85084215439,24.5162));
#8341 = LINE('',#8342,#8343);
#8342 = CARTESIAN_POINT('',(60.310057046103,-72.36607495104,24.5162));
#8343 = VECTOR('',#8344,1.);
#8344 = DIRECTION('',(0.552853698807,-0.833278337481,0.));
#8345 = ORIENTED_EDGE('',*,*,#8346,.F.);
#8346 = EDGE_CURVE('',#8347,#8339,#8349,.T.);
#8347 = VERTEX_POINT('',#8348);
#8348 = CARTESIAN_POINT('',(60.631684681645,-72.85084215439,23.3162));
#8349 = LINE('',#8350,#8351);
#8350 = CARTESIAN_POINT('',(60.631684681645,-72.85084215439,23.3162));
#8351 = VECTOR('',#8352,1.);
#8352 = DIRECTION('',(0.,0.,1.));
#8353 = ORIENTED_EDGE('',*,*,#8354,.F.);
#8354 = EDGE_CURVE('',#8316,#8347,#8355,.T.);
#8355 = LINE('',#8356,#8357);
#8356 = CARTESIAN_POINT('',(60.310057046103,-72.36607495104,23.3162));
#8357 = VECTOR('',#8358,1.);
#8358 = DIRECTION('',(0.552853698807,-0.833278337481,0.));
#8359 = PLANE('',#8360);
#8360 = AXIS2_PLACEMENT_3D('',#8361,#8362,#8363);
#8361 = CARTESIAN_POINT('',(60.310057046103,-72.36607495104,23.3162));
#8362 = DIRECTION('',(0.833278337481,0.552853698807,-0.));
#8363 = DIRECTION('',(0.552853698807,-0.833278337481,0.));
#8364 = ADVANCED_FACE('',(#8365),#8390,.T.);
#8365 = FACE_BOUND('',#8366,.T.);
#8366 = EDGE_LOOP('',(#8367,#8368,#8376,#8384));
#8367 = ORIENTED_EDGE('',*,*,#8346,.T.);
#8368 = ORIENTED_EDGE('',*,*,#8369,.T.);
#8369 = EDGE_CURVE('',#8339,#8370,#8372,.T.);
#8370 = VERTEX_POINT('',#8371);
#8371 = CARTESIAN_POINT('',(61.078126568935,-73.22835759181,24.5162));
#8372 = LINE('',#8373,#8374);
#8373 = CARTESIAN_POINT('',(60.631684681645,-72.85084215439,24.5162));
#8374 = VECTOR('',#8375,1.);
#8375 = DIRECTION('',(0.763591262991,-0.645699917209,0.));
#8376 = ORIENTED_EDGE('',*,*,#8377,.F.);
#8377 = EDGE_CURVE('',#8378,#8370,#8380,.T.);
#8378 = VERTEX_POINT('',#8379);
#8379 = CARTESIAN_POINT('',(61.078126568935,-73.22835759181,23.3162));
#8380 = LINE('',#8381,#8382);
#8381 = CARTESIAN_POINT('',(61.078126568935,-73.22835759181,23.3162));
#8382 = VECTOR('',#8383,1.);
#8383 = DIRECTION('',(0.,0.,1.));
#8384 = ORIENTED_EDGE('',*,*,#8385,.F.);
#8385 = EDGE_CURVE('',#8347,#8378,#8386,.T.);
#8386 = LINE('',#8387,#8388);
#8387 = CARTESIAN_POINT('',(60.631684681645,-72.85084215439,23.3162));
#8388 = VECTOR('',#8389,1.);
#8389 = DIRECTION('',(0.763591262991,-0.645699917209,0.));
#8390 = PLANE('',#8391);
#8391 = AXIS2_PLACEMENT_3D('',#8392,#8393,#8394);
#8392 = CARTESIAN_POINT('',(60.631684681645,-72.85084215439,23.3162));
#8393 = DIRECTION('',(0.645699917209,0.763591262991,-0.));
#8394 = DIRECTION('',(0.763591262991,-0.645699917209,0.));
#8395 = ADVANCED_FACE('',(#8396),#8421,.T.);
#8396 = FACE_BOUND('',#8397,.T.);
#8397 = EDGE_LOOP('',(#8398,#8399,#8407,#8415));
#8398 = ORIENTED_EDGE('',*,*,#8377,.T.);
#8399 = ORIENTED_EDGE('',*,*,#8400,.T.);
#8400 = EDGE_CURVE('',#8370,#8401,#8403,.T.);
#8401 = VERTEX_POINT('',#8402);
#8402 = CARTESIAN_POINT('',(61.621282440849,-73.45978058371,24.5162));
#8403 = LINE('',#8404,#8405);
#8404 = CARTESIAN_POINT('',(61.078126568935,-73.22835759181,24.5162));
#8405 = VECTOR('',#8406,1.);
#8406 = DIRECTION('',(0.919975838923,-0.391975070379,0.));
#8407 = ORIENTED_EDGE('',*,*,#8408,.F.);
#8408 = EDGE_CURVE('',#8409,#8401,#8411,.T.);
#8409 = VERTEX_POINT('',#8410);
#8410 = CARTESIAN_POINT('',(61.621282440849,-73.45978058371,23.3162));
#8411 = LINE('',#8412,#8413);
#8412 = CARTESIAN_POINT('',(61.621282440849,-73.45978058371,23.3162));
#8413 = VECTOR('',#8414,1.);
#8414 = DIRECTION('',(0.,0.,1.));
#8415 = ORIENTED_EDGE('',*,*,#8416,.F.);
#8416 = EDGE_CURVE('',#8378,#8409,#8417,.T.);
#8417 = LINE('',#8418,#8419);
#8418 = CARTESIAN_POINT('',(61.078126568935,-73.22835759181,23.3162));
#8419 = VECTOR('',#8420,1.);
#8420 = DIRECTION('',(0.919975838923,-0.391975070379,0.));
#8421 = PLANE('',#8422);
#8422 = AXIS2_PLACEMENT_3D('',#8423,#8424,#8425);
#8423 = CARTESIAN_POINT('',(61.078126568935,-73.22835759181,23.3162));
#8424 = DIRECTION('',(0.391975070379,0.919975838923,-0.));
#8425 = DIRECTION('',(0.919975838923,-0.391975070379,0.));
#8426 = ADVANCED_FACE('',(#8427),#8452,.T.);
#8427 = FACE_BOUND('',#8428,.T.);
#8428 = EDGE_LOOP('',(#8429,#8430,#8438,#8446));
#8429 = ORIENTED_EDGE('',*,*,#8408,.T.);
#8430 = ORIENTED_EDGE('',*,*,#8431,.T.);
#8431 = EDGE_CURVE('',#8401,#8432,#8434,.T.);
#8432 = VERTEX_POINT('',#8433);
#8433 = CARTESIAN_POINT('',(62.237749475577,-73.50901652054,24.5162));
#8434 = LINE('',#8435,#8436);
#8435 = CARTESIAN_POINT('',(61.621282440849,-73.45978058371,24.5162));
#8436 = VECTOR('',#8437,1.);
#8437 = DIRECTION('',(0.996825736213,-7.961439331953E-02,0.));
#8438 = ORIENTED_EDGE('',*,*,#8439,.F.);
#8439 = EDGE_CURVE('',#8440,#8432,#8442,.T.);
#8440 = VERTEX_POINT('',#8441);
#8441 = CARTESIAN_POINT('',(62.237749475577,-73.50901652054,23.3162));
#8442 = LINE('',#8443,#8444);
#8443 = CARTESIAN_POINT('',(62.237749475577,-73.50901652054,23.3162));
#8444 = VECTOR('',#8445,1.);
#8445 = DIRECTION('',(0.,0.,1.));
#8446 = ORIENTED_EDGE('',*,*,#8447,.F.);
#8447 = EDGE_CURVE('',#8409,#8440,#8448,.T.);
#8448 = LINE('',#8449,#8450);
#8449 = CARTESIAN_POINT('',(61.621282440849,-73.45978058371,23.3162));
#8450 = VECTOR('',#8451,1.);
#8451 = DIRECTION('',(0.996825736213,-7.961439331953E-02,0.));
#8452 = PLANE('',#8453);
#8453 = AXIS2_PLACEMENT_3D('',#8454,#8455,#8456);
#8454 = CARTESIAN_POINT('',(61.621282440849,-73.45978058371,23.3162));
#8455 = DIRECTION('',(7.961439331953E-02,0.996825736213,-0.));
#8456 = DIRECTION('',(0.996825736213,-7.961439331953E-02,0.));
#8457 = ADVANCED_FACE('',(#8458),#8474,.T.);
#8458 = FACE_BOUND('',#8459,.T.);
#8459 = EDGE_LOOP('',(#8460,#8461,#8467,#8468));
#8460 = ORIENTED_EDGE('',*,*,#8439,.T.);
#8461 = ORIENTED_EDGE('',*,*,#8462,.T.);
#8462 = EDGE_CURVE('',#8432,#7866,#8463,.T.);
#8463 = LINE('',#8464,#8465);
#8464 = CARTESIAN_POINT('',(62.237749475577,-73.50901652054,24.5162));
#8465 = VECTOR('',#8466,1.);
#8466 = DIRECTION('',(0.96847535132,0.249109401439,0.));
#8467 = ORIENTED_EDGE('',*,*,#7863,.F.);
#8468 = ORIENTED_EDGE('',*,*,#8469,.F.);
#8469 = EDGE_CURVE('',#8440,#7864,#8470,.T.);
#8470 = LINE('',#8471,#8472);
#8471 = CARTESIAN_POINT('',(62.237749475577,-73.50901652054,23.3162));
#8472 = VECTOR('',#8473,1.);
#8473 = DIRECTION('',(0.96847535132,0.249109401439,0.));
#8474 = PLANE('',#8475);
#8475 = AXIS2_PLACEMENT_3D('',#8476,#8477,#8478);
#8476 = CARTESIAN_POINT('',(62.237749475577,-73.50901652054,23.3162));
#8477 = DIRECTION('',(-0.249109401439,0.96847535132,0.));
#8478 = DIRECTION('',(0.96847535132,0.249109401439,0.));
#8479 = ADVANCED_FACE('',(#8480,#8504),#8526,.T.);
#8480 = FACE_BOUND('',#8481,.T.);
#8481 = EDGE_LOOP('',(#8482,#8483,#8484,#8485,#8486,#8487,#8488,#8489,
    #8490,#8491,#8492,#8493,#8494,#8495,#8496,#8497,#8498,#8499,#8500,
    #8501,#8502,#8503));
#8482 = ORIENTED_EDGE('',*,*,#7207,.T.);
#8483 = ORIENTED_EDGE('',*,*,#7238,.T.);
#8484 = ORIENTED_EDGE('',*,*,#7269,.T.);
#8485 = ORIENTED_EDGE('',*,*,#7300,.T.);
#8486 = ORIENTED_EDGE('',*,*,#7331,.T.);
#8487 = ORIENTED_EDGE('',*,*,#7362,.T.);
#8488 = ORIENTED_EDGE('',*,*,#7393,.T.);
#8489 = ORIENTED_EDGE('',*,*,#7424,.T.);
#8490 = ORIENTED_EDGE('',*,*,#7455,.T.);
#8491 = ORIENTED_EDGE('',*,*,#7486,.T.);
#8492 = ORIENTED_EDGE('',*,*,#7517,.T.);
#8493 = ORIENTED_EDGE('',*,*,#7548,.T.);
#8494 = ORIENTED_EDGE('',*,*,#7579,.T.);
#8495 = ORIENTED_EDGE('',*,*,#7610,.T.);
#8496 = ORIENTED_EDGE('',*,*,#7641,.T.);
#8497 = ORIENTED_EDGE('',*,*,#7672,.T.);
#8498 = ORIENTED_EDGE('',*,*,#7703,.T.);
#8499 = ORIENTED_EDGE('',*,*,#7734,.T.);
#8500 = ORIENTED_EDGE('',*,*,#7765,.T.);
#8501 = ORIENTED_EDGE('',*,*,#7796,.T.);
#8502 = ORIENTED_EDGE('',*,*,#7827,.T.);
#8503 = ORIENTED_EDGE('',*,*,#7849,.T.);
#8504 = FACE_BOUND('',#8505,.T.);
#8505 = EDGE_LOOP('',(#8506,#8507,#8508,#8509,#8510,#8511,#8512,#8513,
    #8514,#8515,#8516,#8517,#8518,#8519,#8520,#8521,#8522,#8523,#8524,
    #8525));
#8506 = ORIENTED_EDGE('',*,*,#7889,.T.);
#8507 = ORIENTED_EDGE('',*,*,#7920,.T.);
#8508 = ORIENTED_EDGE('',*,*,#7951,.T.);
#8509 = ORIENTED_EDGE('',*,*,#7982,.T.);
#8510 = ORIENTED_EDGE('',*,*,#8013,.T.);
#8511 = ORIENTED_EDGE('',*,*,#8044,.T.);
#8512 = ORIENTED_EDGE('',*,*,#8075,.T.);
#8513 = ORIENTED_EDGE('',*,*,#8106,.T.);
#8514 = ORIENTED_EDGE('',*,*,#8137,.T.);
#8515 = ORIENTED_EDGE('',*,*,#8168,.T.);
#8516 = ORIENTED_EDGE('',*,*,#8199,.T.);
#8517 = ORIENTED_EDGE('',*,*,#8230,.T.);
#8518 = ORIENTED_EDGE('',*,*,#8261,.T.);
#8519 = ORIENTED_EDGE('',*,*,#8292,.T.);
#8520 = ORIENTED_EDGE('',*,*,#8323,.T.);
#8521 = ORIENTED_EDGE('',*,*,#8354,.T.);
#8522 = ORIENTED_EDGE('',*,*,#8385,.T.);
#8523 = ORIENTED_EDGE('',*,*,#8416,.T.);
#8524 = ORIENTED_EDGE('',*,*,#8447,.T.);
#8525 = ORIENTED_EDGE('',*,*,#8469,.T.);
#8526 = PLANE('',#8527);
#8527 = AXIS2_PLACEMENT_3D('',#8528,#8529,#8530);
#8528 = CARTESIAN_POINT('',(62.105350137152,-71.58429175217,23.3162));
#8529 = DIRECTION('',(-0.,-0.,-1.));
#8530 = DIRECTION('',(-1.,0.,0.));
#8531 = ADVANCED_FACE('',(#8532,#8556),#8578,.F.);
#8532 = FACE_BOUND('',#8533,.F.);
#8533 = EDGE_LOOP('',(#8534,#8535,#8536,#8537,#8538,#8539,#8540,#8541,
    #8542,#8543,#8544,#8545,#8546,#8547,#8548,#8549,#8550,#8551,#8552,
    #8553,#8554,#8555));
#8534 = ORIENTED_EDGE('',*,*,#7191,.T.);
#8535 = ORIENTED_EDGE('',*,*,#7222,.T.);
#8536 = ORIENTED_EDGE('',*,*,#7253,.T.);
#8537 = ORIENTED_EDGE('',*,*,#7284,.T.);
#8538 = ORIENTED_EDGE('',*,*,#7315,.T.);
#8539 = ORIENTED_EDGE('',*,*,#7346,.T.);
#8540 = ORIENTED_EDGE('',*,*,#7377,.T.);
#8541 = ORIENTED_EDGE('',*,*,#7408,.T.);
#8542 = ORIENTED_EDGE('',*,*,#7439,.T.);
#8543 = ORIENTED_EDGE('',*,*,#7470,.T.);
#8544 = ORIENTED_EDGE('',*,*,#7501,.T.);
#8545 = ORIENTED_EDGE('',*,*,#7532,.T.);
#8546 = ORIENTED_EDGE('',*,*,#7563,.T.);
#8547 = ORIENTED_EDGE('',*,*,#7594,.T.);
#8548 = ORIENTED_EDGE('',*,*,#7625,.T.);
#8549 = ORIENTED_EDGE('',*,*,#7656,.T.);
#8550 = ORIENTED_EDGE('',*,*,#7687,.T.);
#8551 = ORIENTED_EDGE('',*,*,#7718,.T.);
#8552 = ORIENTED_EDGE('',*,*,#7749,.T.);
#8553 = ORIENTED_EDGE('',*,*,#7780,.T.);
#8554 = ORIENTED_EDGE('',*,*,#7811,.T.);
#8555 = ORIENTED_EDGE('',*,*,#7842,.T.);
#8556 = FACE_BOUND('',#8557,.F.);
#8557 = EDGE_LOOP('',(#8558,#8559,#8560,#8561,#8562,#8563,#8564,#8565,
    #8566,#8567,#8568,#8569,#8570,#8571,#8572,#8573,#8574,#8575,#8576,
    #8577));
#8558 = ORIENTED_EDGE('',*,*,#7873,.T.);
#8559 = ORIENTED_EDGE('',*,*,#7904,.T.);
#8560 = ORIENTED_EDGE('',*,*,#7935,.T.);
#8561 = ORIENTED_EDGE('',*,*,#7966,.T.);
#8562 = ORIENTED_EDGE('',*,*,#7997,.T.);
#8563 = ORIENTED_EDGE('',*,*,#8028,.T.);
#8564 = ORIENTED_EDGE('',*,*,#8059,.T.);
#8565 = ORIENTED_EDGE('',*,*,#8090,.T.);
#8566 = ORIENTED_EDGE('',*,*,#8121,.T.);
#8567 = ORIENTED_EDGE('',*,*,#8152,.T.);
#8568 = ORIENTED_EDGE('',*,*,#8183,.T.);
#8569 = ORIENTED_EDGE('',*,*,#8214,.T.);
#8570 = ORIENTED_EDGE('',*,*,#8245,.T.);
#8571 = ORIENTED_EDGE('',*,*,#8276,.T.);
#8572 = ORIENTED_EDGE('',*,*,#8307,.T.);
#8573 = ORIENTED_EDGE('',*,*,#8338,.T.);
#8574 = ORIENTED_EDGE('',*,*,#8369,.T.);
#8575 = ORIENTED_EDGE('',*,*,#8400,.T.);
#8576 = ORIENTED_EDGE('',*,*,#8431,.T.);
#8577 = ORIENTED_EDGE('',*,*,#8462,.T.);
#8578 = PLANE('',#8579);
#8579 = AXIS2_PLACEMENT_3D('',#8580,#8581,#8582);
#8580 = CARTESIAN_POINT('',(62.105350137152,-71.58429175217,24.5162));
#8581 = DIRECTION('',(-0.,-0.,-1.));
#8582 = DIRECTION('',(-1.,0.,0.));
#8583 = MANIFOLD_SOLID_BREP('',#8584);
#8584 = CLOSED_SHELL('',(#8585,#8625,#8656,#8687,#8718,#8749,#8780,#8811
    ,#8842,#8873,#8904,#8935,#8966,#8997,#9028,#9059,#9090,#9121,#9152,
    #9183,#9214,#9245,#9276,#9307,#9338,#9369,#9400,#9431,#9462,#9493,
    #9524,#9555,#9586,#9617,#9648,#9679,#9710,#9741,#9772,#9803,#9834,
    #9865,#9896,#9927,#9958,#9989,#10020,#10051,#10082,#10113,#10144,
    #10175,#10206,#10237,#10259,#10321));
#8585 = ADVANCED_FACE('',(#8586),#8620,.T.);
#8586 = FACE_BOUND('',#8587,.T.);
#8587 = EDGE_LOOP('',(#8588,#8598,#8606,#8614));
#8588 = ORIENTED_EDGE('',*,*,#8589,.T.);
#8589 = EDGE_CURVE('',#8590,#8592,#8594,.T.);
#8590 = VERTEX_POINT('',#8591);
#8591 = CARTESIAN_POINT('',(60.62357143315,-57.71434650957,23.3162));
#8592 = VERTEX_POINT('',#8593);
#8593 = CARTESIAN_POINT('',(60.62357143315,-57.71434650957,24.5162));
#8594 = LINE('',#8595,#8596);
#8595 = CARTESIAN_POINT('',(60.62357143315,-57.71434650957,23.3162));
#8596 = VECTOR('',#8597,1.);
#8597 = DIRECTION('',(0.,0.,1.));
#8598 = ORIENTED_EDGE('',*,*,#8599,.T.);
#8599 = EDGE_CURVE('',#8592,#8600,#8602,.T.);
#8600 = VERTEX_POINT('',#8601);
#8601 = CARTESIAN_POINT('',(60.803191396682,-57.78660154922,24.5162));
#8602 = LINE('',#8603,#8604);
#8603 = CARTESIAN_POINT('',(60.62357143315,-57.71434650957,24.5162));
#8604 = VECTOR('',#8605,1.);
#8605 = DIRECTION('',(0.927749934187,-0.373202437848,0.));
#8606 = ORIENTED_EDGE('',*,*,#8607,.F.);
#8607 = EDGE_CURVE('',#8608,#8600,#8610,.T.);
#8608 = VERTEX_POINT('',#8609);
#8609 = CARTESIAN_POINT('',(60.803191396682,-57.78660154922,23.3162));
#8610 = LINE('',#8611,#8612);
#8611 = CARTESIAN_POINT('',(60.803191396682,-57.78660154922,23.3162));
#8612 = VECTOR('',#8613,1.);
#8613 = DIRECTION('',(0.,0.,1.));
#8614 = ORIENTED_EDGE('',*,*,#8615,.F.);
#8615 = EDGE_CURVE('',#8590,#8608,#8616,.T.);
#8616 = LINE('',#8617,#8618);
#8617 = CARTESIAN_POINT('',(60.62357143315,-57.71434650957,23.3162));
#8618 = VECTOR('',#8619,1.);
#8619 = DIRECTION('',(0.927749934187,-0.373202437848,0.));
#8620 = PLANE('',#8621);
#8621 = AXIS2_PLACEMENT_3D('',#8622,#8623,#8624);
#8622 = CARTESIAN_POINT('',(60.62357143315,-57.71434650957,23.3162));
#8623 = DIRECTION('',(0.373202437848,0.927749934187,-0.));
#8624 = DIRECTION('',(0.927749934187,-0.373202437848,0.));
#8625 = ADVANCED_FACE('',(#8626),#8651,.T.);
#8626 = FACE_BOUND('',#8627,.T.);
#8627 = EDGE_LOOP('',(#8628,#8629,#8637,#8645));
#8628 = ORIENTED_EDGE('',*,*,#8607,.T.);
#8629 = ORIENTED_EDGE('',*,*,#8630,.T.);
#8630 = EDGE_CURVE('',#8600,#8631,#8633,.T.);
#8631 = VERTEX_POINT('',#8632);
#8632 = CARTESIAN_POINT('',(60.893640396779,-58.08019242021,24.5162));
#8633 = LINE('',#8634,#8635);
#8634 = CARTESIAN_POINT('',(60.803191396682,-57.78660154922,24.5162));
#8635 = VECTOR('',#8636,1.);
#8636 = DIRECTION('',(0.294422880797,-0.955675241525,0.));
#8637 = ORIENTED_EDGE('',*,*,#8638,.F.);
#8638 = EDGE_CURVE('',#8639,#8631,#8641,.T.);
#8639 = VERTEX_POINT('',#8640);
#8640 = CARTESIAN_POINT('',(60.893640396779,-58.08019242021,23.3162));
#8641 = LINE('',#8642,#8643);
#8642 = CARTESIAN_POINT('',(60.893640396779,-58.08019242021,23.3162));
#8643 = VECTOR('',#8644,1.);
#8644 = DIRECTION('',(0.,0.,1.));
#8645 = ORIENTED_EDGE('',*,*,#8646,.F.);
#8646 = EDGE_CURVE('',#8608,#8639,#8647,.T.);
#8647 = LINE('',#8648,#8649);
#8648 = CARTESIAN_POINT('',(60.803191396682,-57.78660154922,23.3162));
#8649 = VECTOR('',#8650,1.);
#8650 = DIRECTION('',(0.294422880797,-0.955675241525,0.));
#8651 = PLANE('',#8652);
#8652 = AXIS2_PLACEMENT_3D('',#8653,#8654,#8655);
#8653 = CARTESIAN_POINT('',(60.803191396682,-57.78660154922,23.3162));
#8654 = DIRECTION('',(0.955675241525,0.294422880797,-0.));
#8655 = DIRECTION('',(0.294422880797,-0.955675241525,0.));
#8656 = ADVANCED_FACE('',(#8657),#8682,.T.);
#8657 = FACE_BOUND('',#8658,.T.);
#8658 = EDGE_LOOP('',(#8659,#8660,#8668,#8676));
#8659 = ORIENTED_EDGE('',*,*,#8638,.T.);
#8660 = ORIENTED_EDGE('',*,*,#8661,.T.);
#8661 = EDGE_CURVE('',#8631,#8662,#8664,.T.);
#8662 = VERTEX_POINT('',#8663);
#8663 = CARTESIAN_POINT('',(60.339920280811,-58.76089754527,24.5162));
#8664 = LINE('',#8665,#8666);
#8665 = CARTESIAN_POINT('',(60.893640396779,-58.08019242021,24.5162));
#8666 = VECTOR('',#8667,1.);
#8667 = DIRECTION('',(-0.631036800148,-0.775752896778,0.));
#8668 = ORIENTED_EDGE('',*,*,#8669,.F.);
#8669 = EDGE_CURVE('',#8670,#8662,#8672,.T.);
#8670 = VERTEX_POINT('',#8671);
#8671 = CARTESIAN_POINT('',(60.339920280811,-58.76089754527,23.3162));
#8672 = LINE('',#8673,#8674);
#8673 = CARTESIAN_POINT('',(60.339920280811,-58.76089754527,23.3162));
#8674 = VECTOR('',#8675,1.);
#8675 = DIRECTION('',(0.,0.,1.));
#8676 = ORIENTED_EDGE('',*,*,#8677,.F.);
#8677 = EDGE_CURVE('',#8639,#8670,#8678,.T.);
#8678 = LINE('',#8679,#8680);
#8679 = CARTESIAN_POINT('',(60.893640396779,-58.08019242021,23.3162));
#8680 = VECTOR('',#8681,1.);
#8681 = DIRECTION('',(-0.631036800148,-0.775752896778,0.));
#8682 = PLANE('',#8683);
#8683 = AXIS2_PLACEMENT_3D('',#8684,#8685,#8686);
#8684 = CARTESIAN_POINT('',(60.893640396779,-58.08019242021,23.3162));
#8685 = DIRECTION('',(0.775752896778,-0.631036800148,0.));
#8686 = DIRECTION('',(-0.631036800148,-0.775752896778,0.));
#8687 = ADVANCED_FACE('',(#8688),#8713,.T.);
#8688 = FACE_BOUND('',#8689,.T.);
#8689 = EDGE_LOOP('',(#8690,#8691,#8699,#8707));
#8690 = ORIENTED_EDGE('',*,*,#8669,.T.);
#8691 = ORIENTED_EDGE('',*,*,#8692,.T.);
#8692 = EDGE_CURVE('',#8662,#8693,#8695,.T.);
#8693 = VERTEX_POINT('',#8694);
#8694 = CARTESIAN_POINT('',(60.160707592492,-59.27612218426,24.5162));
#8695 = LINE('',#8696,#8697);
#8696 = CARTESIAN_POINT('',(60.339920280811,-58.76089754527,24.5162));
#8697 = VECTOR('',#8698,1.);
#8698 = DIRECTION('',(-0.328527359583,-0.944494454195,0.));
#8699 = ORIENTED_EDGE('',*,*,#8700,.F.);
#8700 = EDGE_CURVE('',#8701,#8693,#8703,.T.);
#8701 = VERTEX_POINT('',#8702);
#8702 = CARTESIAN_POINT('',(60.160707592492,-59.27612218426,23.3162));
#8703 = LINE('',#8704,#8705);
#8704 = CARTESIAN_POINT('',(60.160707592492,-59.27612218426,23.3162));
#8705 = VECTOR('',#8706,1.);
#8706 = DIRECTION('',(0.,0.,1.));
#8707 = ORIENTED_EDGE('',*,*,#8708,.F.);
#8708 = EDGE_CURVE('',#8670,#8701,#8709,.T.);
#8709 = LINE('',#8710,#8711);
#8710 = CARTESIAN_POINT('',(60.339920280811,-58.76089754527,23.3162));
#8711 = VECTOR('',#8712,1.);
#8712 = DIRECTION('',(-0.328527359583,-0.944494454195,0.));
#8713 = PLANE('',#8714);
#8714 = AXIS2_PLACEMENT_3D('',#8715,#8716,#8717);
#8715 = CARTESIAN_POINT('',(60.339920280811,-58.76089754527,23.3162));
#8716 = DIRECTION('',(0.944494454195,-0.328527359583,0.));
#8717 = DIRECTION('',(-0.328527359583,-0.944494454195,0.));
#8718 = ADVANCED_FACE('',(#8719),#8744,.T.);
#8719 = FACE_BOUND('',#8720,.T.);
#8720 = EDGE_LOOP('',(#8721,#8722,#8730,#8738));
#8721 = ORIENTED_EDGE('',*,*,#8700,.T.);
#8722 = ORIENTED_EDGE('',*,*,#8723,.T.);
#8723 = EDGE_CURVE('',#8693,#8724,#8726,.T.);
#8724 = VERTEX_POINT('',#8725);
#8725 = CARTESIAN_POINT('',(60.10176194652,-59.89566347889,24.5162));
#8726 = LINE('',#8727,#8728);
#8727 = CARTESIAN_POINT('',(60.160707592492,-59.27612218426,24.5162));
#8728 = VECTOR('',#8729,1.);
#8729 = DIRECTION('',(-9.471627638851E-02,-0.99550430787,0.));
#8730 = ORIENTED_EDGE('',*,*,#8731,.F.);
#8731 = EDGE_CURVE('',#8732,#8724,#8734,.T.);
#8732 = VERTEX_POINT('',#8733);
#8733 = CARTESIAN_POINT('',(60.10176194652,-59.89566347889,23.3162));
#8734 = LINE('',#8735,#8736);
#8735 = CARTESIAN_POINT('',(60.10176194652,-59.89566347889,23.3162));
#8736 = VECTOR('',#8737,1.);
#8737 = DIRECTION('',(0.,0.,1.));
#8738 = ORIENTED_EDGE('',*,*,#8739,.F.);
#8739 = EDGE_CURVE('',#8701,#8732,#8740,.T.);
#8740 = LINE('',#8741,#8742);
#8741 = CARTESIAN_POINT('',(60.160707592492,-59.27612218426,23.3162));
#8742 = VECTOR('',#8743,1.);
#8743 = DIRECTION('',(-9.471627638851E-02,-0.99550430787,0.));
#8744 = PLANE('',#8745);
#8745 = AXIS2_PLACEMENT_3D('',#8746,#8747,#8748);
#8746 = CARTESIAN_POINT('',(60.160707592492,-59.27612218426,23.3162));
#8747 = DIRECTION('',(0.99550430787,-9.471627638851E-02,0.));
#8748 = DIRECTION('',(-9.471627638851E-02,-0.99550430787,0.));
#8749 = ADVANCED_FACE('',(#8750),#8775,.T.);
#8750 = FACE_BOUND('',#8751,.T.);
#8751 = EDGE_LOOP('',(#8752,#8753,#8761,#8769));
#8752 = ORIENTED_EDGE('',*,*,#8731,.T.);
#8753 = ORIENTED_EDGE('',*,*,#8754,.T.);
#8754 = EDGE_CURVE('',#8724,#8755,#8757,.T.);
#8755 = VERTEX_POINT('',#8756);
#8756 = CARTESIAN_POINT('',(60.176112729329,-60.51828648311,24.5162));
#8757 = LINE('',#8758,#8759);
#8758 = CARTESIAN_POINT('',(60.10176194652,-59.89566347889,24.5162));
#8759 = VECTOR('',#8760,1.);
#8760 = DIRECTION('',(0.118572977301,-0.992945340416,0.));
#8761 = ORIENTED_EDGE('',*,*,#8762,.F.);
#8762 = EDGE_CURVE('',#8763,#8755,#8765,.T.);
#8763 = VERTEX_POINT('',#8764);
#8764 = CARTESIAN_POINT('',(60.176112729329,-60.51828648311,23.3162));
#8765 = LINE('',#8766,#8767);
#8766 = CARTESIAN_POINT('',(60.176112729329,-60.51828648311,23.3162));
#8767 = VECTOR('',#8768,1.);
#8768 = DIRECTION('',(0.,0.,1.));
#8769 = ORIENTED_EDGE('',*,*,#8770,.F.);
#8770 = EDGE_CURVE('',#8732,#8763,#8771,.T.);
#8771 = LINE('',#8772,#8773);
#8772 = CARTESIAN_POINT('',(60.10176194652,-59.89566347889,23.3162));
#8773 = VECTOR('',#8774,1.);
#8774 = DIRECTION('',(0.118572977301,-0.992945340416,0.));
#8775 = PLANE('',#8776);
#8776 = AXIS2_PLACEMENT_3D('',#8777,#8778,#8779);
#8777 = CARTESIAN_POINT('',(60.10176194652,-59.89566347889,23.3162));
#8778 = DIRECTION('',(0.992945340416,0.118572977301,-0.));
#8779 = DIRECTION('',(0.118572977301,-0.992945340416,0.));
#8780 = ADVANCED_FACE('',(#8781),#8806,.T.);
#8781 = FACE_BOUND('',#8782,.T.);
#8782 = EDGE_LOOP('',(#8783,#8784,#8792,#8800));
#8783 = ORIENTED_EDGE('',*,*,#8762,.T.);
#8784 = ORIENTED_EDGE('',*,*,#8785,.T.);
#8785 = EDGE_CURVE('',#8755,#8786,#8788,.T.);
#8786 = VERTEX_POINT('',#8787);
#8787 = CARTESIAN_POINT('',(60.390411553459,-61.06328612077,24.5162));
#8788 = LINE('',#8789,#8790);
#8789 = CARTESIAN_POINT('',(60.176112729329,-60.51828648311,24.5162));
#8790 = VECTOR('',#8791,1.);
#8791 = DIRECTION('',(0.365936117963,-0.930639972046,0.));
#8792 = ORIENTED_EDGE('',*,*,#8793,.F.);
#8793 = EDGE_CURVE('',#8794,#8786,#8796,.T.);
#8794 = VERTEX_POINT('',#8795);
#8795 = CARTESIAN_POINT('',(60.390411553459,-61.06328612077,23.3162));
#8796 = LINE('',#8797,#8798);
#8797 = CARTESIAN_POINT('',(60.390411553459,-61.06328612077,23.3162));
#8798 = VECTOR('',#8799,1.);
#8799 = DIRECTION('',(0.,0.,1.));
#8800 = ORIENTED_EDGE('',*,*,#8801,.F.);
#8801 = EDGE_CURVE('',#8763,#8794,#8802,.T.);
#8802 = LINE('',#8803,#8804);
#8803 = CARTESIAN_POINT('',(60.176112729329,-60.51828648311,23.3162));
#8804 = VECTOR('',#8805,1.);
#8805 = DIRECTION('',(0.365936117963,-0.930639972046,0.));
#8806 = PLANE('',#8807);
#8807 = AXIS2_PLACEMENT_3D('',#8808,#8809,#8810);
#8808 = CARTESIAN_POINT('',(60.176112729329,-60.51828648311,23.3162));
#8809 = DIRECTION('',(0.930639972046,0.365936117963,-0.));
#8810 = DIRECTION('',(0.365936117963,-0.930639972046,0.));
#8811 = ADVANCED_FACE('',(#8812),#8837,.T.);
#8812 = FACE_BOUND('',#8813,.T.);
#8813 = EDGE_LOOP('',(#8814,#8815,#8823,#8831));
#8814 = ORIENTED_EDGE('',*,*,#8793,.T.);
#8815 = ORIENTED_EDGE('',*,*,#8816,.T.);
#8816 = EDGE_CURVE('',#8786,#8817,#8819,.T.);
#8817 = VERTEX_POINT('',#8818);
#8818 = CARTESIAN_POINT('',(60.638004107553,-61.30746389249,24.5162));
#8819 = LINE('',#8820,#8821);
#8820 = CARTESIAN_POINT('',(60.390411553459,-61.06328612077,24.5162));
#8821 = VECTOR('',#8822,1.);
#8822 = DIRECTION('',(0.711999663839,-0.702179805102,0.));
#8823 = ORIENTED_EDGE('',*,*,#8824,.F.);
#8824 = EDGE_CURVE('',#8825,#8817,#8827,.T.);
#8825 = VERTEX_POINT('',#8826);
#8826 = CARTESIAN_POINT('',(60.638004107553,-61.30746389249,23.3162));
#8827 = LINE('',#8828,#8829);
#8828 = CARTESIAN_POINT('',(60.638004107553,-61.30746389249,23.3162));
#8829 = VECTOR('',#8830,1.);
#8830 = DIRECTION('',(0.,0.,1.));
#8831 = ORIENTED_EDGE('',*,*,#8832,.F.);
#8832 = EDGE_CURVE('',#8794,#8825,#8833,.T.);
#8833 = LINE('',#8834,#8835);
#8834 = CARTESIAN_POINT('',(60.390411553459,-61.06328612077,23.3162));
#8835 = VECTOR('',#8836,1.);
#8836 = DIRECTION('',(0.711999663839,-0.702179805102,0.));
#8837 = PLANE('',#8838);
#8838 = AXIS2_PLACEMENT_3D('',#8839,#8840,#8841);
#8839 = CARTESIAN_POINT('',(60.390411553459,-61.06328612077,23.3162));
#8840 = DIRECTION('',(0.702179805102,0.711999663839,-0.));
#8841 = DIRECTION('',(0.711999663839,-0.702179805102,0.));
#8842 = ADVANCED_FACE('',(#8843),#8868,.T.);
#8843 = FACE_BOUND('',#8844,.T.);
#8844 = EDGE_LOOP('',(#8845,#8846,#8854,#8862));
#8845 = ORIENTED_EDGE('',*,*,#8824,.T.);
#8846 = ORIENTED_EDGE('',*,*,#8847,.T.);
#8847 = EDGE_CURVE('',#8817,#8848,#8850,.T.);
#8848 = VERTEX_POINT('',#8849);
#8849 = CARTESIAN_POINT('',(60.986429248402,-61.37282050309,24.5162));
#8850 = LINE('',#8851,#8852);
#8851 = CARTESIAN_POINT('',(60.638004107553,-61.30746389249,24.5162));
#8852 = VECTOR('',#8853,1.);
#8853 = DIRECTION('',(0.982858441388,-0.184361829541,0.));
#8854 = ORIENTED_EDGE('',*,*,#8855,.F.);
#8855 = EDGE_CURVE('',#8856,#8848,#8858,.T.);
#8856 = VERTEX_POINT('',#8857);
#8857 = CARTESIAN_POINT('',(60.986429248402,-61.37282050309,23.3162));
#8858 = LINE('',#8859,#8860);
#8859 = CARTESIAN_POINT('',(60.986429248402,-61.37282050309,23.3162));
#8860 = VECTOR('',#8861,1.);
#8861 = DIRECTION('',(0.,0.,1.));
#8862 = ORIENTED_EDGE('',*,*,#8863,.F.);
#8863 = EDGE_CURVE('',#8825,#8856,#8864,.T.);
#8864 = LINE('',#8865,#8866);
#8865 = CARTESIAN_POINT('',(60.638004107553,-61.30746389249,23.3162));
#8866 = VECTOR('',#8867,1.);
#8867 = DIRECTION('',(0.982858441388,-0.184361829541,0.));
#8868 = PLANE('',#8869);
#8869 = AXIS2_PLACEMENT_3D('',#8870,#8871,#8872);
#8870 = CARTESIAN_POINT('',(60.638004107553,-61.30746389249,23.3162));
#8871 = DIRECTION('',(0.184361829541,0.982858441388,-0.));
#8872 = DIRECTION('',(0.982858441388,-0.184361829541,0.));
#8873 = ADVANCED_FACE('',(#8874),#8899,.T.);
#8874 = FACE_BOUND('',#8875,.T.);
#8875 = EDGE_LOOP('',(#8876,#8877,#8885,#8893));
#8876 = ORIENTED_EDGE('',*,*,#8855,.T.);
#8877 = ORIENTED_EDGE('',*,*,#8878,.T.);
#8878 = EDGE_CURVE('',#8848,#8879,#8881,.T.);
#8879 = VERTEX_POINT('',#8880);
#8880 = CARTESIAN_POINT('',(61.226447852128,-61.34786070505,24.5162));
#8881 = LINE('',#8882,#8883);
#8882 = CARTESIAN_POINT('',(60.986429248402,-61.37282050309,24.5162));
#8883 = VECTOR('',#8884,1.);
#8884 = DIRECTION('',(0.994636388986,0.103433329756,0.));
#8885 = ORIENTED_EDGE('',*,*,#8886,.F.);
#8886 = EDGE_CURVE('',#8887,#8879,#8889,.T.);
#8887 = VERTEX_POINT('',#8888);
#8888 = CARTESIAN_POINT('',(61.226447852128,-61.34786070505,23.3162));
#8889 = LINE('',#8890,#8891);
#8890 = CARTESIAN_POINT('',(61.226447852128,-61.34786070505,23.3162));
#8891 = VECTOR('',#8892,1.);
#8892 = DIRECTION('',(0.,0.,1.));
#8893 = ORIENTED_EDGE('',*,*,#8894,.F.);
#8894 = EDGE_CURVE('',#8856,#8887,#8895,.T.);
#8895 = LINE('',#8896,#8897);
#8896 = CARTESIAN_POINT('',(60.986429248402,-61.37282050309,23.3162));
#8897 = VECTOR('',#8898,1.);
#8898 = DIRECTION('',(0.994636388986,0.103433329756,0.));
#8899 = PLANE('',#8900);
#8900 = AXIS2_PLACEMENT_3D('',#8901,#8902,#8903);
#8901 = CARTESIAN_POINT('',(60.986429248402,-61.37282050309,23.3162));
#8902 = DIRECTION('',(-0.103433329756,0.994636388986,0.));
#8903 = DIRECTION('',(0.994636388986,0.103433329756,0.));
#8904 = ADVANCED_FACE('',(#8905),#8930,.T.);
#8905 = FACE_BOUND('',#8906,.T.);
#8906 = EDGE_LOOP('',(#8907,#8908,#8916,#8924));
#8907 = ORIENTED_EDGE('',*,*,#8886,.T.);
#8908 = ORIENTED_EDGE('',*,*,#8909,.T.);
#8909 = EDGE_CURVE('',#8879,#8910,#8912,.T.);
#8910 = VERTEX_POINT('',#8911);
#8911 = CARTESIAN_POINT('',(61.364802954571,-61.26729368451,24.5162));
#8912 = LINE('',#8913,#8914);
#8913 = CARTESIAN_POINT('',(61.226447852128,-61.34786070505,24.5162));
#8914 = VECTOR('',#8915,1.);
#8915 = DIRECTION('',(0.864159569691,0.503217883337,0.));
#8916 = ORIENTED_EDGE('',*,*,#8917,.F.);
#8917 = EDGE_CURVE('',#8918,#8910,#8920,.T.);
#8918 = VERTEX_POINT('',#8919);
#8919 = CARTESIAN_POINT('',(61.364802954571,-61.26729368451,23.3162));
#8920 = LINE('',#8921,#8922);
#8921 = CARTESIAN_POINT('',(61.364802954571,-61.26729368451,23.3162));
#8922 = VECTOR('',#8923,1.);
#8923 = DIRECTION('',(0.,0.,1.));
#8924 = ORIENTED_EDGE('',*,*,#8925,.F.);
#8925 = EDGE_CURVE('',#8887,#8918,#8926,.T.);
#8926 = LINE('',#8927,#8928);
#8927 = CARTESIAN_POINT('',(61.226447852128,-61.34786070505,23.3162));
#8928 = VECTOR('',#8929,1.);
#8929 = DIRECTION('',(0.864159569691,0.503217883337,0.));
#8930 = PLANE('',#8931);
#8931 = AXIS2_PLACEMENT_3D('',#8932,#8933,#8934);
#8932 = CARTESIAN_POINT('',(61.226447852128,-61.34786070505,23.3162));
#8933 = DIRECTION('',(-0.503217883337,0.864159569691,0.));
#8934 = DIRECTION('',(0.864159569691,0.503217883337,0.));
#8935 = ADVANCED_FACE('',(#8936),#8961,.T.);
#8936 = FACE_BOUND('',#8937,.T.);
#8937 = EDGE_LOOP('',(#8938,#8939,#8947,#8955));
#8938 = ORIENTED_EDGE('',*,*,#8917,.T.);
#8939 = ORIENTED_EDGE('',*,*,#8940,.T.);
#8940 = EDGE_CURVE('',#8910,#8941,#8943,.T.);
#8941 = VERTEX_POINT('',#8942);
#8942 = CARTESIAN_POINT('',(61.481849569604,-61.06387595985,24.5162));
#8943 = LINE('',#8944,#8945);
#8944 = CARTESIAN_POINT('',(61.364802954571,-61.26729368451,24.5162));
#8945 = VECTOR('',#8946,1.);
#8946 = DIRECTION('',(0.498731838039,0.866756340459,0.));
#8947 = ORIENTED_EDGE('',*,*,#8948,.F.);
#8948 = EDGE_CURVE('',#8949,#8941,#8951,.T.);
#8949 = VERTEX_POINT('',#8950);
#8950 = CARTESIAN_POINT('',(61.481849569604,-61.06387595985,23.3162));
#8951 = LINE('',#8952,#8953);
#8952 = CARTESIAN_POINT('',(61.481849569604,-61.06387595985,23.3162));
#8953 = VECTOR('',#8954,1.);
#8954 = DIRECTION('',(0.,0.,1.));
#8955 = ORIENTED_EDGE('',*,*,#8956,.F.);
#8956 = EDGE_CURVE('',#8918,#8949,#8957,.T.);
#8957 = LINE('',#8958,#8959);
#8958 = CARTESIAN_POINT('',(61.364802954571,-61.26729368451,23.3162));
#8959 = VECTOR('',#8960,1.);
#8960 = DIRECTION('',(0.498731838039,0.866756340459,0.));
#8961 = PLANE('',#8962);
#8962 = AXIS2_PLACEMENT_3D('',#8963,#8964,#8965);
#8963 = CARTESIAN_POINT('',(61.364802954571,-61.26729368451,23.3162));
#8964 = DIRECTION('',(-0.866756340459,0.498731838039,0.));
#8965 = DIRECTION('',(0.498731838039,0.866756340459,0.));
#8966 = ADVANCED_FACE('',(#8967),#8992,.T.);
#8967 = FACE_BOUND('',#8968,.T.);
#8968 = EDGE_LOOP('',(#8969,#8970,#8978,#8986));
#8969 = ORIENTED_EDGE('',*,*,#8948,.T.);
#8970 = ORIENTED_EDGE('',*,*,#8971,.T.);
#8971 = EDGE_CURVE('',#8941,#8972,#8974,.T.);
#8972 = VERTEX_POINT('',#8973);
#8973 = CARTESIAN_POINT('',(61.919548056403,-58.64140358968,24.5162));
#8974 = LINE('',#8975,#8976);
#8975 = CARTESIAN_POINT('',(61.481849569604,-61.06387595985,24.5162));
#8976 = VECTOR('',#8977,1.);
#8977 = DIRECTION('',(0.17780355523,0.984066001723,0.));
#8978 = ORIENTED_EDGE('',*,*,#8979,.F.);
#8979 = EDGE_CURVE('',#8980,#8972,#8982,.T.);
#8980 = VERTEX_POINT('',#8981);
#8981 = CARTESIAN_POINT('',(61.919548056403,-58.64140358968,23.3162));
#8982 = LINE('',#8983,#8984);
#8983 = CARTESIAN_POINT('',(61.919548056403,-58.64140358968,23.3162));
#8984 = VECTOR('',#8985,1.);
#8985 = DIRECTION('',(0.,0.,1.));
#8986 = ORIENTED_EDGE('',*,*,#8987,.F.);
#8987 = EDGE_CURVE('',#8949,#8980,#8988,.T.);
#8988 = LINE('',#8989,#8990);
#8989 = CARTESIAN_POINT('',(61.481849569604,-61.06387595985,23.3162));
#8990 = VECTOR('',#8991,1.);
#8991 = DIRECTION('',(0.17780355523,0.984066001723,0.));
#8992 = PLANE('',#8993);
#8993 = AXIS2_PLACEMENT_3D('',#8994,#8995,#8996);
#8994 = CARTESIAN_POINT('',(61.481849569604,-61.06387595985,23.3162));
#8995 = DIRECTION('',(-0.984066001723,0.17780355523,0.));
#8996 = DIRECTION('',(0.17780355523,0.984066001723,0.));
#8997 = ADVANCED_FACE('',(#8998),#9023,.T.);
#8998 = FACE_BOUND('',#8999,.T.);
#8999 = EDGE_LOOP('',(#9000,#9001,#9009,#9017));
#9000 = ORIENTED_EDGE('',*,*,#8979,.T.);
#9001 = ORIENTED_EDGE('',*,*,#9002,.T.);
#9002 = EDGE_CURVE('',#8972,#9003,#9005,.T.);
#9003 = VERTEX_POINT('',#9004);
#9004 = CARTESIAN_POINT('',(62.059566506392,-58.1875669886,24.5162));
#9005 = LINE('',#9006,#9007);
#9006 = CARTESIAN_POINT('',(61.919548056403,-58.64140358968,24.5162));
#9007 = VECTOR('',#9008,1.);
#9008 = DIRECTION('',(0.294809771843,0.955555963,0.));
#9009 = ORIENTED_EDGE('',*,*,#9010,.F.);
#9010 = EDGE_CURVE('',#9011,#9003,#9013,.T.);
#9011 = VERTEX_POINT('',#9012);
#9012 = CARTESIAN_POINT('',(62.059566506392,-58.1875669886,23.3162));
#9013 = LINE('',#9014,#9015);
#9014 = CARTESIAN_POINT('',(62.059566506392,-58.1875669886,23.3162));
#9015 = VECTOR('',#9016,1.);
#9016 = DIRECTION('',(0.,0.,1.));
#9017 = ORIENTED_EDGE('',*,*,#9018,.F.);
#9018 = EDGE_CURVE('',#8980,#9011,#9019,.T.);
#9019 = LINE('',#9020,#9021);
#9020 = CARTESIAN_POINT('',(61.919548056403,-58.64140358968,23.3162));
#9021 = VECTOR('',#9022,1.);
#9022 = DIRECTION('',(0.294809771843,0.955555963,0.));
#9023 = PLANE('',#9024);
#9024 = AXIS2_PLACEMENT_3D('',#9025,#9026,#9027);
#9025 = CARTESIAN_POINT('',(61.919548056403,-58.64140358968,23.3162));
#9026 = DIRECTION('',(-0.955555963,0.294809771843,0.));
#9027 = DIRECTION('',(0.294809771843,0.955555963,0.));
#9028 = ADVANCED_FACE('',(#9029),#9054,.T.);
#9029 = FACE_BOUND('',#9030,.T.);
#9030 = EDGE_LOOP('',(#9031,#9032,#9040,#9048));
#9031 = ORIENTED_EDGE('',*,*,#9010,.T.);
#9032 = ORIENTED_EDGE('',*,*,#9033,.T.);
#9033 = EDGE_CURVE('',#9003,#9034,#9036,.T.);
#9034 = VERTEX_POINT('',#9035);
#9035 = CARTESIAN_POINT('',(62.401833887893,-57.78042030561,24.5162));
#9036 = LINE('',#9037,#9038);
#9037 = CARTESIAN_POINT('',(62.059566506392,-58.1875669886,24.5162));
#9038 = VECTOR('',#9039,1.);
#9039 = DIRECTION('',(0.643483228527,0.765460210987,0.));
#9040 = ORIENTED_EDGE('',*,*,#9041,.F.);
#9041 = EDGE_CURVE('',#9042,#9034,#9044,.T.);
#9042 = VERTEX_POINT('',#9043);
#9043 = CARTESIAN_POINT('',(62.401833887893,-57.78042030561,23.3162));
#9044 = LINE('',#9045,#9046);
#9045 = CARTESIAN_POINT('',(62.401833887893,-57.78042030561,23.3162));
#9046 = VECTOR('',#9047,1.);
#9047 = DIRECTION('',(0.,0.,1.));
#9048 = ORIENTED_EDGE('',*,*,#9049,.F.);
#9049 = EDGE_CURVE('',#9011,#9042,#9050,.T.);
#9050 = LINE('',#9051,#9052);
#9051 = CARTESIAN_POINT('',(62.059566506392,-58.1875669886,23.3162));
#9052 = VECTOR('',#9053,1.);
#9053 = DIRECTION('',(0.643483228527,0.765460210987,0.));
#9054 = PLANE('',#9055);
#9055 = AXIS2_PLACEMENT_3D('',#9056,#9057,#9058);
#9056 = CARTESIAN_POINT('',(62.059566506392,-58.1875669886,23.3162));
#9057 = DIRECTION('',(-0.765460210987,0.643483228527,0.));
#9058 = DIRECTION('',(0.643483228527,0.765460210987,0.));
#9059 = ADVANCED_FACE('',(#9060),#9085,.T.);
#9060 = FACE_BOUND('',#9061,.T.);
#9061 = EDGE_LOOP('',(#9062,#9063,#9071,#9079));
#9062 = ORIENTED_EDGE('',*,*,#9041,.T.);
#9063 = ORIENTED_EDGE('',*,*,#9064,.T.);
#9064 = EDGE_CURVE('',#9034,#9065,#9067,.T.);
#9065 = VERTEX_POINT('',#9066);
#9066 = CARTESIAN_POINT('',(62.953981799074,-57.55863535635,24.5162));
#9067 = LINE('',#9068,#9069);
#9068 = CARTESIAN_POINT('',(62.401833887893,-57.78042030561,24.5162));
#9069 = VECTOR('',#9070,1.);
#9070 = DIRECTION('',(0.927939214174,0.37273155863,0.));
#9071 = ORIENTED_EDGE('',*,*,#9072,.F.);
#9072 = EDGE_CURVE('',#9073,#9065,#9075,.T.);
#9073 = VERTEX_POINT('',#9074);
#9074 = CARTESIAN_POINT('',(62.953981799074,-57.55863535635,23.3162));
#9075 = LINE('',#9076,#9077);
#9076 = CARTESIAN_POINT('',(62.953981799074,-57.55863535635,23.3162));
#9077 = VECTOR('',#9078,1.);
#9078 = DIRECTION('',(0.,0.,1.));
#9079 = ORIENTED_EDGE('',*,*,#9080,.F.);
#9080 = EDGE_CURVE('',#9042,#9073,#9081,.T.);
#9081 = LINE('',#9082,#9083);
#9082 = CARTESIAN_POINT('',(62.401833887893,-57.78042030561,23.3162));
#9083 = VECTOR('',#9084,1.);
#9084 = DIRECTION('',(0.927939214174,0.37273155863,0.));
#9085 = PLANE('',#9086);
#9086 = AXIS2_PLACEMENT_3D('',#9087,#9088,#9089);
#9087 = CARTESIAN_POINT('',(62.401833887893,-57.78042030561,23.3162));
#9088 = DIRECTION('',(-0.37273155863,0.927939214174,0.));
#9089 = DIRECTION('',(0.927939214174,0.37273155863,0.));
#9090 = ADVANCED_FACE('',(#9091),#9116,.T.);
#9091 = FACE_BOUND('',#9092,.T.);
#9092 = EDGE_LOOP('',(#9093,#9094,#9102,#9110));
#9093 = ORIENTED_EDGE('',*,*,#9072,.T.);
#9094 = ORIENTED_EDGE('',*,*,#9095,.T.);
#9095 = EDGE_CURVE('',#9065,#9096,#9098,.T.);
#9096 = VERTEX_POINT('',#9097);
#9097 = CARTESIAN_POINT('',(63.512546858197,-57.58174160001,24.5162));
#9098 = LINE('',#9099,#9100);
#9099 = CARTESIAN_POINT('',(62.953981799074,-57.55863535635,24.5162));
#9100 = VECTOR('',#9101,1.);
#9101 = DIRECTION('',(0.999145476085,-4.13317991236E-02,0.));
#9102 = ORIENTED_EDGE('',*,*,#9103,.F.);
#9103 = EDGE_CURVE('',#9104,#9096,#9106,.T.);
#9104 = VERTEX_POINT('',#9105);
#9105 = CARTESIAN_POINT('',(63.512546858197,-57.58174160001,23.3162));
#9106 = LINE('',#9107,#9108);
#9107 = CARTESIAN_POINT('',(63.512546858197,-57.58174160001,23.3162));
#9108 = VECTOR('',#9109,1.);
#9109 = DIRECTION('',(0.,0.,1.));
#9110 = ORIENTED_EDGE('',*,*,#9111,.F.);
#9111 = EDGE_CURVE('',#9073,#9104,#9112,.T.);
#9112 = LINE('',#9113,#9114);
#9113 = CARTESIAN_POINT('',(62.953981799074,-57.55863535635,23.3162));
#9114 = VECTOR('',#9115,1.);
#9115 = DIRECTION('',(0.999145476085,-4.13317991236E-02,0.));
#9116 = PLANE('',#9117);
#9117 = AXIS2_PLACEMENT_3D('',#9118,#9119,#9120);
#9118 = CARTESIAN_POINT('',(62.953981799074,-57.55863535635,23.3162));
#9119 = DIRECTION('',(4.13317991236E-02,0.999145476085,-0.));
#9120 = DIRECTION('',(0.999145476085,-4.13317991236E-02,0.));
#9121 = ADVANCED_FACE('',(#9122),#9147,.T.);
#9122 = FACE_BOUND('',#9123,.T.);
#9123 = EDGE_LOOP('',(#9124,#9125,#9133,#9141));
#9124 = ORIENTED_EDGE('',*,*,#9103,.T.);
#9125 = ORIENTED_EDGE('',*,*,#9126,.T.);
#9126 = EDGE_CURVE('',#9096,#9127,#9129,.T.);
#9127 = VERTEX_POINT('',#9128);
#9128 = CARTESIAN_POINT('',(64.0490529798,-57.82424636495,24.5162));
#9129 = LINE('',#9130,#9131);
#9130 = CARTESIAN_POINT('',(63.512546858197,-57.58174160001,24.5162));
#9131 = VECTOR('',#9132,1.);
#9132 = DIRECTION('',(0.911235689336,-0.411885322003,0.));
#9133 = ORIENTED_EDGE('',*,*,#9134,.F.);
#9134 = EDGE_CURVE('',#9135,#9127,#9137,.T.);
#9135 = VERTEX_POINT('',#9136);
#9136 = CARTESIAN_POINT('',(64.0490529798,-57.82424636495,23.3162));
#9137 = LINE('',#9138,#9139);
#9138 = CARTESIAN_POINT('',(64.0490529798,-57.82424636495,23.3162));
#9139 = VECTOR('',#9140,1.);
#9140 = DIRECTION('',(0.,0.,1.));
#9141 = ORIENTED_EDGE('',*,*,#9142,.F.);
#9142 = EDGE_CURVE('',#9104,#9135,#9143,.T.);
#9143 = LINE('',#9144,#9145);
#9144 = CARTESIAN_POINT('',(63.512546858197,-57.58174160001,23.3162));
#9145 = VECTOR('',#9146,1.);
#9146 = DIRECTION('',(0.911235689336,-0.411885322003,0.));
#9147 = PLANE('',#9148);
#9148 = AXIS2_PLACEMENT_3D('',#9149,#9150,#9151);
#9149 = CARTESIAN_POINT('',(63.512546858197,-57.58174160001,23.3162));
#9150 = DIRECTION('',(0.411885322003,0.911235689336,-0.));
#9151 = DIRECTION('',(0.911235689336,-0.411885322003,0.));
#9152 = ADVANCED_FACE('',(#9153),#9178,.T.);
#9153 = FACE_BOUND('',#9154,.T.);
#9154 = EDGE_LOOP('',(#9155,#9156,#9164,#9172));
#9155 = ORIENTED_EDGE('',*,*,#9134,.T.);
#9156 = ORIENTED_EDGE('',*,*,#9157,.T.);
#9157 = EDGE_CURVE('',#9127,#9158,#9160,.T.);
#9158 = VERTEX_POINT('',#9159);
#9159 = CARTESIAN_POINT('',(64.339752374316,-58.10748788472,24.5162));
#9160 = LINE('',#9161,#9162);
#9161 = CARTESIAN_POINT('',(64.0490529798,-57.82424636495,24.5162));
#9162 = VECTOR('',#9163,1.);
#9163 = DIRECTION('',(0.716234568469,-0.697859615489,0.));
#9164 = ORIENTED_EDGE('',*,*,#9165,.F.);
#9165 = EDGE_CURVE('',#9166,#9158,#9168,.T.);
#9166 = VERTEX_POINT('',#9167);
#9167 = CARTESIAN_POINT('',(64.339752374316,-58.10748788472,23.3162));
#9168 = LINE('',#9169,#9170);
#9169 = CARTESIAN_POINT('',(64.339752374316,-58.10748788472,23.3162));
#9170 = VECTOR('',#9171,1.);
#9171 = DIRECTION('',(0.,0.,1.));
#9172 = ORIENTED_EDGE('',*,*,#9173,.F.);
#9173 = EDGE_CURVE('',#9135,#9166,#9174,.T.);
#9174 = LINE('',#9175,#9176);
#9175 = CARTESIAN_POINT('',(64.0490529798,-57.82424636495,23.3162));
#9176 = VECTOR('',#9177,1.);
#9177 = DIRECTION('',(0.716234568469,-0.697859615489,0.));
#9178 = PLANE('',#9179);
#9179 = AXIS2_PLACEMENT_3D('',#9180,#9181,#9182);
#9180 = CARTESIAN_POINT('',(64.0490529798,-57.82424636495,23.3162));
#9181 = DIRECTION('',(0.697859615489,0.716234568469,-0.));
#9182 = DIRECTION('',(0.716234568469,-0.697859615489,0.));
#9183 = ADVANCED_FACE('',(#9184),#9209,.T.);
#9184 = FACE_BOUND('',#9185,.T.);
#9185 = EDGE_LOOP('',(#9186,#9187,#9195,#9203));
#9186 = ORIENTED_EDGE('',*,*,#9165,.T.);
#9187 = ORIENTED_EDGE('',*,*,#9188,.T.);
#9188 = EDGE_CURVE('',#9158,#9189,#9191,.T.);
#9189 = VERTEX_POINT('',#9190);
#9190 = CARTESIAN_POINT('',(64.57862717145,-58.63243581478,24.5162));
#9191 = LINE('',#9192,#9193);
#9192 = CARTESIAN_POINT('',(64.339752374316,-58.10748788472,24.5162));
#9193 = VECTOR('',#9194,1.);
#9194 = DIRECTION('',(0.414179543806,-0.910195201862,0.));
#9195 = ORIENTED_EDGE('',*,*,#9196,.F.);
#9196 = EDGE_CURVE('',#9197,#9189,#9199,.T.);
#9197 = VERTEX_POINT('',#9198);
#9198 = CARTESIAN_POINT('',(64.57862717145,-58.63243581478,23.3162));
#9199 = LINE('',#9200,#9201);
#9200 = CARTESIAN_POINT('',(64.57862717145,-58.63243581478,23.3162));
#9201 = VECTOR('',#9202,1.);
#9202 = DIRECTION('',(0.,0.,1.));
#9203 = ORIENTED_EDGE('',*,*,#9204,.F.);
#9204 = EDGE_CURVE('',#9166,#9197,#9205,.T.);
#9205 = LINE('',#9206,#9207);
#9206 = CARTESIAN_POINT('',(64.339752374316,-58.10748788472,23.3162));
#9207 = VECTOR('',#9208,1.);
#9208 = DIRECTION('',(0.414179543806,-0.910195201862,0.));
#9209 = PLANE('',#9210);
#9210 = AXIS2_PLACEMENT_3D('',#9211,#9212,#9213);
#9211 = CARTESIAN_POINT('',(64.339752374316,-58.10748788472,23.3162));
#9212 = DIRECTION('',(0.910195201862,0.414179543806,-0.));
#9213 = DIRECTION('',(0.414179543806,-0.910195201862,0.));
#9214 = ADVANCED_FACE('',(#9215),#9240,.T.);
#9215 = FACE_BOUND('',#9216,.T.);
#9216 = EDGE_LOOP('',(#9217,#9218,#9226,#9234));
#9217 = ORIENTED_EDGE('',*,*,#9196,.T.);
#9218 = ORIENTED_EDGE('',*,*,#9219,.T.);
#9219 = EDGE_CURVE('',#9189,#9220,#9222,.T.);
#9220 = VERTEX_POINT('',#9221);
#9221 = CARTESIAN_POINT('',(64.706063918313,-59.27734322845,24.5162));
#9222 = LINE('',#9223,#9224);
#9223 = CARTESIAN_POINT('',(64.57862717145,-58.63243581478,24.5162));
#9224 = VECTOR('',#9225,1.);
#9225 = DIRECTION('',(0.193856148586,-0.981029965728,0.));
#9226 = ORIENTED_EDGE('',*,*,#9227,.F.);
#9227 = EDGE_CURVE('',#9228,#9220,#9230,.T.);
#9228 = VERTEX_POINT('',#9229);
#9229 = CARTESIAN_POINT('',(64.706063918313,-59.27734322845,23.3162));
#9230 = LINE('',#9231,#9232);
#9231 = CARTESIAN_POINT('',(64.706063918313,-59.27734322845,23.3162));
#9232 = VECTOR('',#9233,1.);
#9233 = DIRECTION('',(0.,0.,1.));
#9234 = ORIENTED_EDGE('',*,*,#9235,.F.);
#9235 = EDGE_CURVE('',#9197,#9228,#9236,.T.);
#9236 = LINE('',#9237,#9238);
#9237 = CARTESIAN_POINT('',(64.57862717145,-58.63243581478,23.3162));
#9238 = VECTOR('',#9239,1.);
#9239 = DIRECTION('',(0.193856148586,-0.981029965728,0.));
#9240 = PLANE('',#9241);
#9241 = AXIS2_PLACEMENT_3D('',#9242,#9243,#9244);
#9242 = CARTESIAN_POINT('',(64.57862717145,-58.63243581478,23.3162));
#9243 = DIRECTION('',(0.981029965728,0.193856148586,-0.));
#9244 = DIRECTION('',(0.193856148586,-0.981029965728,0.));
#9245 = ADVANCED_FACE('',(#9246),#9271,.T.);
#9246 = FACE_BOUND('',#9247,.T.);
#9247 = EDGE_LOOP('',(#9248,#9249,#9257,#9265));
#9248 = ORIENTED_EDGE('',*,*,#9227,.T.);
#9249 = ORIENTED_EDGE('',*,*,#9250,.T.);
#9250 = EDGE_CURVE('',#9220,#9251,#9253,.T.);
#9251 = VERTEX_POINT('',#9252);
#9252 = CARTESIAN_POINT('',(64.751243174548,-59.99836051208,24.5162));
#9253 = LINE('',#9254,#9255);
#9254 = CARTESIAN_POINT('',(64.706063918313,-59.27734322845,24.5162));
#9255 = VECTOR('',#9256,1.);
#9256 = DIRECTION('',(6.253778273187E-02,-0.998042597153,0.));
#9257 = ORIENTED_EDGE('',*,*,#9258,.F.);
#9258 = EDGE_CURVE('',#9259,#9251,#9261,.T.);
#9259 = VERTEX_POINT('',#9260);
#9260 = CARTESIAN_POINT('',(64.751243174548,-59.99836051208,23.3162));
#9261 = LINE('',#9262,#9263);
#9262 = CARTESIAN_POINT('',(64.751243174548,-59.99836051208,23.3162));
#9263 = VECTOR('',#9264,1.);
#9264 = DIRECTION('',(0.,0.,1.));
#9265 = ORIENTED_EDGE('',*,*,#9266,.F.);
#9266 = EDGE_CURVE('',#9228,#9259,#9267,.T.);
#9267 = LINE('',#9268,#9269);
#9268 = CARTESIAN_POINT('',(64.706063918313,-59.27734322845,23.3162));
#9269 = VECTOR('',#9270,1.);
#9270 = DIRECTION('',(6.253778273187E-02,-0.998042597153,0.));
#9271 = PLANE('',#9272);
#9272 = AXIS2_PLACEMENT_3D('',#9273,#9274,#9275);
#9273 = CARTESIAN_POINT('',(64.706063918313,-59.27734322845,23.3162));
#9274 = DIRECTION('',(0.998042597153,6.253778273187E-02,-0.));
#9275 = DIRECTION('',(6.253778273187E-02,-0.998042597153,0.));
#9276 = ADVANCED_FACE('',(#9277),#9302,.T.);
#9277 = FACE_BOUND('',#9278,.T.);
#9278 = EDGE_LOOP('',(#9279,#9280,#9288,#9296));
#9279 = ORIENTED_EDGE('',*,*,#9258,.T.);
#9280 = ORIENTED_EDGE('',*,*,#9281,.T.);
#9281 = EDGE_CURVE('',#9251,#9282,#9284,.T.);
#9282 = VERTEX_POINT('',#9283);
#9283 = CARTESIAN_POINT('',(64.709447443149,-60.68553073042,24.5162));
#9284 = LINE('',#9285,#9286);
#9285 = CARTESIAN_POINT('',(64.751243174548,-59.99836051208,24.5162));
#9286 = VECTOR('',#9287,1.);
#9287 = DIRECTION('',(-6.071077277433E-02,-0.99815539976,0.));
#9288 = ORIENTED_EDGE('',*,*,#9289,.F.);
#9289 = EDGE_CURVE('',#9290,#9282,#9292,.T.);
#9290 = VERTEX_POINT('',#9291);
#9291 = CARTESIAN_POINT('',(64.709447443149,-60.68553073042,23.3162));
#9292 = LINE('',#9293,#9294);
#9293 = CARTESIAN_POINT('',(64.709447443149,-60.68553073042,23.3162));
#9294 = VECTOR('',#9295,1.);
#9295 = DIRECTION('',(0.,0.,1.));
#9296 = ORIENTED_EDGE('',*,*,#9297,.F.);
#9297 = EDGE_CURVE('',#9259,#9290,#9298,.T.);
#9298 = LINE('',#9299,#9300);
#9299 = CARTESIAN_POINT('',(64.751243174548,-59.99836051208,23.3162));
#9300 = VECTOR('',#9301,1.);
#9301 = DIRECTION('',(-6.071077277433E-02,-0.99815539976,0.));
#9302 = PLANE('',#9303);
#9303 = AXIS2_PLACEMENT_3D('',#9304,#9305,#9306);
#9304 = CARTESIAN_POINT('',(64.751243174548,-59.99836051208,23.3162));
#9305 = DIRECTION('',(0.99815539976,-6.071077277433E-02,0.));
#9306 = DIRECTION('',(-6.071077277433E-02,-0.99815539976,0.));
#9307 = ADVANCED_FACE('',(#9308),#9333,.T.);
#9308 = FACE_BOUND('',#9309,.T.);
#9309 = EDGE_LOOP('',(#9310,#9311,#9319,#9327));
#9310 = ORIENTED_EDGE('',*,*,#9289,.T.);
#9311 = ORIENTED_EDGE('',*,*,#9312,.T.);
#9312 = EDGE_CURVE('',#9282,#9313,#9315,.T.);
#9313 = VERTEX_POINT('',#9314);
#9314 = CARTESIAN_POINT('',(64.570191469771,-61.25708411613,24.5162));
#9315 = LINE('',#9316,#9317);
#9316 = CARTESIAN_POINT('',(64.709447443149,-60.68553073042,24.5162));
#9317 = VECTOR('',#9318,1.);
#9318 = DIRECTION('',(-0.236719852288,-0.971577949283,0.));
#9319 = ORIENTED_EDGE('',*,*,#9320,.F.);
#9320 = EDGE_CURVE('',#9321,#9313,#9323,.T.);
#9321 = VERTEX_POINT('',#9322);
#9322 = CARTESIAN_POINT('',(64.570191469771,-61.25708411613,23.3162));
#9323 = LINE('',#9324,#9325);
#9324 = CARTESIAN_POINT('',(64.570191469771,-61.25708411613,23.3162));
#9325 = VECTOR('',#9326,1.);
#9326 = DIRECTION('',(0.,0.,1.));
#9327 = ORIENTED_EDGE('',*,*,#9328,.F.);
#9328 = EDGE_CURVE('',#9290,#9321,#9329,.T.);
#9329 = LINE('',#9330,#9331);
#9330 = CARTESIAN_POINT('',(64.709447443149,-60.68553073042,23.3162));
#9331 = VECTOR('',#9332,1.);
#9332 = DIRECTION('',(-0.236719852288,-0.971577949283,0.));
#9333 = PLANE('',#9334);
#9334 = AXIS2_PLACEMENT_3D('',#9335,#9336,#9337);
#9335 = CARTESIAN_POINT('',(64.709447443149,-60.68553073042,23.3162));
#9336 = DIRECTION('',(0.971577949283,-0.236719852288,0.));
#9337 = DIRECTION('',(-0.236719852288,-0.971577949283,0.));
#9338 = ADVANCED_FACE('',(#9339),#9364,.T.);
#9339 = FACE_BOUND('',#9340,.T.);
#9340 = EDGE_LOOP('',(#9341,#9342,#9350,#9358));
#9341 = ORIENTED_EDGE('',*,*,#9320,.T.);
#9342 = ORIENTED_EDGE('',*,*,#9343,.T.);
#9343 = EDGE_CURVE('',#9313,#9344,#9346,.T.);
#9344 = VERTEX_POINT('',#9345);
#9345 = CARTESIAN_POINT('',(64.169560003882,-61.85076774108,24.5162));
#9346 = LINE('',#9347,#9348);
#9347 = CARTESIAN_POINT('',(64.570191469771,-61.25708411613,24.5162));
#9348 = VECTOR('',#9349,1.);
#9349 = DIRECTION('',(-0.559372153813,-0.828916638474,0.));
#9350 = ORIENTED_EDGE('',*,*,#9351,.F.);
#9351 = EDGE_CURVE('',#9352,#9344,#9354,.T.);
#9352 = VERTEX_POINT('',#9353);
#9353 = CARTESIAN_POINT('',(64.169560003882,-61.85076774108,23.3162));
#9354 = LINE('',#9355,#9356);
#9355 = CARTESIAN_POINT('',(64.169560003882,-61.85076774108,23.3162));
#9356 = VECTOR('',#9357,1.);
#9357 = DIRECTION('',(0.,0.,1.));
#9358 = ORIENTED_EDGE('',*,*,#9359,.F.);
#9359 = EDGE_CURVE('',#9321,#9352,#9360,.T.);
#9360 = LINE('',#9361,#9362);
#9361 = CARTESIAN_POINT('',(64.570191469771,-61.25708411613,23.3162));
#9362 = VECTOR('',#9363,1.);
#9363 = DIRECTION('',(-0.559372153813,-0.828916638474,0.));
#9364 = PLANE('',#9365);
#9365 = AXIS2_PLACEMENT_3D('',#9366,#9367,#9368);
#9366 = CARTESIAN_POINT('',(64.570191469771,-61.25708411613,23.3162));
#9367 = DIRECTION('',(0.828916638474,-0.559372153813,0.));
#9368 = DIRECTION('',(-0.559372153813,-0.828916638474,0.));
#9369 = ADVANCED_FACE('',(#9370),#9395,.T.);
#9370 = FACE_BOUND('',#9371,.T.);
#9371 = EDGE_LOOP('',(#9372,#9373,#9381,#9389));
#9372 = ORIENTED_EDGE('',*,*,#9351,.T.);
#9373 = ORIENTED_EDGE('',*,*,#9374,.T.);
#9374 = EDGE_CURVE('',#9344,#9375,#9377,.T.);
#9375 = VERTEX_POINT('',#9376);
#9376 = CARTESIAN_POINT('',(63.716896344001,-62.14622504046,24.5162));
#9377 = LINE('',#9378,#9379);
#9378 = CARTESIAN_POINT('',(64.169560003882,-61.85076774108,24.5162));
#9379 = VECTOR('',#9380,1.);
#9380 = DIRECTION('',(-0.837405804778,-0.546581666473,0.));
#9381 = ORIENTED_EDGE('',*,*,#9382,.F.);
#9382 = EDGE_CURVE('',#9383,#9375,#9385,.T.);
#9383 = VERTEX_POINT('',#9384);
#9384 = CARTESIAN_POINT('',(63.716896344001,-62.14622504046,23.3162));
#9385 = LINE('',#9386,#9387);
#9386 = CARTESIAN_POINT('',(63.716896344001,-62.14622504046,23.3162));
#9387 = VECTOR('',#9388,1.);
#9388 = DIRECTION('',(0.,0.,1.));
#9389 = ORIENTED_EDGE('',*,*,#9390,.F.);
#9390 = EDGE_CURVE('',#9352,#9383,#9391,.T.);
#9391 = LINE('',#9392,#9393);
#9392 = CARTESIAN_POINT('',(64.169560003882,-61.85076774108,23.3162));
#9393 = VECTOR('',#9394,1.);
#9394 = DIRECTION('',(-0.837405804778,-0.546581666473,0.));
#9395 = PLANE('',#9396);
#9396 = AXIS2_PLACEMENT_3D('',#9397,#9398,#9399);
#9397 = CARTESIAN_POINT('',(64.169560003882,-61.85076774108,23.3162));
#9398 = DIRECTION('',(0.546581666473,-0.837405804778,0.));
#9399 = DIRECTION('',(-0.837405804778,-0.546581666473,0.));
#9400 = ADVANCED_FACE('',(#9401),#9426,.T.);
#9401 = FACE_BOUND('',#9402,.T.);
#9402 = EDGE_LOOP('',(#9403,#9404,#9412,#9420));
#9403 = ORIENTED_EDGE('',*,*,#9382,.T.);
#9404 = ORIENTED_EDGE('',*,*,#9405,.T.);
#9405 = EDGE_CURVE('',#9375,#9406,#9408,.T.);
#9406 = VERTEX_POINT('',#9407);
#9407 = CARTESIAN_POINT('',(63.402333869508,-62.21218217936,24.5162));
#9408 = LINE('',#9409,#9410);
#9409 = CARTESIAN_POINT('',(63.716896344001,-62.14622504046,24.5162));
#9410 = VECTOR('',#9411,1.);
#9411 = DIRECTION('',(-0.978716642885,-0.205216307684,0.));
#9412 = ORIENTED_EDGE('',*,*,#9413,.F.);
#9413 = EDGE_CURVE('',#9414,#9406,#9416,.T.);
#9414 = VERTEX_POINT('',#9415);
#9415 = CARTESIAN_POINT('',(63.402333869508,-62.21218217936,23.3162));
#9416 = LINE('',#9417,#9418);
#9417 = CARTESIAN_POINT('',(63.402333869508,-62.21218217936,23.3162));
#9418 = VECTOR('',#9419,1.);
#9419 = DIRECTION('',(0.,0.,1.));
#9420 = ORIENTED_EDGE('',*,*,#9421,.F.);
#9421 = EDGE_CURVE('',#9383,#9414,#9422,.T.);
#9422 = LINE('',#9423,#9424);
#9423 = CARTESIAN_POINT('',(63.716896344001,-62.14622504046,23.3162));
#9424 = VECTOR('',#9425,1.);
#9425 = DIRECTION('',(-0.978716642885,-0.205216307684,0.));
#9426 = PLANE('',#9427);
#9427 = AXIS2_PLACEMENT_3D('',#9428,#9429,#9430);
#9428 = CARTESIAN_POINT('',(63.716896344001,-62.14622504046,23.3162));
#9429 = DIRECTION('',(0.205216307684,-0.978716642885,0.));
#9430 = DIRECTION('',(-0.978716642885,-0.205216307684,0.));
#9431 = ADVANCED_FACE('',(#9432),#9457,.T.);
#9432 = FACE_BOUND('',#9433,.T.);
#9433 = EDGE_LOOP('',(#9434,#9435,#9443,#9451));
#9434 = ORIENTED_EDGE('',*,*,#9413,.T.);
#9435 = ORIENTED_EDGE('',*,*,#9436,.T.);
#9436 = EDGE_CURVE('',#9406,#9437,#9439,.T.);
#9437 = VERTEX_POINT('',#9438);
#9438 = CARTESIAN_POINT('',(63.237903028579,-62.16835840003,24.5162));
#9439 = LINE('',#9440,#9441);
#9440 = CARTESIAN_POINT('',(63.402333869508,-62.21218217936,24.5162));
#9441 = VECTOR('',#9442,1.);
#9442 = DIRECTION('',(-0.966270693661,0.257528535453,0.));
#9443 = ORIENTED_EDGE('',*,*,#9444,.F.);
#9444 = EDGE_CURVE('',#9445,#9437,#9447,.T.);
#9445 = VERTEX_POINT('',#9446);
#9446 = CARTESIAN_POINT('',(63.237903028579,-62.16835840003,23.3162));
#9447 = LINE('',#9448,#9449);
#9448 = CARTESIAN_POINT('',(63.237903028579,-62.16835840003,23.3162));
#9449 = VECTOR('',#9450,1.);
#9450 = DIRECTION('',(0.,0.,1.));
#9451 = ORIENTED_EDGE('',*,*,#9452,.F.);
#9452 = EDGE_CURVE('',#9414,#9445,#9453,.T.);
#9453 = LINE('',#9454,#9455);
#9454 = CARTESIAN_POINT('',(63.402333869508,-62.21218217936,23.3162));
#9455 = VECTOR('',#9456,1.);
#9456 = DIRECTION('',(-0.966270693661,0.257528535453,0.));
#9457 = PLANE('',#9458);
#9458 = AXIS2_PLACEMENT_3D('',#9459,#9460,#9461);
#9459 = CARTESIAN_POINT('',(63.402333869508,-62.21218217936,23.3162));
#9460 = DIRECTION('',(-0.257528535453,-0.966270693661,0.));
#9461 = DIRECTION('',(-0.966270693661,0.257528535453,0.));
#9462 = ADVANCED_FACE('',(#9463),#9488,.T.);
#9463 = FACE_BOUND('',#9464,.T.);
#9464 = EDGE_LOOP('',(#9465,#9466,#9474,#9482));
#9465 = ORIENTED_EDGE('',*,*,#9444,.T.);
#9466 = ORIENTED_EDGE('',*,*,#9467,.T.);
#9467 = EDGE_CURVE('',#9437,#9468,#9470,.T.);
#9468 = VERTEX_POINT('',#9469);
#9469 = CARTESIAN_POINT('',(63.142835339948,-61.99214187951,24.5162));
#9470 = LINE('',#9471,#9472);
#9471 = CARTESIAN_POINT('',(63.237903028579,-62.16835840003,24.5162));
#9472 = VECTOR('',#9473,1.);
#9473 = DIRECTION('',(-0.474803832955,0.880091654438,0.));
#9474 = ORIENTED_EDGE('',*,*,#9475,.F.);
#9475 = EDGE_CURVE('',#9476,#9468,#9478,.T.);
#9476 = VERTEX_POINT('',#9477);
#9477 = CARTESIAN_POINT('',(63.142835339948,-61.99214187951,23.3162));
#9478 = LINE('',#9479,#9480);
#9479 = CARTESIAN_POINT('',(63.142835339948,-61.99214187951,23.3162));
#9480 = VECTOR('',#9481,1.);
#9481 = DIRECTION('',(0.,0.,1.));
#9482 = ORIENTED_EDGE('',*,*,#9483,.F.);
#9483 = EDGE_CURVE('',#9445,#9476,#9484,.T.);
#9484 = LINE('',#9485,#9486);
#9485 = CARTESIAN_POINT('',(63.237903028579,-62.16835840003,23.3162));
#9486 = VECTOR('',#9487,1.);
#9487 = DIRECTION('',(-0.474803832955,0.880091654438,0.));
#9488 = PLANE('',#9489);
#9489 = AXIS2_PLACEMENT_3D('',#9490,#9491,#9492);
#9490 = CARTESIAN_POINT('',(63.237903028579,-62.16835840003,23.3162));
#9491 = DIRECTION('',(-0.880091654438,-0.474803832955,0.));
#9492 = DIRECTION('',(-0.474803832955,0.880091654438,0.));
#9493 = ADVANCED_FACE('',(#9494),#9519,.T.);
#9494 = FACE_BOUND('',#9495,.T.);
#9495 = EDGE_LOOP('',(#9496,#9497,#9505,#9513));
#9496 = ORIENTED_EDGE('',*,*,#9475,.T.);
#9497 = ORIENTED_EDGE('',*,*,#9498,.T.);
#9498 = EDGE_CURVE('',#9468,#9499,#9501,.T.);
#9499 = VERTEX_POINT('',#9500);
#9500 = CARTESIAN_POINT('',(63.170139015787,-61.82260687598,24.5162));
#9501 = LINE('',#9502,#9503);
#9502 = CARTESIAN_POINT('',(63.142835339948,-61.99214187951,24.5162));
#9503 = VECTOR('',#9504,1.);
#9504 = DIRECTION('',(0.159001545581,0.987278333857,0.));
#9505 = ORIENTED_EDGE('',*,*,#9506,.F.);
#9506 = EDGE_CURVE('',#9507,#9499,#9509,.T.);
#9507 = VERTEX_POINT('',#9508);
#9508 = CARTESIAN_POINT('',(63.170139015787,-61.82260687598,23.3162));
#9509 = LINE('',#9510,#9511);
#9510 = CARTESIAN_POINT('',(63.170139015787,-61.82260687598,23.3162));
#9511 = VECTOR('',#9512,1.);
#9512 = DIRECTION('',(0.,0.,1.));
#9513 = ORIENTED_EDGE('',*,*,#9514,.F.);
#9514 = EDGE_CURVE('',#9476,#9507,#9515,.T.);
#9515 = LINE('',#9516,#9517);
#9516 = CARTESIAN_POINT('',(63.142835339948,-61.99214187951,23.3162));
#9517 = VECTOR('',#9518,1.);
#9518 = DIRECTION('',(0.159001545581,0.987278333857,0.));
#9519 = PLANE('',#9520);
#9520 = AXIS2_PLACEMENT_3D('',#9521,#9522,#9523);
#9521 = CARTESIAN_POINT('',(63.142835339948,-61.99214187951,23.3162));
#9522 = DIRECTION('',(-0.987278333857,0.159001545581,0.));
#9523 = DIRECTION('',(0.159001545581,0.987278333857,0.));
#9524 = ADVANCED_FACE('',(#9525),#9550,.T.);
#9525 = FACE_BOUND('',#9526,.T.);
#9526 = EDGE_LOOP('',(#9527,#9528,#9536,#9544));
#9527 = ORIENTED_EDGE('',*,*,#9506,.T.);
#9528 = ORIENTED_EDGE('',*,*,#9529,.T.);
#9529 = EDGE_CURVE('',#9499,#9530,#9532,.T.);
#9530 = VERTEX_POINT('',#9531);
#9531 = CARTESIAN_POINT('',(63.79082278187,-61.1591433145,24.5162));
#9532 = LINE('',#9533,#9534);
#9533 = CARTESIAN_POINT('',(63.170139015787,-61.82260687598,24.5162));
#9534 = VECTOR('',#9535,1.);
#9535 = DIRECTION('',(0.683171395545,0.730258066925,0.));
#9536 = ORIENTED_EDGE('',*,*,#9537,.F.);
#9537 = EDGE_CURVE('',#9538,#9530,#9540,.T.);
#9538 = VERTEX_POINT('',#9539);
#9539 = CARTESIAN_POINT('',(63.79082278187,-61.1591433145,23.3162));
#9540 = LINE('',#9541,#9542);
#9541 = CARTESIAN_POINT('',(63.79082278187,-61.1591433145,23.3162));
#9542 = VECTOR('',#9543,1.);
#9543 = DIRECTION('',(0.,0.,1.));
#9544 = ORIENTED_EDGE('',*,*,#9545,.F.);
#9545 = EDGE_CURVE('',#9507,#9538,#9546,.T.);
#9546 = LINE('',#9547,#9548);
#9547 = CARTESIAN_POINT('',(63.170139015787,-61.82260687598,23.3162));
#9548 = VECTOR('',#9549,1.);
#9549 = DIRECTION('',(0.683171395545,0.730258066925,0.));
#9550 = PLANE('',#9551);
#9551 = AXIS2_PLACEMENT_3D('',#9552,#9553,#9554);
#9552 = CARTESIAN_POINT('',(63.170139015787,-61.82260687598,23.3162));
#9553 = DIRECTION('',(-0.730258066925,0.683171395545,0.));
#9554 = DIRECTION('',(0.683171395545,0.730258066925,0.));
#9555 = ADVANCED_FACE('',(#9556),#9581,.T.);
#9556 = FACE_BOUND('',#9557,.T.);
#9557 = EDGE_LOOP('',(#9558,#9559,#9567,#9575));
#9558 = ORIENTED_EDGE('',*,*,#9537,.T.);
#9559 = ORIENTED_EDGE('',*,*,#9560,.T.);
#9560 = EDGE_CURVE('',#9530,#9561,#9563,.T.);
#9561 = VERTEX_POINT('',#9562);
#9562 = CARTESIAN_POINT('',(63.986284073654,-60.75308068938,24.5162));
#9563 = LINE('',#9564,#9565);
#9564 = CARTESIAN_POINT('',(63.79082278187,-61.1591433145,24.5162));
#9565 = VECTOR('',#9566,1.);
#9566 = DIRECTION('',(0.433724930651,0.901045328789,0.));
#9567 = ORIENTED_EDGE('',*,*,#9568,.F.);
#9568 = EDGE_CURVE('',#9569,#9561,#9571,.T.);
#9569 = VERTEX_POINT('',#9570);
#9570 = CARTESIAN_POINT('',(63.986284073654,-60.75308068938,23.3162));
#9571 = LINE('',#9572,#9573);
#9572 = CARTESIAN_POINT('',(63.986284073654,-60.75308068938,23.3162));
#9573 = VECTOR('',#9574,1.);
#9574 = DIRECTION('',(0.,0.,1.));
#9575 = ORIENTED_EDGE('',*,*,#9576,.F.);
#9576 = EDGE_CURVE('',#9538,#9569,#9577,.T.);
#9577 = LINE('',#9578,#9579);
#9578 = CARTESIAN_POINT('',(63.79082278187,-61.1591433145,23.3162));
#9579 = VECTOR('',#9580,1.);
#9580 = DIRECTION('',(0.433724930651,0.901045328789,0.));
#9581 = PLANE('',#9582);
#9582 = AXIS2_PLACEMENT_3D('',#9583,#9584,#9585);
#9583 = CARTESIAN_POINT('',(63.79082278187,-61.1591433145,23.3162));
#9584 = DIRECTION('',(-0.901045328789,0.433724930651,0.));
#9585 = DIRECTION('',(0.433724930651,0.901045328789,0.));
#9586 = ADVANCED_FACE('',(#9587),#9612,.T.);
#9587 = FACE_BOUND('',#9588,.T.);
#9588 = EDGE_LOOP('',(#9589,#9590,#9598,#9606));
#9589 = ORIENTED_EDGE('',*,*,#9568,.T.);
#9590 = ORIENTED_EDGE('',*,*,#9591,.T.);
#9591 = EDGE_CURVE('',#9561,#9592,#9594,.T.);
#9592 = VERTEX_POINT('',#9593);
#9593 = CARTESIAN_POINT('',(64.076321355251,-59.89251244955,24.5162));
#9594 = LINE('',#9595,#9596);
#9595 = CARTESIAN_POINT('',(63.986284073654,-60.75308068938,24.5162));
#9596 = VECTOR('',#9597,1.);
#9597 = DIRECTION('',(0.104057402353,0.994571293078,0.));
#9598 = ORIENTED_EDGE('',*,*,#9599,.F.);
#9599 = EDGE_CURVE('',#9600,#9592,#9602,.T.);
#9600 = VERTEX_POINT('',#9601);
#9601 = CARTESIAN_POINT('',(64.076321355251,-59.89251244955,23.3162));
#9602 = LINE('',#9603,#9604);
#9603 = CARTESIAN_POINT('',(64.076321355251,-59.89251244955,23.3162));
#9604 = VECTOR('',#9605,1.);
#9605 = DIRECTION('',(0.,0.,1.));
#9606 = ORIENTED_EDGE('',*,*,#9607,.F.);
#9607 = EDGE_CURVE('',#9569,#9600,#9608,.T.);
#9608 = LINE('',#9609,#9610);
#9609 = CARTESIAN_POINT('',(63.986284073654,-60.75308068938,23.3162));
#9610 = VECTOR('',#9611,1.);
#9611 = DIRECTION('',(0.104057402353,0.994571293078,0.));
#9612 = PLANE('',#9613);
#9613 = AXIS2_PLACEMENT_3D('',#9614,#9615,#9616);
#9614 = CARTESIAN_POINT('',(63.986284073654,-60.75308068938,23.3162));
#9615 = DIRECTION('',(-0.994571293078,0.104057402353,0.));
#9616 = DIRECTION('',(0.104057402353,0.994571293078,0.));
#9617 = ADVANCED_FACE('',(#9618),#9643,.T.);
#9618 = FACE_BOUND('',#9619,.T.);
#9619 = EDGE_LOOP('',(#9620,#9621,#9629,#9637));
#9620 = ORIENTED_EDGE('',*,*,#9599,.T.);
#9621 = ORIENTED_EDGE('',*,*,#9622,.T.);
#9622 = EDGE_CURVE('',#9592,#9623,#9625,.T.);
#9623 = VERTEX_POINT('',#9624);
#9624 = CARTESIAN_POINT('',(64.001364535156,-59.10338133708,24.5162));
#9625 = LINE('',#9626,#9627);
#9626 = CARTESIAN_POINT('',(64.076321355251,-59.89251244955,24.5162));
#9627 = VECTOR('',#9628,1.);
#9628 = DIRECTION('',(-9.456089532195E-02,0.995519079212,0.));
#9629 = ORIENTED_EDGE('',*,*,#9630,.F.);
#9630 = EDGE_CURVE('',#9631,#9623,#9633,.T.);
#9631 = VERTEX_POINT('',#9632);
#9632 = CARTESIAN_POINT('',(64.001364535156,-59.10338133708,23.3162));
#9633 = LINE('',#9634,#9635);
#9634 = CARTESIAN_POINT('',(64.001364535156,-59.10338133708,23.3162));
#9635 = VECTOR('',#9636,1.);
#9636 = DIRECTION('',(0.,0.,1.));
#9637 = ORIENTED_EDGE('',*,*,#9638,.F.);
#9638 = EDGE_CURVE('',#9600,#9631,#9639,.T.);
#9639 = LINE('',#9640,#9641);
#9640 = CARTESIAN_POINT('',(64.076321355251,-59.89251244955,23.3162));
#9641 = VECTOR('',#9642,1.);
#9642 = DIRECTION('',(-9.456089532195E-02,0.995519079212,0.));
#9643 = PLANE('',#9644);
#9644 = AXIS2_PLACEMENT_3D('',#9645,#9646,#9647);
#9645 = CARTESIAN_POINT('',(64.076321355251,-59.89251244955,23.3162));
#9646 = DIRECTION('',(-0.995519079212,-9.456089532195E-02,0.));
#9647 = DIRECTION('',(-9.456089532195E-02,0.995519079212,0.));
#9648 = ADVANCED_FACE('',(#9649),#9674,.T.);
#9649 = FACE_BOUND('',#9650,.T.);
#9650 = EDGE_LOOP('',(#9651,#9652,#9660,#9668));
#9651 = ORIENTED_EDGE('',*,*,#9630,.T.);
#9652 = ORIENTED_EDGE('',*,*,#9653,.T.);
#9653 = EDGE_CURVE('',#9623,#9654,#9656,.T.);
#9654 = VERTEX_POINT('',#9655);
#9655 = CARTESIAN_POINT('',(63.793918642759,-58.59342696196,24.5162));
#9656 = LINE('',#9657,#9658);
#9657 = CARTESIAN_POINT('',(64.001364535156,-59.10338133708,24.5162));
#9658 = VECTOR('',#9659,1.);
#9659 = DIRECTION('',(-0.376808765446,0.926291074276,0.));
#9660 = ORIENTED_EDGE('',*,*,#9661,.F.);
#9661 = EDGE_CURVE('',#9662,#9654,#9664,.T.);
#9662 = VERTEX_POINT('',#9663);
#9663 = CARTESIAN_POINT('',(63.793918642759,-58.59342696196,23.3162));
#9664 = LINE('',#9665,#9666);
#9665 = CARTESIAN_POINT('',(63.793918642759,-58.59342696196,23.3162));
#9666 = VECTOR('',#9667,1.);
#9667 = DIRECTION('',(0.,0.,1.));
#9668 = ORIENTED_EDGE('',*,*,#9669,.F.);
#9669 = EDGE_CURVE('',#9631,#9662,#9670,.T.);
#9670 = LINE('',#9671,#9672);
#9671 = CARTESIAN_POINT('',(64.001364535156,-59.10338133708,23.3162));
#9672 = VECTOR('',#9673,1.);
#9673 = DIRECTION('',(-0.376808765446,0.926291074276,0.));
#9674 = PLANE('',#9675);
#9675 = AXIS2_PLACEMENT_3D('',#9676,#9677,#9678);
#9676 = CARTESIAN_POINT('',(64.001364535156,-59.10338133708,23.3162));
#9677 = DIRECTION('',(-0.926291074276,-0.376808765446,0.));
#9678 = DIRECTION('',(-0.376808765446,0.926291074276,0.));
#9679 = ADVANCED_FACE('',(#9680),#9705,.T.);
#9680 = FACE_BOUND('',#9681,.T.);
#9681 = EDGE_LOOP('',(#9682,#9683,#9691,#9699));
#9682 = ORIENTED_EDGE('',*,*,#9661,.T.);
#9683 = ORIENTED_EDGE('',*,*,#9684,.T.);
#9684 = EDGE_CURVE('',#9654,#9685,#9687,.T.);
#9685 = VERTEX_POINT('',#9686);
#9686 = CARTESIAN_POINT('',(63.475312452062,-58.32289521987,24.5162));
#9687 = LINE('',#9688,#9689);
#9688 = CARTESIAN_POINT('',(63.793918642759,-58.59342696196,24.5162));
#9689 = VECTOR('',#9690,1.);
#9690 = DIRECTION('',(-0.76227395033,0.647254528488,0.));
#9691 = ORIENTED_EDGE('',*,*,#9692,.F.);
#9692 = EDGE_CURVE('',#9693,#9685,#9695,.T.);
#9693 = VERTEX_POINT('',#9694);
#9694 = CARTESIAN_POINT('',(63.475312452062,-58.32289521987,23.3162));
#9695 = LINE('',#9696,#9697);
#9696 = CARTESIAN_POINT('',(63.475312452062,-58.32289521987,23.3162));
#9697 = VECTOR('',#9698,1.);
#9698 = DIRECTION('',(0.,0.,1.));
#9699 = ORIENTED_EDGE('',*,*,#9700,.F.);
#9700 = EDGE_CURVE('',#9662,#9693,#9701,.T.);
#9701 = LINE('',#9702,#9703);
#9702 = CARTESIAN_POINT('',(63.793918642759,-58.59342696196,23.3162));
#9703 = VECTOR('',#9704,1.);
#9704 = DIRECTION('',(-0.76227395033,0.647254528488,0.));
#9705 = PLANE('',#9706);
#9706 = AXIS2_PLACEMENT_3D('',#9707,#9708,#9709);
#9707 = CARTESIAN_POINT('',(63.793918642759,-58.59342696196,23.3162));
#9708 = DIRECTION('',(-0.647254528488,-0.76227395033,0.));
#9709 = DIRECTION('',(-0.76227395033,0.647254528488,0.));
#9710 = ADVANCED_FACE('',(#9711),#9736,.T.);
#9711 = FACE_BOUND('',#9712,.T.);
#9712 = EDGE_LOOP('',(#9713,#9714,#9722,#9730));
#9713 = ORIENTED_EDGE('',*,*,#9692,.T.);
#9714 = ORIENTED_EDGE('',*,*,#9715,.T.);
#9715 = EDGE_CURVE('',#9685,#9716,#9718,.T.);
#9716 = VERTEX_POINT('',#9717);
#9717 = CARTESIAN_POINT('',(63.107629126753,-58.2510131842,24.5162));
#9718 = LINE('',#9719,#9720);
#9719 = CARTESIAN_POINT('',(63.475312452062,-58.32289521987,24.5162));
#9720 = VECTOR('',#9721,1.);
#9721 = DIRECTION('',(-0.981420814375,0.191867623929,0.));
#9722 = ORIENTED_EDGE('',*,*,#9723,.F.);
#9723 = EDGE_CURVE('',#9724,#9716,#9726,.T.);
#9724 = VERTEX_POINT('',#9725);
#9725 = CARTESIAN_POINT('',(63.107629126753,-58.2510131842,23.3162));
#9726 = LINE('',#9727,#9728);
#9727 = CARTESIAN_POINT('',(63.107629126753,-58.2510131842,23.3162));
#9728 = VECTOR('',#9729,1.);
#9729 = DIRECTION('',(0.,0.,1.));
#9730 = ORIENTED_EDGE('',*,*,#9731,.F.);
#9731 = EDGE_CURVE('',#9693,#9724,#9732,.T.);
#9732 = LINE('',#9733,#9734);
#9733 = CARTESIAN_POINT('',(63.475312452062,-58.32289521987,23.3162));
#9734 = VECTOR('',#9735,1.);
#9735 = DIRECTION('',(-0.981420814375,0.191867623929,0.));
#9736 = PLANE('',#9737);
#9737 = AXIS2_PLACEMENT_3D('',#9738,#9739,#9740);
#9738 = CARTESIAN_POINT('',(63.475312452062,-58.32289521987,23.3162));
#9739 = DIRECTION('',(-0.191867623929,-0.981420814375,0.));
#9740 = DIRECTION('',(-0.981420814375,0.191867623929,0.));
#9741 = ADVANCED_FACE('',(#9742),#9767,.T.);
#9742 = FACE_BOUND('',#9743,.T.);
#9743 = EDGE_LOOP('',(#9744,#9745,#9753,#9761));
#9744 = ORIENTED_EDGE('',*,*,#9723,.T.);
#9745 = ORIENTED_EDGE('',*,*,#9746,.T.);
#9746 = EDGE_CURVE('',#9716,#9747,#9749,.T.);
#9747 = VERTEX_POINT('',#9748);
#9748 = CARTESIAN_POINT('',(62.920123625956,-58.32023974926,24.5162));
#9749 = LINE('',#9750,#9751);
#9750 = CARTESIAN_POINT('',(63.107629126753,-58.2510131842,24.5162));
#9751 = VECTOR('',#9752,1.);
#9752 = DIRECTION('',(-0.93810661015,-0.346346629828,0.));
#9753 = ORIENTED_EDGE('',*,*,#9754,.F.);
#9754 = EDGE_CURVE('',#9755,#9747,#9757,.T.);
#9755 = VERTEX_POINT('',#9756);
#9756 = CARTESIAN_POINT('',(62.920123625956,-58.32023974926,23.3162));
#9757 = LINE('',#9758,#9759);
#9758 = CARTESIAN_POINT('',(62.920123625956,-58.32023974926,23.3162));
#9759 = VECTOR('',#9760,1.);
#9760 = DIRECTION('',(0.,0.,1.));
#9761 = ORIENTED_EDGE('',*,*,#9762,.F.);
#9762 = EDGE_CURVE('',#9724,#9755,#9763,.T.);
#9763 = LINE('',#9764,#9765);
#9764 = CARTESIAN_POINT('',(63.107629126753,-58.2510131842,23.3162));
#9765 = VECTOR('',#9766,1.);
#9766 = DIRECTION('',(-0.93810661015,-0.346346629828,0.));
#9767 = PLANE('',#9768);
#9768 = AXIS2_PLACEMENT_3D('',#9769,#9770,#9771);
#9769 = CARTESIAN_POINT('',(63.107629126753,-58.2510131842,23.3162));
#9770 = DIRECTION('',(0.346346629828,-0.93810661015,0.));
#9771 = DIRECTION('',(-0.93810661015,-0.346346629828,0.));
#9772 = ADVANCED_FACE('',(#9773),#9798,.T.);
#9773 = FACE_BOUND('',#9774,.T.);
#9774 = EDGE_LOOP('',(#9775,#9776,#9784,#9792));
#9775 = ORIENTED_EDGE('',*,*,#9754,.T.);
#9776 = ORIENTED_EDGE('',*,*,#9777,.T.);
#9777 = EDGE_CURVE('',#9747,#9778,#9780,.T.);
#9778 = VERTEX_POINT('',#9779);
#9779 = CARTESIAN_POINT('',(62.734982327871,-58.58777568882,24.5162));
#9780 = LINE('',#9781,#9782);
#9781 = CARTESIAN_POINT('',(62.920123625956,-58.32023974926,24.5162));
#9782 = VECTOR('',#9783,1.);
#9783 = DIRECTION('',(-0.569052285339,-0.822301341694,0.));
#9784 = ORIENTED_EDGE('',*,*,#9785,.F.);
#9785 = EDGE_CURVE('',#9786,#9778,#9788,.T.);
#9786 = VERTEX_POINT('',#9787);
#9787 = CARTESIAN_POINT('',(62.734982327871,-58.58777568882,23.3162));
#9788 = LINE('',#9789,#9790);
#9789 = CARTESIAN_POINT('',(62.734982327871,-58.58777568882,23.3162));
#9790 = VECTOR('',#9791,1.);
#9791 = DIRECTION('',(0.,0.,1.));
#9792 = ORIENTED_EDGE('',*,*,#9793,.F.);
#9793 = EDGE_CURVE('',#9755,#9786,#9794,.T.);
#9794 = LINE('',#9795,#9796);
#9795 = CARTESIAN_POINT('',(62.920123625956,-58.32023974926,23.3162));
#9796 = VECTOR('',#9797,1.);
#9797 = DIRECTION('',(-0.569052285339,-0.822301341694,0.));
#9798 = PLANE('',#9799);
#9799 = AXIS2_PLACEMENT_3D('',#9800,#9801,#9802);
#9800 = CARTESIAN_POINT('',(62.920123625956,-58.32023974926,23.3162));
#9801 = DIRECTION('',(0.822301341694,-0.569052285339,0.));
#9802 = DIRECTION('',(-0.569052285339,-0.822301341694,0.));
#9803 = ADVANCED_FACE('',(#9804),#9829,.T.);
#9804 = FACE_BOUND('',#9805,.T.);
#9805 = EDGE_LOOP('',(#9806,#9807,#9815,#9823));
#9806 = ORIENTED_EDGE('',*,*,#9785,.T.);
#9807 = ORIENTED_EDGE('',*,*,#9808,.T.);
#9808 = EDGE_CURVE('',#9778,#9809,#9811,.T.);
#9809 = VERTEX_POINT('',#9810);
#9810 = CARTESIAN_POINT('',(62.561713809295,-59.14361999533,24.5162));
#9811 = LINE('',#9812,#9813);
#9812 = CARTESIAN_POINT('',(62.734982327871,-58.58777568882,24.5162));
#9813 = VECTOR('',#9814,1.);
#9814 = DIRECTION('',(-0.297597653973,-0.954691382778,0.));
#9815 = ORIENTED_EDGE('',*,*,#9816,.F.);
#9816 = EDGE_CURVE('',#9817,#9809,#9819,.T.);
#9817 = VERTEX_POINT('',#9818);
#9818 = CARTESIAN_POINT('',(62.561713809295,-59.14361999533,23.3162));
#9819 = LINE('',#9820,#9821);
#9820 = CARTESIAN_POINT('',(62.561713809295,-59.14361999533,23.3162));
#9821 = VECTOR('',#9822,1.);
#9822 = DIRECTION('',(0.,0.,1.));
#9823 = ORIENTED_EDGE('',*,*,#9824,.F.);
#9824 = EDGE_CURVE('',#9786,#9817,#9825,.T.);
#9825 = LINE('',#9826,#9827);
#9826 = CARTESIAN_POINT('',(62.734982327871,-58.58777568882,23.3162));
#9827 = VECTOR('',#9828,1.);
#9828 = DIRECTION('',(-0.297597653973,-0.954691382778,0.));
#9829 = PLANE('',#9830);
#9830 = AXIS2_PLACEMENT_3D('',#9831,#9832,#9833);
#9831 = CARTESIAN_POINT('',(62.734982327871,-58.58777568882,23.3162));
#9832 = DIRECTION('',(0.954691382778,-0.297597653973,0.));
#9833 = DIRECTION('',(-0.297597653973,-0.954691382778,0.));
#9834 = ADVANCED_FACE('',(#9835),#9860,.T.);
#9835 = FACE_BOUND('',#9836,.T.);
#9836 = EDGE_LOOP('',(#9837,#9838,#9846,#9854));
#9837 = ORIENTED_EDGE('',*,*,#9816,.T.);
#9838 = ORIENTED_EDGE('',*,*,#9839,.T.);
#9839 = EDGE_CURVE('',#9809,#9840,#9842,.T.);
#9840 = VERTEX_POINT('',#9841);
#9841 = CARTESIAN_POINT('',(62.286102250464,-60.81993024719,24.5162));
#9842 = LINE('',#9843,#9844);
#9843 = CARTESIAN_POINT('',(62.561713809295,-59.14361999533,24.5162));
#9844 = VECTOR('',#9845,1.);
#9845 = DIRECTION('',(-0.162237384041,-0.986751757647,0.));
#9846 = ORIENTED_EDGE('',*,*,#9847,.F.);
#9847 = EDGE_CURVE('',#9848,#9840,#9850,.T.);
#9848 = VERTEX_POINT('',#9849);
#9849 = CARTESIAN_POINT('',(62.286102250464,-60.81993024719,23.3162));
#9850 = LINE('',#9851,#9852);
#9851 = CARTESIAN_POINT('',(62.286102250464,-60.81993024719,23.3162));
#9852 = VECTOR('',#9853,1.);
#9853 = DIRECTION('',(0.,0.,1.));
#9854 = ORIENTED_EDGE('',*,*,#9855,.F.);
#9855 = EDGE_CURVE('',#9817,#9848,#9856,.T.);
#9856 = LINE('',#9857,#9858);
#9857 = CARTESIAN_POINT('',(62.561713809295,-59.14361999533,23.3162));
#9858 = VECTOR('',#9859,1.);
#9859 = DIRECTION('',(-0.162237384041,-0.986751757647,0.));
#9860 = PLANE('',#9861);
#9861 = AXIS2_PLACEMENT_3D('',#9862,#9863,#9864);
#9862 = CARTESIAN_POINT('',(62.561713809295,-59.14361999533,23.3162));
#9863 = DIRECTION('',(0.986751757647,-0.162237384041,0.));
#9864 = DIRECTION('',(-0.162237384041,-0.986751757647,0.));
#9865 = ADVANCED_FACE('',(#9866),#9891,.T.);
#9866 = FACE_BOUND('',#9867,.T.);
#9867 = EDGE_LOOP('',(#9868,#9869,#9877,#9885));
#9868 = ORIENTED_EDGE('',*,*,#9847,.T.);
#9869 = ORIENTED_EDGE('',*,*,#9870,.T.);
#9870 = EDGE_CURVE('',#9840,#9871,#9873,.T.);
#9871 = VERTEX_POINT('',#9872);
#9872 = CARTESIAN_POINT('',(62.109473045624,-61.40578381701,24.5162));
#9873 = LINE('',#9874,#9875);
#9874 = CARTESIAN_POINT('',(62.286102250464,-60.81993024719,24.5162));
#9875 = VECTOR('',#9876,1.);
#9876 = DIRECTION('',(-0.288656719247,-0.957432659999,0.));
#9877 = ORIENTED_EDGE('',*,*,#9878,.F.);
#9878 = EDGE_CURVE('',#9879,#9871,#9881,.T.);
#9879 = VERTEX_POINT('',#9880);
#9880 = CARTESIAN_POINT('',(62.109473045624,-61.40578381701,23.3162));
#9881 = LINE('',#9882,#9883);
#9882 = CARTESIAN_POINT('',(62.109473045624,-61.40578381701,23.3162));
#9883 = VECTOR('',#9884,1.);
#9884 = DIRECTION('',(0.,0.,1.));
#9885 = ORIENTED_EDGE('',*,*,#9886,.F.);
#9886 = EDGE_CURVE('',#9848,#9879,#9887,.T.);
#9887 = LINE('',#9888,#9889);
#9888 = CARTESIAN_POINT('',(62.286102250464,-60.81993024719,23.3162));
#9889 = VECTOR('',#9890,1.);
#9890 = DIRECTION('',(-0.288656719247,-0.957432659999,0.));
#9891 = PLANE('',#9892);
#9892 = AXIS2_PLACEMENT_3D('',#9893,#9894,#9895);
#9893 = CARTESIAN_POINT('',(62.286102250464,-60.81993024719,23.3162));
#9894 = DIRECTION('',(0.957432659999,-0.288656719247,0.));
#9895 = DIRECTION('',(-0.288656719247,-0.957432659999,0.));
#9896 = ADVANCED_FACE('',(#9897),#9922,.T.);
#9897 = FACE_BOUND('',#9898,.T.);
#9898 = EDGE_LOOP('',(#9899,#9900,#9908,#9916));
#9899 = ORIENTED_EDGE('',*,*,#9878,.T.);
#9900 = ORIENTED_EDGE('',*,*,#9901,.T.);
#9901 = EDGE_CURVE('',#9871,#9902,#9904,.T.);
#9902 = VERTEX_POINT('',#9903);
#9903 = CARTESIAN_POINT('',(61.849714774136,-61.81815436992,24.5162));
#9904 = LINE('',#9905,#9906);
#9905 = CARTESIAN_POINT('',(62.109473045624,-61.40578381701,24.5162));
#9906 = VECTOR('',#9907,1.);
#9907 = DIRECTION('',(-0.532985985436,-0.84612406852,0.));
#9908 = ORIENTED_EDGE('',*,*,#9909,.F.);
#9909 = EDGE_CURVE('',#9910,#9902,#9912,.T.);
#9910 = VERTEX_POINT('',#9911);
#9911 = CARTESIAN_POINT('',(61.849714774136,-61.81815436992,23.3162));
#9912 = LINE('',#9913,#9914);
#9913 = CARTESIAN_POINT('',(61.849714774136,-61.81815436992,23.3162));
#9914 = VECTOR('',#9915,1.);
#9915 = DIRECTION('',(0.,0.,1.));
#9916 = ORIENTED_EDGE('',*,*,#9917,.F.);
#9917 = EDGE_CURVE('',#9879,#9910,#9918,.T.);
#9918 = LINE('',#9919,#9920);
#9919 = CARTESIAN_POINT('',(62.109473045624,-61.40578381701,23.3162));
#9920 = VECTOR('',#9921,1.);
#9921 = DIRECTION('',(-0.532985985436,-0.84612406852,0.));
#9922 = PLANE('',#9923);
#9923 = AXIS2_PLACEMENT_3D('',#9924,#9925,#9926);
#9924 = CARTESIAN_POINT('',(62.109473045624,-61.40578381701,23.3162));
#9925 = DIRECTION('',(0.84612406852,-0.532985985436,0.));
#9926 = DIRECTION('',(-0.532985985436,-0.84612406852,0.));
#9927 = ADVANCED_FACE('',(#9928),#9953,.T.);
#9928 = FACE_BOUND('',#9929,.T.);
#9929 = EDGE_LOOP('',(#9930,#9931,#9939,#9947));
#9930 = ORIENTED_EDGE('',*,*,#9909,.T.);
#9931 = ORIENTED_EDGE('',*,*,#9932,.T.);
#9932 = EDGE_CURVE('',#9902,#9933,#9935,.T.);
#9933 = VERTEX_POINT('',#9934);
#9934 = CARTESIAN_POINT('',(61.326498918938,-62.11880380674,24.5162));
#9935 = LINE('',#9936,#9937);
#9936 = CARTESIAN_POINT('',(61.849714774136,-61.81815436992,24.5162));
#9937 = VECTOR('',#9938,1.);
#9938 = DIRECTION('',(-0.867049258625,-0.498222423339,0.));
#9939 = ORIENTED_EDGE('',*,*,#9940,.F.);
#9940 = EDGE_CURVE('',#9941,#9933,#9943,.T.);
#9941 = VERTEX_POINT('',#9942);
#9942 = CARTESIAN_POINT('',(61.326498918938,-62.11880380674,23.3162));
#9943 = LINE('',#9944,#9945);
#9944 = CARTESIAN_POINT('',(61.326498918938,-62.11880380674,23.3162));
#9945 = VECTOR('',#9946,1.);
#9946 = DIRECTION('',(0.,0.,1.));
#9947 = ORIENTED_EDGE('',*,*,#9948,.F.);
#9948 = EDGE_CURVE('',#9910,#9941,#9949,.T.);
#9949 = LINE('',#9950,#9951);
#9950 = CARTESIAN_POINT('',(61.849714774136,-61.81815436992,23.3162));
#9951 = VECTOR('',#9952,1.);
#9952 = DIRECTION('',(-0.867049258625,-0.498222423339,0.));
#9953 = PLANE('',#9954);
#9954 = AXIS2_PLACEMENT_3D('',#9955,#9956,#9957);
#9955 = CARTESIAN_POINT('',(61.849714774136,-61.81815436992,23.3162));
#9956 = DIRECTION('',(0.498222423339,-0.867049258625,0.));
#9957 = DIRECTION('',(-0.867049258625,-0.498222423339,0.));
#9958 = ADVANCED_FACE('',(#9959),#9984,.T.);
#9959 = FACE_BOUND('',#9960,.T.);
#9960 = EDGE_LOOP('',(#9961,#9962,#9970,#9978));
#9961 = ORIENTED_EDGE('',*,*,#9940,.T.);
#9962 = ORIENTED_EDGE('',*,*,#9963,.T.);
#9963 = EDGE_CURVE('',#9933,#9964,#9966,.T.);
#9964 = VERTEX_POINT('',#9965);
#9965 = CARTESIAN_POINT('',(60.745878715889,-62.12491700717,24.5162));
#9966 = LINE('',#9967,#9968);
#9967 = CARTESIAN_POINT('',(61.326498918938,-62.11880380674,24.5162));
#9968 = VECTOR('',#9969,1.);
#9969 = DIRECTION('',(-0.999944577402,-1.052815865951E-02,0.));
#9970 = ORIENTED_EDGE('',*,*,#9971,.F.);
#9971 = EDGE_CURVE('',#9972,#9964,#9974,.T.);
#9972 = VERTEX_POINT('',#9973);
#9973 = CARTESIAN_POINT('',(60.745878715889,-62.12491700717,23.3162));
#9974 = LINE('',#9975,#9976);
#9975 = CARTESIAN_POINT('',(60.745878715889,-62.12491700717,23.3162));
#9976 = VECTOR('',#9977,1.);
#9977 = DIRECTION('',(0.,0.,1.));
#9978 = ORIENTED_EDGE('',*,*,#9979,.F.);
#9979 = EDGE_CURVE('',#9941,#9972,#9980,.T.);
#9980 = LINE('',#9981,#9982);
#9981 = CARTESIAN_POINT('',(61.326498918938,-62.11880380674,23.3162));
#9982 = VECTOR('',#9983,1.);
#9983 = DIRECTION('',(-0.999944577402,-1.052815865951E-02,0.));
#9984 = PLANE('',#9985);
#9985 = AXIS2_PLACEMENT_3D('',#9986,#9987,#9988);
#9986 = CARTESIAN_POINT('',(61.326498918938,-62.11880380674,23.3162));
#9987 = DIRECTION('',(1.052815865951E-02,-0.999944577402,0.));
#9988 = DIRECTION('',(-0.999944577402,-1.052815865951E-02,0.));
#9989 = ADVANCED_FACE('',(#9990),#10015,.T.);
#9990 = FACE_BOUND('',#9991,.T.);
#9991 = EDGE_LOOP('',(#9992,#9993,#10001,#10009));
#9992 = ORIENTED_EDGE('',*,*,#9971,.T.);
#9993 = ORIENTED_EDGE('',*,*,#9994,.T.);
#9994 = EDGE_CURVE('',#9964,#9995,#9997,.T.);
#9995 = VERTEX_POINT('',#9996);
#9996 = CARTESIAN_POINT('',(60.132972890132,-61.79990275468,24.5162));
#9997 = LINE('',#9998,#9999);
#9998 = CARTESIAN_POINT('',(60.745878715889,-62.12491700717,24.5162));
#9999 = VECTOR('',#10000,1.);
#10000 = DIRECTION('',(-0.883469001402,0.46848961948,0.));
#10001 = ORIENTED_EDGE('',*,*,#10002,.F.);
#10002 = EDGE_CURVE('',#10003,#9995,#10005,.T.);
#10003 = VERTEX_POINT('',#10004);
#10004 = CARTESIAN_POINT('',(60.132972890132,-61.79990275468,23.3162));
#10005 = LINE('',#10006,#10007);
#10006 = CARTESIAN_POINT('',(60.132972890132,-61.79990275468,23.3162));
#10007 = VECTOR('',#10008,1.);
#10008 = DIRECTION('',(0.,0.,1.));
#10009 = ORIENTED_EDGE('',*,*,#10010,.F.);
#10010 = EDGE_CURVE('',#9972,#10003,#10011,.T.);
#10011 = LINE('',#10012,#10013);
#10012 = CARTESIAN_POINT('',(60.745878715889,-62.12491700717,23.3162));
#10013 = VECTOR('',#10014,1.);
#10014 = DIRECTION('',(-0.883469001402,0.46848961948,0.));
#10015 = PLANE('',#10016);
#10016 = AXIS2_PLACEMENT_3D('',#10017,#10018,#10019);
#10017 = CARTESIAN_POINT('',(60.745878715889,-62.12491700717,23.3162));
#10018 = DIRECTION('',(-0.46848961948,-0.883469001402,0.));
#10019 = DIRECTION('',(-0.883469001402,0.46848961948,0.));
#10020 = ADVANCED_FACE('',(#10021),#10046,.T.);
#10021 = FACE_BOUND('',#10022,.T.);
#10022 = EDGE_LOOP('',(#10023,#10024,#10032,#10040));
#10023 = ORIENTED_EDGE('',*,*,#10002,.T.);
#10024 = ORIENTED_EDGE('',*,*,#10025,.T.);
#10025 = EDGE_CURVE('',#9995,#10026,#10028,.T.);
#10026 = VERTEX_POINT('',#10027);
#10027 = CARTESIAN_POINT('',(59.74603403524,-61.31278207114,24.5162));
#10028 = LINE('',#10029,#10030);
#10029 = CARTESIAN_POINT('',(60.132972890132,-61.79990275468,24.5162));
#10030 = VECTOR('',#10031,1.);
#10031 = DIRECTION('',(-0.621988331449,0.783026510114,0.));
#10032 = ORIENTED_EDGE('',*,*,#10033,.F.);
#10033 = EDGE_CURVE('',#10034,#10026,#10036,.T.);
#10034 = VERTEX_POINT('',#10035);
#10035 = CARTESIAN_POINT('',(59.74603403524,-61.31278207114,23.3162));
#10036 = LINE('',#10037,#10038);
#10037 = CARTESIAN_POINT('',(59.74603403524,-61.31278207114,23.3162));
#10038 = VECTOR('',#10039,1.);
#10039 = DIRECTION('',(0.,0.,1.));
#10040 = ORIENTED_EDGE('',*,*,#10041,.F.);
#10041 = EDGE_CURVE('',#10003,#10034,#10042,.T.);
#10042 = LINE('',#10043,#10044);
#10043 = CARTESIAN_POINT('',(60.132972890132,-61.79990275468,23.3162));
#10044 = VECTOR('',#10045,1.);
#10045 = DIRECTION('',(-0.621988331449,0.783026510114,0.));
#10046 = PLANE('',#10047);
#10047 = AXIS2_PLACEMENT_3D('',#10048,#10049,#10050);
#10048 = CARTESIAN_POINT('',(60.132972890132,-61.79990275468,23.3162));
#10049 = DIRECTION('',(-0.783026510114,-0.621988331449,0.));
#10050 = DIRECTION('',(-0.621988331449,0.783026510114,0.));
#10051 = ADVANCED_FACE('',(#10052),#10077,.T.);
#10052 = FACE_BOUND('',#10053,.T.);
#10053 = EDGE_LOOP('',(#10054,#10055,#10063,#10071));
#10054 = ORIENTED_EDGE('',*,*,#10033,.T.);
#10055 = ORIENTED_EDGE('',*,*,#10056,.T.);
#10056 = EDGE_CURVE('',#10026,#10057,#10059,.T.);
#10057 = VERTEX_POINT('',#10058);
#10058 = CARTESIAN_POINT('',(59.490576613514,-60.6665630116,24.5162));
#10059 = LINE('',#10060,#10061);
#10060 = CARTESIAN_POINT('',(59.74603403524,-61.31278207114,24.5162));
#10061 = VECTOR('',#10062,1.);
#10062 = DIRECTION('',(-0.367628357299,0.929972790414,0.));
#10063 = ORIENTED_EDGE('',*,*,#10064,.F.);
#10064 = EDGE_CURVE('',#10065,#10057,#10067,.T.);
#10065 = VERTEX_POINT('',#10066);
#10066 = CARTESIAN_POINT('',(59.490576613514,-60.6665630116,23.3162));
#10067 = LINE('',#10068,#10069);
#10068 = CARTESIAN_POINT('',(59.490576613514,-60.6665630116,23.3162));
#10069 = VECTOR('',#10070,1.);
#10070 = DIRECTION('',(0.,0.,1.));
#10071 = ORIENTED_EDGE('',*,*,#10072,.F.);
#10072 = EDGE_CURVE('',#10034,#10065,#10073,.T.);
#10073 = LINE('',#10074,#10075);
#10074 = CARTESIAN_POINT('',(59.74603403524,-61.31278207114,23.3162));
#10075 = VECTOR('',#10076,1.);
#10076 = DIRECTION('',(-0.367628357299,0.929972790414,0.));
#10077 = PLANE('',#10078);
#10078 = AXIS2_PLACEMENT_3D('',#10079,#10080,#10081);
#10079 = CARTESIAN_POINT('',(59.74603403524,-61.31278207114,23.3162));
#10080 = DIRECTION('',(-0.929972790414,-0.367628357299,0.));
#10081 = DIRECTION('',(-0.367628357299,0.929972790414,0.));
#10082 = ADVANCED_FACE('',(#10083),#10108,.T.);
#10083 = FACE_BOUND('',#10084,.T.);
#10084 = EDGE_LOOP('',(#10085,#10086,#10094,#10102));
#10085 = ORIENTED_EDGE('',*,*,#10064,.T.);
#10086 = ORIENTED_EDGE('',*,*,#10087,.T.);
#10087 = EDGE_CURVE('',#10057,#10088,#10090,.T.);
#10088 = VERTEX_POINT('',#10089);
#10089 = CARTESIAN_POINT('',(59.394489174715,-59.88990139387,24.5162));
#10090 = LINE('',#10091,#10092);
#10091 = CARTESIAN_POINT('',(59.490576613514,-60.6665630116,24.5162));
#10092 = VECTOR('',#10093,1.);
#10093 = DIRECTION('',(-0.122782434153,0.992433611817,0.));
#10094 = ORIENTED_EDGE('',*,*,#10095,.F.);
#10095 = EDGE_CURVE('',#10096,#10088,#10098,.T.);
#10096 = VERTEX_POINT('',#10097);
#10097 = CARTESIAN_POINT('',(59.394489174715,-59.88990139387,23.3162));
#10098 = LINE('',#10099,#10100);
#10099 = CARTESIAN_POINT('',(59.394489174715,-59.88990139387,23.3162));
#10100 = VECTOR('',#10101,1.);
#10101 = DIRECTION('',(0.,0.,1.));
#10102 = ORIENTED_EDGE('',*,*,#10103,.F.);
#10103 = EDGE_CURVE('',#10065,#10096,#10104,.T.);
#10104 = LINE('',#10105,#10106);
#10105 = CARTESIAN_POINT('',(59.490576613514,-60.6665630116,23.3162));
#10106 = VECTOR('',#10107,1.);
#10107 = DIRECTION('',(-0.122782434153,0.992433611817,0.));
#10108 = PLANE('',#10109);
#10109 = AXIS2_PLACEMENT_3D('',#10110,#10111,#10112);
#10110 = CARTESIAN_POINT('',(59.490576613514,-60.6665630116,23.3162));
#10111 = DIRECTION('',(-0.992433611817,-0.122782434153,0.));
#10112 = DIRECTION('',(-0.122782434153,0.992433611817,0.));
#10113 = ADVANCED_FACE('',(#10114),#10139,.T.);
#10114 = FACE_BOUND('',#10115,.T.);
#10115 = EDGE_LOOP('',(#10116,#10117,#10125,#10133));
#10116 = ORIENTED_EDGE('',*,*,#10095,.T.);
#10117 = ORIENTED_EDGE('',*,*,#10118,.T.);
#10118 = EDGE_CURVE('',#10088,#10119,#10121,.T.);
#10119 = VERTEX_POINT('',#10120);
#10120 = CARTESIAN_POINT('',(59.419133782693,-59.46831591268,24.5162));
#10121 = LINE('',#10122,#10123);
#10122 = CARTESIAN_POINT('',(59.394489174715,-59.88990139387,24.5162));
#10123 = VECTOR('',#10124,1.);
#10124 = DIRECTION('',(5.835734080748E-02,0.998295758167,0.));
#10125 = ORIENTED_EDGE('',*,*,#10126,.F.);
#10126 = EDGE_CURVE('',#10127,#10119,#10129,.T.);
#10127 = VERTEX_POINT('',#10128);
#10128 = CARTESIAN_POINT('',(59.419133782693,-59.46831591268,23.3162));
#10129 = LINE('',#10130,#10131);
#10130 = CARTESIAN_POINT('',(59.419133782693,-59.46831591268,23.3162));
#10131 = VECTOR('',#10132,1.);
#10132 = DIRECTION('',(0.,0.,1.));
#10133 = ORIENTED_EDGE('',*,*,#10134,.F.);
#10134 = EDGE_CURVE('',#10096,#10127,#10135,.T.);
#10135 = LINE('',#10136,#10137);
#10136 = CARTESIAN_POINT('',(59.394489174715,-59.88990139387,23.3162));
#10137 = VECTOR('',#10138,1.);
#10138 = DIRECTION('',(5.835734080748E-02,0.998295758167,0.));
#10139 = PLANE('',#10140);
#10140 = AXIS2_PLACEMENT_3D('',#10141,#10142,#10143);
#10141 = CARTESIAN_POINT('',(59.394489174715,-59.88990139387,23.3162));
#10142 = DIRECTION('',(-0.998295758167,5.835734080748E-02,0.));
#10143 = DIRECTION('',(5.835734080748E-02,0.998295758167,0.));
#10144 = ADVANCED_FACE('',(#10145),#10170,.T.);
#10145 = FACE_BOUND('',#10146,.T.);
#10146 = EDGE_LOOP('',(#10147,#10148,#10156,#10164));
#10147 = ORIENTED_EDGE('',*,*,#10126,.T.);
#10148 = ORIENTED_EDGE('',*,*,#10149,.T.);
#10149 = EDGE_CURVE('',#10119,#10150,#10152,.T.);
#10150 = VERTEX_POINT('',#10151);
#10151 = CARTESIAN_POINT('',(59.578357724887,-58.73895760936,24.5162));
#10152 = LINE('',#10153,#10154);
#10153 = CARTESIAN_POINT('',(59.419133782693,-59.46831591268,24.5162));
#10154 = VECTOR('',#10155,1.);
#10155 = DIRECTION('',(0.21328371424,0.976990305602,0.));
#10156 = ORIENTED_EDGE('',*,*,#10157,.F.);
#10157 = EDGE_CURVE('',#10158,#10150,#10160,.T.);
#10158 = VERTEX_POINT('',#10159);
#10159 = CARTESIAN_POINT('',(59.578357724887,-58.73895760936,23.3162));
#10160 = LINE('',#10161,#10162);
#10161 = CARTESIAN_POINT('',(59.578357724887,-58.73895760936,23.3162));
#10162 = VECTOR('',#10163,1.);
#10163 = DIRECTION('',(0.,0.,1.));
#10164 = ORIENTED_EDGE('',*,*,#10165,.F.);
#10165 = EDGE_CURVE('',#10127,#10158,#10166,.T.);
#10166 = LINE('',#10167,#10168);
#10167 = CARTESIAN_POINT('',(59.419133782693,-59.46831591268,23.3162));
#10168 = VECTOR('',#10169,1.);
#10169 = DIRECTION('',(0.21328371424,0.976990305602,0.));
#10170 = PLANE('',#10171);
#10171 = AXIS2_PLACEMENT_3D('',#10172,#10173,#10174);
#10172 = CARTESIAN_POINT('',(59.419133782693,-59.46831591268,23.3162));
#10173 = DIRECTION('',(-0.976990305602,0.21328371424,0.));
#10174 = DIRECTION('',(0.21328371424,0.976990305602,0.));
#10175 = ADVANCED_FACE('',(#10176),#10201,.T.);
#10176 = FACE_BOUND('',#10177,.T.);
#10177 = EDGE_LOOP('',(#10178,#10179,#10187,#10195));
#10178 = ORIENTED_EDGE('',*,*,#10157,.T.);
#10179 = ORIENTED_EDGE('',*,*,#10180,.T.);
#10180 = EDGE_CURVE('',#10150,#10181,#10183,.T.);
#10181 = VERTEX_POINT('',#10182);
#10182 = CARTESIAN_POINT('',(59.858269938392,-58.1559166618,24.5162));
#10183 = LINE('',#10184,#10185);
#10184 = CARTESIAN_POINT('',(59.578357724887,-58.73895760936,24.5162));
#10185 = VECTOR('',#10186,1.);
#10186 = DIRECTION('',(0.432797114565,0.901491351941,0.));
#10187 = ORIENTED_EDGE('',*,*,#10188,.F.);
#10188 = EDGE_CURVE('',#10189,#10181,#10191,.T.);
#10189 = VERTEX_POINT('',#10190);
#10190 = CARTESIAN_POINT('',(59.858269938392,-58.1559166618,23.3162));
#10191 = LINE('',#10192,#10193);
#10192 = CARTESIAN_POINT('',(59.858269938392,-58.1559166618,23.3162));
#10193 = VECTOR('',#10194,1.);
#10194 = DIRECTION('',(0.,0.,1.));
#10195 = ORIENTED_EDGE('',*,*,#10196,.F.);
#10196 = EDGE_CURVE('',#10158,#10189,#10197,.T.);
#10197 = LINE('',#10198,#10199);
#10198 = CARTESIAN_POINT('',(59.578357724887,-58.73895760936,23.3162));
#10199 = VECTOR('',#10200,1.);
#10200 = DIRECTION('',(0.432797114565,0.901491351941,0.));
#10201 = PLANE('',#10202);
#10202 = AXIS2_PLACEMENT_3D('',#10203,#10204,#10205);
#10203 = CARTESIAN_POINT('',(59.578357724887,-58.73895760936,23.3162));
#10204 = DIRECTION('',(-0.901491351941,0.432797114565,0.));
#10205 = DIRECTION('',(0.432797114565,0.901491351941,0.));
#10206 = ADVANCED_FACE('',(#10207),#10232,.T.);
#10207 = FACE_BOUND('',#10208,.T.);
#10208 = EDGE_LOOP('',(#10209,#10210,#10218,#10226));
#10209 = ORIENTED_EDGE('',*,*,#10188,.T.);
#10210 = ORIENTED_EDGE('',*,*,#10211,.T.);
#10211 = EDGE_CURVE('',#10181,#10212,#10214,.T.);
#10212 = VERTEX_POINT('',#10213);
#10213 = CARTESIAN_POINT('',(60.24299271405,-57.79341051844,24.5162));
#10214 = LINE('',#10215,#10216);
#10215 = CARTESIAN_POINT('',(59.858269938392,-58.1559166618,24.5162));
#10216 = VECTOR('',#10217,1.);
#10217 = DIRECTION('',(0.727808882775,0.685780015861,0.));
#10218 = ORIENTED_EDGE('',*,*,#10219,.F.);
#10219 = EDGE_CURVE('',#10220,#10212,#10222,.T.);
#10220 = VERTEX_POINT('',#10221);
#10221 = CARTESIAN_POINT('',(60.24299271405,-57.79341051844,23.3162));
#10222 = LINE('',#10223,#10224);
#10223 = CARTESIAN_POINT('',(60.24299271405,-57.79341051844,23.3162));
#10224 = VECTOR('',#10225,1.);
#10225 = DIRECTION('',(0.,0.,1.));
#10226 = ORIENTED_EDGE('',*,*,#10227,.F.);
#10227 = EDGE_CURVE('',#10189,#10220,#10228,.T.);
#10228 = LINE('',#10229,#10230);
#10229 = CARTESIAN_POINT('',(59.858269938392,-58.1559166618,23.3162));
#10230 = VECTOR('',#10231,1.);
#10231 = DIRECTION('',(0.727808882775,0.685780015861,0.));
#10232 = PLANE('',#10233);
#10233 = AXIS2_PLACEMENT_3D('',#10234,#10235,#10236);
#10234 = CARTESIAN_POINT('',(59.858269938392,-58.1559166618,23.3162));
#10235 = DIRECTION('',(-0.685780015861,0.727808882775,0.));
#10236 = DIRECTION('',(0.727808882775,0.685780015861,0.));
#10237 = ADVANCED_FACE('',(#10238),#10254,.T.);
#10238 = FACE_BOUND('',#10239,.T.);
#10239 = EDGE_LOOP('',(#10240,#10241,#10247,#10248));
#10240 = ORIENTED_EDGE('',*,*,#10219,.T.);
#10241 = ORIENTED_EDGE('',*,*,#10242,.T.);
#10242 = EDGE_CURVE('',#10212,#8592,#10243,.T.);
#10243 = LINE('',#10244,#10245);
#10244 = CARTESIAN_POINT('',(60.24299271405,-57.79341051844,24.5162));
#10245 = VECTOR('',#10246,1.);
#10246 = DIRECTION('',(0.979094929393,0.203403832898,0.));
#10247 = ORIENTED_EDGE('',*,*,#8589,.F.);
#10248 = ORIENTED_EDGE('',*,*,#10249,.F.);
#10249 = EDGE_CURVE('',#10220,#8590,#10250,.T.);
#10250 = LINE('',#10251,#10252);
#10251 = CARTESIAN_POINT('',(60.24299271405,-57.79341051844,23.3162));
#10252 = VECTOR('',#10253,1.);
#10253 = DIRECTION('',(0.979094929393,0.203403832898,0.));
#10254 = PLANE('',#10255);
#10255 = AXIS2_PLACEMENT_3D('',#10256,#10257,#10258);
#10256 = CARTESIAN_POINT('',(60.24299271405,-57.79341051844,23.3162));
#10257 = DIRECTION('',(-0.203403832898,0.979094929393,0.));
#10258 = DIRECTION('',(0.979094929393,0.203403832898,0.));
#10259 = ADVANCED_FACE('',(#10260),#10316,.T.);
#10260 = FACE_BOUND('',#10261,.T.);
#10261 = EDGE_LOOP('',(#10262,#10263,#10264,#10265,#10266,#10267,#10268,
    #10269,#10270,#10271,#10272,#10273,#10274,#10275,#10276,#10277,
    #10278,#10279,#10280,#10281,#10282,#10283,#10284,#10285,#10286,
    #10287,#10288,#10289,#10290,#10291,#10292,#10293,#10294,#10295,
    #10296,#10297,#10298,#10299,#10300,#10301,#10302,#10303,#10304,
    #10305,#10306,#10307,#10308,#10309,#10310,#10311,#10312,#10313,
    #10314,#10315));
#10262 = ORIENTED_EDGE('',*,*,#8615,.T.);
#10263 = ORIENTED_EDGE('',*,*,#8646,.T.);
#10264 = ORIENTED_EDGE('',*,*,#8677,.T.);
#10265 = ORIENTED_EDGE('',*,*,#8708,.T.);
#10266 = ORIENTED_EDGE('',*,*,#8739,.T.);
#10267 = ORIENTED_EDGE('',*,*,#8770,.T.);
#10268 = ORIENTED_EDGE('',*,*,#8801,.T.);
#10269 = ORIENTED_EDGE('',*,*,#8832,.T.);
#10270 = ORIENTED_EDGE('',*,*,#8863,.T.);
#10271 = ORIENTED_EDGE('',*,*,#8894,.T.);
#10272 = ORIENTED_EDGE('',*,*,#8925,.T.);
#10273 = ORIENTED_EDGE('',*,*,#8956,.T.);
#10274 = ORIENTED_EDGE('',*,*,#8987,.T.);
#10275 = ORIENTED_EDGE('',*,*,#9018,.T.);
#10276 = ORIENTED_EDGE('',*,*,#9049,.T.);
#10277 = ORIENTED_EDGE('',*,*,#9080,.T.);
#10278 = ORIENTED_EDGE('',*,*,#9111,.T.);
#10279 = ORIENTED_EDGE('',*,*,#9142,.T.);
#10280 = ORIENTED_EDGE('',*,*,#9173,.T.);
#10281 = ORIENTED_EDGE('',*,*,#9204,.T.);
#10282 = ORIENTED_EDGE('',*,*,#9235,.T.);
#10283 = ORIENTED_EDGE('',*,*,#9266,.T.);
#10284 = ORIENTED_EDGE('',*,*,#9297,.T.);
#10285 = ORIENTED_EDGE('',*,*,#9328,.T.);
#10286 = ORIENTED_EDGE('',*,*,#9359,.T.);
#10287 = ORIENTED_EDGE('',*,*,#9390,.T.);
#10288 = ORIENTED_EDGE('',*,*,#9421,.T.);
#10289 = ORIENTED_EDGE('',*,*,#9452,.T.);
#10290 = ORIENTED_EDGE('',*,*,#9483,.T.);
#10291 = ORIENTED_EDGE('',*,*,#9514,.T.);
#10292 = ORIENTED_EDGE('',*,*,#9545,.T.);
#10293 = ORIENTED_EDGE('',*,*,#9576,.T.);
#10294 = ORIENTED_EDGE('',*,*,#9607,.T.);
#10295 = ORIENTED_EDGE('',*,*,#9638,.T.);
#10296 = ORIENTED_EDGE('',*,*,#9669,.T.);
#10297 = ORIENTED_EDGE('',*,*,#9700,.T.);
#10298 = ORIENTED_EDGE('',*,*,#9731,.T.);
#10299 = ORIENTED_EDGE('',*,*,#9762,.T.);
#10300 = ORIENTED_EDGE('',*,*,#9793,.T.);
#10301 = ORIENTED_EDGE('',*,*,#9824,.T.);
#10302 = ORIENTED_EDGE('',*,*,#9855,.T.);
#10303 = ORIENTED_EDGE('',*,*,#9886,.T.);
#10304 = ORIENTED_EDGE('',*,*,#9917,.T.);
#10305 = ORIENTED_EDGE('',*,*,#9948,.T.);
#10306 = ORIENTED_EDGE('',*,*,#9979,.T.);
#10307 = ORIENTED_EDGE('',*,*,#10010,.T.);
#10308 = ORIENTED_EDGE('',*,*,#10041,.T.);
#10309 = ORIENTED_EDGE('',*,*,#10072,.T.);
#10310 = ORIENTED_EDGE('',*,*,#10103,.T.);
#10311 = ORIENTED_EDGE('',*,*,#10134,.T.);
#10312 = ORIENTED_EDGE('',*,*,#10165,.T.);
#10313 = ORIENTED_EDGE('',*,*,#10196,.T.);
#10314 = ORIENTED_EDGE('',*,*,#10227,.T.);
#10315 = ORIENTED_EDGE('',*,*,#10249,.T.);
#10316 = PLANE('',#10317);
#10317 = AXIS2_PLACEMENT_3D('',#10318,#10319,#10320);
#10318 = CARTESIAN_POINT('',(62.126611367162,-59.88525127241,23.3162));
#10319 = DIRECTION('',(-0.,-0.,-1.));
#10320 = DIRECTION('',(-1.,0.,0.));
#10321 = ADVANCED_FACE('',(#10322),#10378,.F.);
#10322 = FACE_BOUND('',#10323,.F.);
#10323 = EDGE_LOOP('',(#10324,#10325,#10326,#10327,#10328,#10329,#10330,
    #10331,#10332,#10333,#10334,#10335,#10336,#10337,#10338,#10339,
    #10340,#10341,#10342,#10343,#10344,#10345,#10346,#10347,#10348,
    #10349,#10350,#10351,#10352,#10353,#10354,#10355,#10356,#10357,
    #10358,#10359,#10360,#10361,#10362,#10363,#10364,#10365,#10366,
    #10367,#10368,#10369,#10370,#10371,#10372,#10373,#10374,#10375,
    #10376,#10377));
#10324 = ORIENTED_EDGE('',*,*,#8599,.T.);
#10325 = ORIENTED_EDGE('',*,*,#8630,.T.);
#10326 = ORIENTED_EDGE('',*,*,#8661,.T.);
#10327 = ORIENTED_EDGE('',*,*,#8692,.T.);
#10328 = ORIENTED_EDGE('',*,*,#8723,.T.);
#10329 = ORIENTED_EDGE('',*,*,#8754,.T.);
#10330 = ORIENTED_EDGE('',*,*,#8785,.T.);
#10331 = ORIENTED_EDGE('',*,*,#8816,.T.);
#10332 = ORIENTED_EDGE('',*,*,#8847,.T.);
#10333 = ORIENTED_EDGE('',*,*,#8878,.T.);
#10334 = ORIENTED_EDGE('',*,*,#8909,.T.);
#10335 = ORIENTED_EDGE('',*,*,#8940,.T.);
#10336 = ORIENTED_EDGE('',*,*,#8971,.T.);
#10337 = ORIENTED_EDGE('',*,*,#9002,.T.);
#10338 = ORIENTED_EDGE('',*,*,#9033,.T.);
#10339 = ORIENTED_EDGE('',*,*,#9064,.T.);
#10340 = ORIENTED_EDGE('',*,*,#9095,.T.);
#10341 = ORIENTED_EDGE('',*,*,#9126,.T.);
#10342 = ORIENTED_EDGE('',*,*,#9157,.T.);
#10343 = ORIENTED_EDGE('',*,*,#9188,.T.);
#10344 = ORIENTED_EDGE('',*,*,#9219,.T.);
#10345 = ORIENTED_EDGE('',*,*,#9250,.T.);
#10346 = ORIENTED_EDGE('',*,*,#9281,.T.);
#10347 = ORIENTED_EDGE('',*,*,#9312,.T.);
#10348 = ORIENTED_EDGE('',*,*,#9343,.T.);
#10349 = ORIENTED_EDGE('',*,*,#9374,.T.);
#10350 = ORIENTED_EDGE('',*,*,#9405,.T.);
#10351 = ORIENTED_EDGE('',*,*,#9436,.T.);
#10352 = ORIENTED_EDGE('',*,*,#9467,.T.);
#10353 = ORIENTED_EDGE('',*,*,#9498,.T.);
#10354 = ORIENTED_EDGE('',*,*,#9529,.T.);
#10355 = ORIENTED_EDGE('',*,*,#9560,.T.);
#10356 = ORIENTED_EDGE('',*,*,#9591,.T.);
#10357 = ORIENTED_EDGE('',*,*,#9622,.T.);
#10358 = ORIENTED_EDGE('',*,*,#9653,.T.);
#10359 = ORIENTED_EDGE('',*,*,#9684,.T.);
#10360 = ORIENTED_EDGE('',*,*,#9715,.T.);
#10361 = ORIENTED_EDGE('',*,*,#9746,.T.);
#10362 = ORIENTED_EDGE('',*,*,#9777,.T.);
#10363 = ORIENTED_EDGE('',*,*,#9808,.T.);
#10364 = ORIENTED_EDGE('',*,*,#9839,.T.);
#10365 = ORIENTED_EDGE('',*,*,#9870,.T.);
#10366 = ORIENTED_EDGE('',*,*,#9901,.T.);
#10367 = ORIENTED_EDGE('',*,*,#9932,.T.);
#10368 = ORIENTED_EDGE('',*,*,#9963,.T.);
#10369 = ORIENTED_EDGE('',*,*,#9994,.T.);
#10370 = ORIENTED_EDGE('',*,*,#10025,.T.);
#10371 = ORIENTED_EDGE('',*,*,#10056,.T.);
#10372 = ORIENTED_EDGE('',*,*,#10087,.T.);
#10373 = ORIENTED_EDGE('',*,*,#10118,.T.);
#10374 = ORIENTED_EDGE('',*,*,#10149,.T.);
#10375 = ORIENTED_EDGE('',*,*,#10180,.T.);
#10376 = ORIENTED_EDGE('',*,*,#10211,.T.);
#10377 = ORIENTED_EDGE('',*,*,#10242,.T.);
#10378 = PLANE('',#10379);
#10379 = AXIS2_PLACEMENT_3D('',#10380,#10381,#10382);
#10380 = CARTESIAN_POINT('',(62.126611367162,-59.88525127241,24.5162));
#10381 = DIRECTION('',(-0.,-0.,-1.));
#10382 = DIRECTION('',(-1.,0.,0.));
#10383 = MANIFOLD_SOLID_BREP('',#10384);
#10384 = CLOSED_SHELL('',(#10385,#10425,#10456,#10487,#10518,#10549,
    #10580,#10611,#10642,#10673,#10704,#10735,#10766,#10797,#10828,
    #10859,#10890,#10921,#10952,#10983,#11014,#11045,#11076,#11107,
    #11138,#11169,#11200,#11231,#11262,#11293,#11324,#11355,#11386,
    #11417,#11448,#11479,#11510,#11541,#11563,#11609));
#10385 = ADVANCED_FACE('',(#10386),#10420,.T.);
#10386 = FACE_BOUND('',#10387,.T.);
#10387 = EDGE_LOOP('',(#10388,#10398,#10406,#10414));
#10388 = ORIENTED_EDGE('',*,*,#10389,.T.);
#10389 = EDGE_CURVE('',#10390,#10392,#10394,.T.);
#10390 = VERTEX_POINT('',#10391);
#10391 = CARTESIAN_POINT('',(61.353739390726,-63.05917010495,23.3162));
#10392 = VERTEX_POINT('',#10393);
#10393 = CARTESIAN_POINT('',(61.353739390726,-63.05917010495,24.5162));
#10394 = LINE('',#10395,#10396);
#10395 = CARTESIAN_POINT('',(61.353739390726,-63.05917010495,23.3162));
#10396 = VECTOR('',#10397,1.);
#10397 = DIRECTION('',(0.,0.,1.));
#10398 = ORIENTED_EDGE('',*,*,#10399,.T.);
#10399 = EDGE_CURVE('',#10392,#10400,#10402,.T.);
#10400 = VERTEX_POINT('',#10401);
#10401 = CARTESIAN_POINT('',(63.633929877154,-63.00558298198,24.5162));
#10402 = LINE('',#10403,#10404);
#10403 = CARTESIAN_POINT('',(61.353739390726,-63.05917010495,24.5162));
#10404 = VECTOR('',#10405,1.);
#10405 = DIRECTION('',(0.999723962061,2.349467345381E-02,0.));
#10406 = ORIENTED_EDGE('',*,*,#10407,.F.);
#10407 = EDGE_CURVE('',#10408,#10400,#10410,.T.);
#10408 = VERTEX_POINT('',#10409);
#10409 = CARTESIAN_POINT('',(63.633929877154,-63.00558298198,23.3162));
#10410 = LINE('',#10411,#10412);
#10411 = CARTESIAN_POINT('',(63.633929877154,-63.00558298198,23.3162));
#10412 = VECTOR('',#10413,1.);
#10413 = DIRECTION('',(0.,0.,1.));
#10414 = ORIENTED_EDGE('',*,*,#10415,.F.);
#10415 = EDGE_CURVE('',#10390,#10408,#10416,.T.);
#10416 = LINE('',#10417,#10418);
#10417 = CARTESIAN_POINT('',(61.353739390726,-63.05917010495,23.3162));
#10418 = VECTOR('',#10419,1.);
#10419 = DIRECTION('',(0.999723962061,2.349467345381E-02,0.));
#10420 = PLANE('',#10421);
#10421 = AXIS2_PLACEMENT_3D('',#10422,#10423,#10424);
#10422 = CARTESIAN_POINT('',(61.353739390726,-63.05917010495,23.3162));
#10423 = DIRECTION('',(-2.349467345381E-02,0.999723962061,0.));
#10424 = DIRECTION('',(0.999723962061,2.349467345381E-02,0.));
#10425 = ADVANCED_FACE('',(#10426),#10451,.T.);
#10426 = FACE_BOUND('',#10427,.T.);
#10427 = EDGE_LOOP('',(#10428,#10429,#10437,#10445));
#10428 = ORIENTED_EDGE('',*,*,#10407,.T.);
#10429 = ORIENTED_EDGE('',*,*,#10430,.T.);
#10430 = EDGE_CURVE('',#10400,#10431,#10433,.T.);
#10431 = VERTEX_POINT('',#10432);
#10432 = CARTESIAN_POINT('',(64.535568538947,-63.09613301127,24.5162));
#10433 = LINE('',#10434,#10435);
#10434 = CARTESIAN_POINT('',(63.633929877154,-63.00558298198,24.5162));
#10435 = VECTOR('',#10436,1.);
#10436 = DIRECTION('',(0.994994908013,-9.992563748722E-02,0.));
#10437 = ORIENTED_EDGE('',*,*,#10438,.F.);
#10438 = EDGE_CURVE('',#10439,#10431,#10441,.T.);
#10439 = VERTEX_POINT('',#10440);
#10440 = CARTESIAN_POINT('',(64.535568538947,-63.09613301127,23.3162));
#10441 = LINE('',#10442,#10443);
#10442 = CARTESIAN_POINT('',(64.535568538947,-63.09613301127,23.3162));
#10443 = VECTOR('',#10444,1.);
#10444 = DIRECTION('',(0.,0.,1.));
#10445 = ORIENTED_EDGE('',*,*,#10446,.F.);
#10446 = EDGE_CURVE('',#10408,#10439,#10447,.T.);
#10447 = LINE('',#10448,#10449);
#10448 = CARTESIAN_POINT('',(63.633929877154,-63.00558298198,23.3162));
#10449 = VECTOR('',#10450,1.);
#10450 = DIRECTION('',(0.994994908013,-9.992563748722E-02,0.));
#10451 = PLANE('',#10452);
#10452 = AXIS2_PLACEMENT_3D('',#10453,#10454,#10455);
#10453 = CARTESIAN_POINT('',(63.633929877154,-63.00558298198,23.3162));
#10454 = DIRECTION('',(9.992563748722E-02,0.994994908013,-0.));
#10455 = DIRECTION('',(0.994994908013,-9.992563748722E-02,0.));
#10456 = ADVANCED_FACE('',(#10457),#10482,.T.);
#10457 = FACE_BOUND('',#10458,.T.);
#10458 = EDGE_LOOP('',(#10459,#10460,#10468,#10476));
#10459 = ORIENTED_EDGE('',*,*,#10438,.T.);
#10460 = ORIENTED_EDGE('',*,*,#10461,.T.);
#10461 = EDGE_CURVE('',#10431,#10462,#10464,.T.);
#10462 = VERTEX_POINT('',#10463);
#10463 = CARTESIAN_POINT('',(64.739323487834,-63.23250178719,24.5162));
#10464 = LINE('',#10465,#10466);
#10465 = CARTESIAN_POINT('',(64.535568538947,-63.09613301127,24.5162));
#10466 = VECTOR('',#10467,1.);
#10467 = DIRECTION('',(0.83104719979,-0.556201898344,0.));
#10468 = ORIENTED_EDGE('',*,*,#10469,.F.);
#10469 = EDGE_CURVE('',#10470,#10462,#10472,.T.);
#10470 = VERTEX_POINT('',#10471);
#10471 = CARTESIAN_POINT('',(64.739323487834,-63.23250178719,23.3162));
#10472 = LINE('',#10473,#10474);
#10473 = CARTESIAN_POINT('',(64.739323487834,-63.23250178719,23.3162));
#10474 = VECTOR('',#10475,1.);
#10475 = DIRECTION('',(0.,0.,1.));
#10476 = ORIENTED_EDGE('',*,*,#10477,.F.);
#10477 = EDGE_CURVE('',#10439,#10470,#10478,.T.);
#10478 = LINE('',#10479,#10480);
#10479 = CARTESIAN_POINT('',(64.535568538947,-63.09613301127,23.3162));
#10480 = VECTOR('',#10481,1.);
#10481 = DIRECTION('',(0.83104719979,-0.556201898344,0.));
#10482 = PLANE('',#10483);
#10483 = AXIS2_PLACEMENT_3D('',#10484,#10485,#10486);
#10484 = CARTESIAN_POINT('',(64.535568538947,-63.09613301127,23.3162));
#10485 = DIRECTION('',(0.556201898344,0.83104719979,-0.));
#10486 = DIRECTION('',(0.83104719979,-0.556201898344,0.));
#10487 = ADVANCED_FACE('',(#10488),#10513,.T.);
#10488 = FACE_BOUND('',#10489,.T.);
#10489 = EDGE_LOOP('',(#10490,#10491,#10499,#10507));
#10490 = ORIENTED_EDGE('',*,*,#10469,.T.);
#10491 = ORIENTED_EDGE('',*,*,#10492,.T.);
#10492 = EDGE_CURVE('',#10462,#10493,#10495,.T.);
#10493 = VERTEX_POINT('',#10494);
#10494 = CARTESIAN_POINT('',(64.732070228645,-63.45839912233,24.5162));
#10495 = LINE('',#10496,#10497);
#10496 = CARTESIAN_POINT('',(64.739323487834,-63.23250178719,24.5162));
#10497 = VECTOR('',#10498,1.);
#10498 = DIRECTION('',(-3.209211451325E-02,-0.999484915437,0.));
#10499 = ORIENTED_EDGE('',*,*,#10500,.F.);
#10500 = EDGE_CURVE('',#10501,#10493,#10503,.T.);
#10501 = VERTEX_POINT('',#10502);
#10502 = CARTESIAN_POINT('',(64.732070228645,-63.45839912233,23.3162));
#10503 = LINE('',#10504,#10505);
#10504 = CARTESIAN_POINT('',(64.732070228645,-63.45839912233,23.3162));
#10505 = VECTOR('',#10506,1.);
#10506 = DIRECTION('',(0.,0.,1.));
#10507 = ORIENTED_EDGE('',*,*,#10508,.F.);
#10508 = EDGE_CURVE('',#10470,#10501,#10509,.T.);
#10509 = LINE('',#10510,#10511);
#10510 = CARTESIAN_POINT('',(64.739323487834,-63.23250178719,23.3162));
#10511 = VECTOR('',#10512,1.);
#10512 = DIRECTION('',(-3.209211451325E-02,-0.999484915437,0.));
#10513 = PLANE('',#10514);
#10514 = AXIS2_PLACEMENT_3D('',#10515,#10516,#10517);
#10515 = CARTESIAN_POINT('',(64.739323487834,-63.23250178719,23.3162));
#10516 = DIRECTION('',(0.999484915437,-3.209211451325E-02,0.));
#10517 = DIRECTION('',(-3.209211451325E-02,-0.999484915437,0.));
#10518 = ADVANCED_FACE('',(#10519),#10544,.T.);
#10519 = FACE_BOUND('',#10520,.T.);
#10520 = EDGE_LOOP('',(#10521,#10522,#10530,#10538));
#10521 = ORIENTED_EDGE('',*,*,#10500,.T.);
#10522 = ORIENTED_EDGE('',*,*,#10523,.T.);
#10523 = EDGE_CURVE('',#10493,#10524,#10526,.T.);
#10524 = VERTEX_POINT('',#10525);
#10525 = CARTESIAN_POINT('',(64.454119034074,-63.60461740212,24.5162));
#10526 = LINE('',#10527,#10528);
#10527 = CARTESIAN_POINT('',(64.732070228645,-63.45839912233,24.5162));
#10528 = VECTOR('',#10529,1.);
#10529 = DIRECTION('',(-0.885012457162,-0.465567342786,0.));
#10530 = ORIENTED_EDGE('',*,*,#10531,.F.);
#10531 = EDGE_CURVE('',#10532,#10524,#10534,.T.);
#10532 = VERTEX_POINT('',#10533);
#10533 = CARTESIAN_POINT('',(64.454119034074,-63.60461740212,23.3162));
#10534 = LINE('',#10535,#10536);
#10535 = CARTESIAN_POINT('',(64.454119034074,-63.60461740212,23.3162));
#10536 = VECTOR('',#10537,1.);
#10537 = DIRECTION('',(0.,0.,1.));
#10538 = ORIENTED_EDGE('',*,*,#10539,.F.);
#10539 = EDGE_CURVE('',#10501,#10532,#10540,.T.);
#10540 = LINE('',#10541,#10542);
#10541 = CARTESIAN_POINT('',(64.732070228645,-63.45839912233,23.3162));
#10542 = VECTOR('',#10543,1.);
#10543 = DIRECTION('',(-0.885012457162,-0.465567342786,0.));
#10544 = PLANE('',#10545);
#10545 = AXIS2_PLACEMENT_3D('',#10546,#10547,#10548);
#10546 = CARTESIAN_POINT('',(64.732070228645,-63.45839912233,23.3162));
#10547 = DIRECTION('',(0.465567342786,-0.885012457162,0.));
#10548 = DIRECTION('',(-0.885012457162,-0.465567342786,0.));
#10549 = ADVANCED_FACE('',(#10550),#10575,.T.);
#10550 = FACE_BOUND('',#10551,.T.);
#10551 = EDGE_LOOP('',(#10552,#10553,#10561,#10569));
#10552 = ORIENTED_EDGE('',*,*,#10531,.T.);
#10553 = ORIENTED_EDGE('',*,*,#10554,.T.);
#10554 = EDGE_CURVE('',#10524,#10555,#10557,.T.);
#10555 = VERTEX_POINT('',#10556);
#10556 = CARTESIAN_POINT('',(61.637671418031,-63.72492739913,24.5162));
#10557 = LINE('',#10558,#10559);
#10558 = CARTESIAN_POINT('',(64.454119034074,-63.60461740212,24.5162));
#10559 = VECTOR('',#10560,1.);
#10560 = DIRECTION('',(-0.999088878653,-4.26780101691E-02,0.));
#10561 = ORIENTED_EDGE('',*,*,#10562,.F.);
#10562 = EDGE_CURVE('',#10563,#10555,#10565,.T.);
#10563 = VERTEX_POINT('',#10564);
#10564 = CARTESIAN_POINT('',(61.637671418031,-63.72492739913,23.3162));
#10565 = LINE('',#10566,#10567);
#10566 = CARTESIAN_POINT('',(61.637671418031,-63.72492739913,23.3162));
#10567 = VECTOR('',#10568,1.);
#10568 = DIRECTION('',(0.,0.,1.));
#10569 = ORIENTED_EDGE('',*,*,#10570,.F.);
#10570 = EDGE_CURVE('',#10532,#10563,#10571,.T.);
#10571 = LINE('',#10572,#10573);
#10572 = CARTESIAN_POINT('',(64.454119034074,-63.60461740212,23.3162));
#10573 = VECTOR('',#10574,1.);
#10574 = DIRECTION('',(-0.999088878653,-4.26780101691E-02,0.));
#10575 = PLANE('',#10576);
#10576 = AXIS2_PLACEMENT_3D('',#10577,#10578,#10579);
#10577 = CARTESIAN_POINT('',(64.454119034074,-63.60461740212,23.3162));
#10578 = DIRECTION('',(4.26780101691E-02,-0.999088878653,0.));
#10579 = DIRECTION('',(-0.999088878653,-4.26780101691E-02,0.));
#10580 = ADVANCED_FACE('',(#10581),#10606,.T.);
#10581 = FACE_BOUND('',#10582,.T.);
#10582 = EDGE_LOOP('',(#10583,#10584,#10592,#10600));
#10583 = ORIENTED_EDGE('',*,*,#10562,.T.);
#10584 = ORIENTED_EDGE('',*,*,#10585,.T.);
#10585 = EDGE_CURVE('',#10555,#10586,#10588,.T.);
#10586 = VERTEX_POINT('',#10587);
#10587 = CARTESIAN_POINT('',(61.032335235754,-63.87199280781,24.5162));
#10588 = LINE('',#10589,#10590);
#10589 = CARTESIAN_POINT('',(61.637671418031,-63.72492739913,24.5162));
#10590 = VECTOR('',#10591,1.);
#10591 = DIRECTION('',(-0.971733381561,-0.236080992796,0.));
#10592 = ORIENTED_EDGE('',*,*,#10593,.F.);
#10593 = EDGE_CURVE('',#10594,#10586,#10596,.T.);
#10594 = VERTEX_POINT('',#10595);
#10595 = CARTESIAN_POINT('',(61.032335235754,-63.87199280781,23.3162));
#10596 = LINE('',#10597,#10598);
#10597 = CARTESIAN_POINT('',(61.032335235754,-63.87199280781,23.3162));
#10598 = VECTOR('',#10599,1.);
#10599 = DIRECTION('',(0.,0.,1.));
#10600 = ORIENTED_EDGE('',*,*,#10601,.F.);
#10601 = EDGE_CURVE('',#10563,#10594,#10602,.T.);
#10602 = LINE('',#10603,#10604);
#10603 = CARTESIAN_POINT('',(61.637671418031,-63.72492739913,23.3162));
#10604 = VECTOR('',#10605,1.);
#10605 = DIRECTION('',(-0.971733381561,-0.236080992796,0.));
#10606 = PLANE('',#10607);
#10607 = AXIS2_PLACEMENT_3D('',#10608,#10609,#10610);
#10608 = CARTESIAN_POINT('',(61.637671418031,-63.72492739913,23.3162));
#10609 = DIRECTION('',(0.236080992796,-0.971733381561,0.));
#10610 = DIRECTION('',(-0.971733381561,-0.236080992796,0.));
#10611 = ADVANCED_FACE('',(#10612),#10637,.T.);
#10612 = FACE_BOUND('',#10613,.T.);
#10613 = EDGE_LOOP('',(#10614,#10615,#10623,#10631));
#10614 = ORIENTED_EDGE('',*,*,#10593,.T.);
#10615 = ORIENTED_EDGE('',*,*,#10616,.T.);
#10616 = EDGE_CURVE('',#10586,#10617,#10619,.T.);
#10617 = VERTEX_POINT('',#10618);
#10618 = CARTESIAN_POINT('',(60.426735802148,-64.3727992642,24.5162));
#10619 = LINE('',#10620,#10621);
#10620 = CARTESIAN_POINT('',(61.032335235754,-63.87199280781,24.5162));
#10621 = VECTOR('',#10622,1.);
#10622 = DIRECTION('',(-0.770631330203,-0.637281219642,0.));
#10623 = ORIENTED_EDGE('',*,*,#10624,.F.);
#10624 = EDGE_CURVE('',#10625,#10617,#10627,.T.);
#10625 = VERTEX_POINT('',#10626);
#10626 = CARTESIAN_POINT('',(60.426735802148,-64.3727992642,23.3162));
#10627 = LINE('',#10628,#10629);
#10628 = CARTESIAN_POINT('',(60.426735802148,-64.3727992642,23.3162));
#10629 = VECTOR('',#10630,1.);
#10630 = DIRECTION('',(0.,0.,1.));
#10631 = ORIENTED_EDGE('',*,*,#10632,.F.);
#10632 = EDGE_CURVE('',#10594,#10625,#10633,.T.);
#10633 = LINE('',#10634,#10635);
#10634 = CARTESIAN_POINT('',(61.032335235754,-63.87199280781,23.3162));
#10635 = VECTOR('',#10636,1.);
#10636 = DIRECTION('',(-0.770631330203,-0.637281219642,0.));
#10637 = PLANE('',#10638);
#10638 = AXIS2_PLACEMENT_3D('',#10639,#10640,#10641);
#10639 = CARTESIAN_POINT('',(61.032335235754,-63.87199280781,23.3162));
#10640 = DIRECTION('',(0.637281219642,-0.770631330203,0.));
#10641 = DIRECTION('',(-0.770631330203,-0.637281219642,0.));
#10642 = ADVANCED_FACE('',(#10643),#10668,.T.);
#10643 = FACE_BOUND('',#10644,.T.);
#10644 = EDGE_LOOP('',(#10645,#10646,#10654,#10662));
#10645 = ORIENTED_EDGE('',*,*,#10624,.T.);
#10646 = ORIENTED_EDGE('',*,*,#10647,.T.);
#10647 = EDGE_CURVE('',#10617,#10648,#10650,.T.);
#10648 = VERTEX_POINT('',#10649);
#10649 = CARTESIAN_POINT('',(60.177103723894,-64.90024674359,24.5162));
#10650 = LINE('',#10651,#10652);
#10651 = CARTESIAN_POINT('',(60.426735802148,-64.3727992642,24.5162));
#10652 = VECTOR('',#10653,1.);
#10653 = DIRECTION('',(-0.427790348006,-0.903877988532,0.));
#10654 = ORIENTED_EDGE('',*,*,#10655,.F.);
#10655 = EDGE_CURVE('',#10656,#10648,#10658,.T.);
#10656 = VERTEX_POINT('',#10657);
#10657 = CARTESIAN_POINT('',(60.177103723894,-64.90024674359,23.3162));
#10658 = LINE('',#10659,#10660);
#10659 = CARTESIAN_POINT('',(60.177103723894,-64.90024674359,23.3162));
#10660 = VECTOR('',#10661,1.);
#10661 = DIRECTION('',(0.,0.,1.));
#10662 = ORIENTED_EDGE('',*,*,#10663,.F.);
#10663 = EDGE_CURVE('',#10625,#10656,#10664,.T.);
#10664 = LINE('',#10665,#10666);
#10665 = CARTESIAN_POINT('',(60.426735802148,-64.3727992642,23.3162));
#10666 = VECTOR('',#10667,1.);
#10667 = DIRECTION('',(-0.427790348006,-0.903877988532,0.));
#10668 = PLANE('',#10669);
#10669 = AXIS2_PLACEMENT_3D('',#10670,#10671,#10672);
#10670 = CARTESIAN_POINT('',(60.426735802148,-64.3727992642,23.3162));
#10671 = DIRECTION('',(0.903877988532,-0.427790348006,0.));
#10672 = DIRECTION('',(-0.427790348006,-0.903877988532,0.));
#10673 = ADVANCED_FACE('',(#10674),#10699,.T.);
#10674 = FACE_BOUND('',#10675,.T.);
#10675 = EDGE_LOOP('',(#10676,#10677,#10685,#10693));
#10676 = ORIENTED_EDGE('',*,*,#10655,.T.);
#10677 = ORIENTED_EDGE('',*,*,#10678,.T.);
#10678 = EDGE_CURVE('',#10648,#10679,#10681,.T.);
#10679 = VERTEX_POINT('',#10680);
#10680 = CARTESIAN_POINT('',(60.136496197624,-65.4890299084,24.5162));
#10681 = LINE('',#10682,#10683);
#10682 = CARTESIAN_POINT('',(60.177103723894,-64.90024674359,24.5162));
#10683 = VECTOR('',#10684,1.);
#10684 = DIRECTION('',(-6.8805111513E-02,-0.99763012015,0.));
#10685 = ORIENTED_EDGE('',*,*,#10686,.F.);
#10686 = EDGE_CURVE('',#10687,#10679,#10689,.T.);
#10687 = VERTEX_POINT('',#10688);
#10688 = CARTESIAN_POINT('',(60.136496197624,-65.4890299084,23.3162));
#10689 = LINE('',#10690,#10691);
#10690 = CARTESIAN_POINT('',(60.136496197624,-65.4890299084,23.3162));
#10691 = VECTOR('',#10692,1.);
#10692 = DIRECTION('',(0.,0.,1.));
#10693 = ORIENTED_EDGE('',*,*,#10694,.F.);
#10694 = EDGE_CURVE('',#10656,#10687,#10695,.T.);
#10695 = LINE('',#10696,#10697);
#10696 = CARTESIAN_POINT('',(60.177103723894,-64.90024674359,23.3162));
#10697 = VECTOR('',#10698,1.);
#10698 = DIRECTION('',(-6.8805111513E-02,-0.99763012015,0.));
#10699 = PLANE('',#10700);
#10700 = AXIS2_PLACEMENT_3D('',#10701,#10702,#10703);
#10701 = CARTESIAN_POINT('',(60.177103723894,-64.90024674359,23.3162));
#10702 = DIRECTION('',(0.99763012015,-6.8805111513E-02,0.));
#10703 = DIRECTION('',(-6.8805111513E-02,-0.99763012015,0.));
#10704 = ADVANCED_FACE('',(#10705),#10730,.T.);
#10705 = FACE_BOUND('',#10706,.T.);
#10706 = EDGE_LOOP('',(#10707,#10708,#10716,#10724));
#10707 = ORIENTED_EDGE('',*,*,#10686,.T.);
#10708 = ORIENTED_EDGE('',*,*,#10709,.T.);
#10709 = EDGE_CURVE('',#10679,#10710,#10712,.T.);
#10710 = VERTEX_POINT('',#10711);
#10711 = CARTESIAN_POINT('',(60.317303673583,-66.0893153833,24.5162));
#10712 = LINE('',#10713,#10714);
#10713 = CARTESIAN_POINT('',(60.136496197624,-65.4890299084,24.5162));
#10714 = VECTOR('',#10715,1.);
#10715 = DIRECTION('',(0.288404030749,-0.957508806773,0.));
#10716 = ORIENTED_EDGE('',*,*,#10717,.F.);
#10717 = EDGE_CURVE('',#10718,#10710,#10720,.T.);
#10718 = VERTEX_POINT('',#10719);
#10719 = CARTESIAN_POINT('',(60.317303673583,-66.0893153833,23.3162));
#10720 = LINE('',#10721,#10722);
#10721 = CARTESIAN_POINT('',(60.317303673583,-66.0893153833,23.3162));
#10722 = VECTOR('',#10723,1.);
#10723 = DIRECTION('',(0.,0.,1.));
#10724 = ORIENTED_EDGE('',*,*,#10725,.F.);
#10725 = EDGE_CURVE('',#10687,#10718,#10726,.T.);
#10726 = LINE('',#10727,#10728);
#10727 = CARTESIAN_POINT('',(60.136496197624,-65.4890299084,23.3162));
#10728 = VECTOR('',#10729,1.);
#10729 = DIRECTION('',(0.288404030749,-0.957508806773,0.));
#10730 = PLANE('',#10731);
#10731 = AXIS2_PLACEMENT_3D('',#10732,#10733,#10734);
#10732 = CARTESIAN_POINT('',(60.136496197624,-65.4890299084,23.3162));
#10733 = DIRECTION('',(0.957508806773,0.288404030749,-0.));
#10734 = DIRECTION('',(0.288404030749,-0.957508806773,0.));
#10735 = ADVANCED_FACE('',(#10736),#10761,.T.);
#10736 = FACE_BOUND('',#10737,.T.);
#10737 = EDGE_LOOP('',(#10738,#10739,#10747,#10755));
#10738 = ORIENTED_EDGE('',*,*,#10717,.T.);
#10739 = ORIENTED_EDGE('',*,*,#10740,.T.);
#10740 = EDGE_CURVE('',#10710,#10741,#10743,.T.);
#10741 = VERTEX_POINT('',#10742);
#10742 = CARTESIAN_POINT('',(60.557950474852,-66.45196484317,24.5162));
#10743 = LINE('',#10744,#10745);
#10744 = CARTESIAN_POINT('',(60.317303673583,-66.0893153833,24.5162));
#10745 = VECTOR('',#10746,1.);
#10746 = DIRECTION('',(0.552918163001,-0.833235563946,0.));
#10747 = ORIENTED_EDGE('',*,*,#10748,.F.);
#10748 = EDGE_CURVE('',#10749,#10741,#10751,.T.);
#10749 = VERTEX_POINT('',#10750);
#10750 = CARTESIAN_POINT('',(60.557950474852,-66.45196484317,23.3162));
#10751 = LINE('',#10752,#10753);
#10752 = CARTESIAN_POINT('',(60.557950474852,-66.45196484317,23.3162));
#10753 = VECTOR('',#10754,1.);
#10754 = DIRECTION('',(0.,0.,1.));
#10755 = ORIENTED_EDGE('',*,*,#10756,.F.);
#10756 = EDGE_CURVE('',#10718,#10749,#10757,.T.);
#10757 = LINE('',#10758,#10759);
#10758 = CARTESIAN_POINT('',(60.317303673583,-66.0893153833,23.3162));
#10759 = VECTOR('',#10760,1.);
#10760 = DIRECTION('',(0.552918163001,-0.833235563946,0.));
#10761 = PLANE('',#10762);
#10762 = AXIS2_PLACEMENT_3D('',#10763,#10764,#10765);
#10763 = CARTESIAN_POINT('',(60.317303673583,-66.0893153833,23.3162));
#10764 = DIRECTION('',(0.833235563946,0.552918163001,-0.));
#10765 = DIRECTION('',(0.552918163001,-0.833235563946,0.));
#10766 = ADVANCED_FACE('',(#10767),#10792,.T.);
#10767 = FACE_BOUND('',#10768,.T.);
#10768 = EDGE_LOOP('',(#10769,#10770,#10778,#10786));
#10769 = ORIENTED_EDGE('',*,*,#10748,.T.);
#10770 = ORIENTED_EDGE('',*,*,#10771,.T.);
#10771 = EDGE_CURVE('',#10741,#10772,#10774,.T.);
#10772 = VERTEX_POINT('',#10773);
#10773 = CARTESIAN_POINT('',(60.893834794265,-66.80058189578,24.5162));
#10774 = LINE('',#10775,#10776);
#10775 = CARTESIAN_POINT('',(60.557950474852,-66.45196484317,24.5162));
#10776 = VECTOR('',#10777,1.);
#10777 = DIRECTION('',(0.69383352616,-0.720135430302,0.));
#10778 = ORIENTED_EDGE('',*,*,#10779,.F.);
#10779 = EDGE_CURVE('',#10780,#10772,#10782,.T.);
#10780 = VERTEX_POINT('',#10781);
#10781 = CARTESIAN_POINT('',(60.893834794265,-66.80058189578,23.3162));
#10782 = LINE('',#10783,#10784);
#10783 = CARTESIAN_POINT('',(60.893834794265,-66.80058189578,23.3162));
#10784 = VECTOR('',#10785,1.);
#10785 = DIRECTION('',(0.,0.,1.));
#10786 = ORIENTED_EDGE('',*,*,#10787,.F.);
#10787 = EDGE_CURVE('',#10749,#10780,#10788,.T.);
#10788 = LINE('',#10789,#10790);
#10789 = CARTESIAN_POINT('',(60.557950474852,-66.45196484317,23.3162));
#10790 = VECTOR('',#10791,1.);
#10791 = DIRECTION('',(0.69383352616,-0.720135430302,0.));
#10792 = PLANE('',#10793);
#10793 = AXIS2_PLACEMENT_3D('',#10794,#10795,#10796);
#10794 = CARTESIAN_POINT('',(60.557950474852,-66.45196484317,23.3162));
#10795 = DIRECTION('',(0.720135430302,0.69383352616,-0.));
#10796 = DIRECTION('',(0.69383352616,-0.720135430302,0.));
#10797 = ADVANCED_FACE('',(#10798),#10823,.T.);
#10798 = FACE_BOUND('',#10799,.T.);
#10799 = EDGE_LOOP('',(#10800,#10801,#10809,#10817));
#10800 = ORIENTED_EDGE('',*,*,#10779,.T.);
#10801 = ORIENTED_EDGE('',*,*,#10802,.T.);
#10802 = EDGE_CURVE('',#10772,#10803,#10805,.T.);
#10803 = VERTEX_POINT('',#10804);
#10804 = CARTESIAN_POINT('',(61.238098439134,-67.02806679966,24.5162));
#10805 = LINE('',#10806,#10807);
#10806 = CARTESIAN_POINT('',(60.893834794265,-66.80058189578,24.5162));
#10807 = VECTOR('',#10808,1.);
#10808 = DIRECTION('',(0.834307458732,-0.551299432526,0.));
#10809 = ORIENTED_EDGE('',*,*,#10810,.F.);
#10810 = EDGE_CURVE('',#10811,#10803,#10813,.T.);
#10811 = VERTEX_POINT('',#10812);
#10812 = CARTESIAN_POINT('',(61.238098439134,-67.02806679966,23.3162));
#10813 = LINE('',#10814,#10815);
#10814 = CARTESIAN_POINT('',(61.238098439134,-67.02806679966,23.3162));
#10815 = VECTOR('',#10816,1.);
#10816 = DIRECTION('',(0.,0.,1.));
#10817 = ORIENTED_EDGE('',*,*,#10818,.F.);
#10818 = EDGE_CURVE('',#10780,#10811,#10819,.T.);
#10819 = LINE('',#10820,#10821);
#10820 = CARTESIAN_POINT('',(60.893834794265,-66.80058189578,23.3162));
#10821 = VECTOR('',#10822,1.);
#10822 = DIRECTION('',(0.834307458732,-0.551299432526,0.));
#10823 = PLANE('',#10824);
#10824 = AXIS2_PLACEMENT_3D('',#10825,#10826,#10827);
#10825 = CARTESIAN_POINT('',(60.893834794265,-66.80058189578,23.3162));
#10826 = DIRECTION('',(0.551299432526,0.834307458732,-0.));
#10827 = DIRECTION('',(0.834307458732,-0.551299432526,0.));
#10828 = ADVANCED_FACE('',(#10829),#10854,.T.);
#10829 = FACE_BOUND('',#10830,.T.);
#10830 = EDGE_LOOP('',(#10831,#10832,#10840,#10848));
#10831 = ORIENTED_EDGE('',*,*,#10810,.T.);
#10832 = ORIENTED_EDGE('',*,*,#10833,.T.);
#10833 = EDGE_CURVE('',#10803,#10834,#10836,.T.);
#10834 = VERTEX_POINT('',#10835);
#10835 = CARTESIAN_POINT('',(61.668733518998,-67.16769680131,24.5162));
#10836 = LINE('',#10837,#10838);
#10837 = CARTESIAN_POINT('',(61.238098439134,-67.02806679966,24.5162));
#10838 = VECTOR('',#10839,1.);
#10839 = DIRECTION('',(0.951245782788,-0.308433883885,0.));
#10840 = ORIENTED_EDGE('',*,*,#10841,.F.);
#10841 = EDGE_CURVE('',#10842,#10834,#10844,.T.);
#10842 = VERTEX_POINT('',#10843);
#10843 = CARTESIAN_POINT('',(61.668733518998,-67.16769680131,23.3162));
#10844 = LINE('',#10845,#10846);
#10845 = CARTESIAN_POINT('',(61.668733518998,-67.16769680131,23.3162));
#10846 = VECTOR('',#10847,1.);
#10847 = DIRECTION('',(0.,0.,1.));
#10848 = ORIENTED_EDGE('',*,*,#10849,.F.);
#10849 = EDGE_CURVE('',#10811,#10842,#10850,.T.);
#10850 = LINE('',#10851,#10852);
#10851 = CARTESIAN_POINT('',(61.238098439134,-67.02806679966,23.3162));
#10852 = VECTOR('',#10853,1.);
#10853 = DIRECTION('',(0.951245782788,-0.308433883885,0.));
#10854 = PLANE('',#10855);
#10855 = AXIS2_PLACEMENT_3D('',#10856,#10857,#10858);
#10856 = CARTESIAN_POINT('',(61.238098439134,-67.02806679966,23.3162));
#10857 = DIRECTION('',(0.308433883885,0.951245782788,-0.));
#10858 = DIRECTION('',(0.951245782788,-0.308433883885,0.));
#10859 = ADVANCED_FACE('',(#10860),#10885,.T.);
#10860 = FACE_BOUND('',#10861,.T.);
#10861 = EDGE_LOOP('',(#10862,#10863,#10871,#10879));
#10862 = ORIENTED_EDGE('',*,*,#10841,.T.);
#10863 = ORIENTED_EDGE('',*,*,#10864,.T.);
#10864 = EDGE_CURVE('',#10834,#10865,#10867,.T.);
#10865 = VERTEX_POINT('',#10866);
#10866 = CARTESIAN_POINT('',(62.272709912756,-67.23996325187,24.5162));
#10867 = LINE('',#10868,#10869);
#10868 = CARTESIAN_POINT('',(61.668733518998,-67.16769680131,24.5162));
#10869 = VECTOR('',#10870,1.);
#10870 = DIRECTION('',(0.992917759034,-0.11880371962,0.));
#10871 = ORIENTED_EDGE('',*,*,#10872,.F.);
#10872 = EDGE_CURVE('',#10873,#10865,#10875,.T.);
#10873 = VERTEX_POINT('',#10874);
#10874 = CARTESIAN_POINT('',(62.272709912756,-67.23996325187,23.3162));
#10875 = LINE('',#10876,#10877);
#10876 = CARTESIAN_POINT('',(62.272709912756,-67.23996325187,23.3162));
#10877 = VECTOR('',#10878,1.);
#10878 = DIRECTION('',(0.,0.,1.));
#10879 = ORIENTED_EDGE('',*,*,#10880,.F.);
#10880 = EDGE_CURVE('',#10842,#10873,#10881,.T.);
#10881 = LINE('',#10882,#10883);
#10882 = CARTESIAN_POINT('',(61.668733518998,-67.16769680131,23.3162));
#10883 = VECTOR('',#10884,1.);
#10884 = DIRECTION('',(0.992917759034,-0.11880371962,0.));
#10885 = PLANE('',#10886);
#10886 = AXIS2_PLACEMENT_3D('',#10887,#10888,#10889);
#10887 = CARTESIAN_POINT('',(61.668733518998,-67.16769680131,23.3162));
#10888 = DIRECTION('',(0.11880371962,0.992917759034,-0.));
#10889 = DIRECTION('',(0.992917759034,-0.11880371962,0.));
#10890 = ADVANCED_FACE('',(#10891),#10916,.T.);
#10891 = FACE_BOUND('',#10892,.T.);
#10892 = EDGE_LOOP('',(#10893,#10894,#10902,#10910));
#10893 = ORIENTED_EDGE('',*,*,#10872,.T.);
#10894 = ORIENTED_EDGE('',*,*,#10895,.T.);
#10895 = EDGE_CURVE('',#10865,#10896,#10898,.T.);
#10896 = VERTEX_POINT('',#10897);
#10897 = CARTESIAN_POINT('',(64.318390246044,-67.31723519631,24.5162));
#10898 = LINE('',#10899,#10900);
#10899 = CARTESIAN_POINT('',(62.272709912756,-67.23996325187,24.5162));
#10900 = VECTOR('',#10901,1.);
#10901 = DIRECTION('',(0.99928735424,-3.774630652607E-02,0.));
#10902 = ORIENTED_EDGE('',*,*,#10903,.F.);
#10903 = EDGE_CURVE('',#10904,#10896,#10906,.T.);
#10904 = VERTEX_POINT('',#10905);
#10905 = CARTESIAN_POINT('',(64.318390246044,-67.31723519631,23.3162));
#10906 = LINE('',#10907,#10908);
#10907 = CARTESIAN_POINT('',(64.318390246044,-67.31723519631,23.3162));
#10908 = VECTOR('',#10909,1.);
#10909 = DIRECTION('',(0.,0.,1.));
#10910 = ORIENTED_EDGE('',*,*,#10911,.F.);
#10911 = EDGE_CURVE('',#10873,#10904,#10912,.T.);
#10912 = LINE('',#10913,#10914);
#10913 = CARTESIAN_POINT('',(62.272709912756,-67.23996325187,23.3162));
#10914 = VECTOR('',#10915,1.);
#10915 = DIRECTION('',(0.99928735424,-3.774630652607E-02,0.));
#10916 = PLANE('',#10917);
#10917 = AXIS2_PLACEMENT_3D('',#10918,#10919,#10920);
#10918 = CARTESIAN_POINT('',(62.272709912756,-67.23996325187,23.3162));
#10919 = DIRECTION('',(3.774630652607E-02,0.99928735424,-0.));
#10920 = DIRECTION('',(0.99928735424,-3.774630652607E-02,0.));
#10921 = ADVANCED_FACE('',(#10922),#10947,.T.);
#10922 = FACE_BOUND('',#10923,.T.);
#10923 = EDGE_LOOP('',(#10924,#10925,#10933,#10941));
#10924 = ORIENTED_EDGE('',*,*,#10903,.T.);
#10925 = ORIENTED_EDGE('',*,*,#10926,.T.);
#10926 = EDGE_CURVE('',#10896,#10927,#10929,.T.);
#10927 = VERTEX_POINT('',#10928);
#10928 = CARTESIAN_POINT('',(64.620359627603,-67.38961439627,24.5162));
#10929 = LINE('',#10930,#10931);
#10930 = CARTESIAN_POINT('',(64.318390246044,-67.31723519631,24.5162));
#10931 = VECTOR('',#10932,1.);
#10932 = DIRECTION('',(0.972455554486,-0.233088383559,0.));
#10933 = ORIENTED_EDGE('',*,*,#10934,.F.);
#10934 = EDGE_CURVE('',#10935,#10927,#10937,.T.);
#10935 = VERTEX_POINT('',#10936);
#10936 = CARTESIAN_POINT('',(64.620359627603,-67.38961439627,23.3162));
#10937 = LINE('',#10938,#10939);
#10938 = CARTESIAN_POINT('',(64.620359627603,-67.38961439627,23.3162));
#10939 = VECTOR('',#10940,1.);
#10940 = DIRECTION('',(0.,0.,1.));
#10941 = ORIENTED_EDGE('',*,*,#10942,.F.);
#10942 = EDGE_CURVE('',#10904,#10935,#10943,.T.);
#10943 = LINE('',#10944,#10945);
#10944 = CARTESIAN_POINT('',(64.318390246044,-67.31723519631,23.3162));
#10945 = VECTOR('',#10946,1.);
#10946 = DIRECTION('',(0.972455554486,-0.233088383559,0.));
#10947 = PLANE('',#10948);
#10948 = AXIS2_PLACEMENT_3D('',#10949,#10950,#10951);
#10949 = CARTESIAN_POINT('',(64.318390246044,-67.31723519631,23.3162));
#10950 = DIRECTION('',(0.233088383559,0.972455554486,-0.));
#10951 = DIRECTION('',(0.972455554486,-0.233088383559,0.));
#10952 = ADVANCED_FACE('',(#10953),#10978,.T.);
#10953 = FACE_BOUND('',#10954,.T.);
#10954 = EDGE_LOOP('',(#10955,#10956,#10964,#10972));
#10955 = ORIENTED_EDGE('',*,*,#10934,.T.);
#10956 = ORIENTED_EDGE('',*,*,#10957,.T.);
#10957 = EDGE_CURVE('',#10927,#10958,#10960,.T.);
#10958 = VERTEX_POINT('',#10959);
#10959 = CARTESIAN_POINT('',(64.729335854449,-67.48463696472,24.5162));
#10960 = LINE('',#10961,#10962);
#10961 = CARTESIAN_POINT('',(64.620359627603,-67.38961439627,24.5162));
#10962 = VECTOR('',#10963,1.);
#10963 = DIRECTION('',(0.75371225099,-0.657204566865,0.));
#10964 = ORIENTED_EDGE('',*,*,#10965,.F.);
#10965 = EDGE_CURVE('',#10966,#10958,#10968,.T.);
#10966 = VERTEX_POINT('',#10967);
#10967 = CARTESIAN_POINT('',(64.729335854449,-67.48463696472,23.3162));
#10968 = LINE('',#10969,#10970);
#10969 = CARTESIAN_POINT('',(64.729335854449,-67.48463696472,23.3162));
#10970 = VECTOR('',#10971,1.);
#10971 = DIRECTION('',(0.,0.,1.));
#10972 = ORIENTED_EDGE('',*,*,#10973,.F.);
#10973 = EDGE_CURVE('',#10935,#10966,#10974,.T.);
#10974 = LINE('',#10975,#10976);
#10975 = CARTESIAN_POINT('',(64.620359627603,-67.38961439627,23.3162));
#10976 = VECTOR('',#10977,1.);
#10977 = DIRECTION('',(0.75371225099,-0.657204566865,0.));
#10978 = PLANE('',#10979);
#10979 = AXIS2_PLACEMENT_3D('',#10980,#10981,#10982);
#10980 = CARTESIAN_POINT('',(64.620359627603,-67.38961439627,23.3162));
#10981 = DIRECTION('',(0.657204566865,0.75371225099,-0.));
#10982 = DIRECTION('',(0.75371225099,-0.657204566865,0.));
#10983 = ADVANCED_FACE('',(#10984),#11009,.T.);
#10984 = FACE_BOUND('',#10985,.T.);
#10985 = EDGE_LOOP('',(#10986,#10987,#10995,#11003));
#10986 = ORIENTED_EDGE('',*,*,#10965,.T.);
#10987 = ORIENTED_EDGE('',*,*,#10988,.T.);
#10988 = EDGE_CURVE('',#10958,#10989,#10991,.T.);
#10989 = VERTEX_POINT('',#10990);
#10990 = CARTESIAN_POINT('',(64.7660782263,-67.6495824704,24.5162));
#10991 = LINE('',#10992,#10993);
#10992 = CARTESIAN_POINT('',(64.729335854449,-67.48463696472,24.5162));
#10993 = VECTOR('',#10994,1.);
#10994 = DIRECTION('',(0.217425627478,-0.976076890678,0.));
#10995 = ORIENTED_EDGE('',*,*,#10996,.F.);
#10996 = EDGE_CURVE('',#10997,#10989,#10999,.T.);
#10997 = VERTEX_POINT('',#10998);
#10998 = CARTESIAN_POINT('',(64.7660782263,-67.6495824704,23.3162));
#10999 = LINE('',#11000,#11001);
#11000 = CARTESIAN_POINT('',(64.7660782263,-67.6495824704,23.3162));
#11001 = VECTOR('',#11002,1.);
#11002 = DIRECTION('',(0.,0.,1.));
#11003 = ORIENTED_EDGE('',*,*,#11004,.F.);
#11004 = EDGE_CURVE('',#10966,#10997,#11005,.T.);
#11005 = LINE('',#11006,#11007);
#11006 = CARTESIAN_POINT('',(64.729335854449,-67.48463696472,23.3162));
#11007 = VECTOR('',#11008,1.);
#11008 = DIRECTION('',(0.217425627478,-0.976076890678,0.));
#11009 = PLANE('',#11010);
#11010 = AXIS2_PLACEMENT_3D('',#11011,#11012,#11013);
#11011 = CARTESIAN_POINT('',(64.729335854449,-67.48463696472,23.3162));
#11012 = DIRECTION('',(0.976076890678,0.217425627478,-0.));
#11013 = DIRECTION('',(0.217425627478,-0.976076890678,0.));
#11014 = ADVANCED_FACE('',(#11015),#11040,.T.);
#11015 = FACE_BOUND('',#11016,.T.);
#11016 = EDGE_LOOP('',(#11017,#11018,#11026,#11034));
#11017 = ORIENTED_EDGE('',*,*,#10996,.T.);
#11018 = ORIENTED_EDGE('',*,*,#11019,.T.);
#11019 = EDGE_CURVE('',#10989,#11020,#11022,.T.);
#11020 = VERTEX_POINT('',#11021);
#11021 = CARTESIAN_POINT('',(64.680103851061,-67.7739922887,24.5162));
#11022 = LINE('',#11023,#11024);
#11023 = CARTESIAN_POINT('',(64.7660782263,-67.6495824704,24.5162));
#11024 = VECTOR('',#11025,1.);
#11025 = DIRECTION('',(-0.568514676087,-0.822673120427,0.));
#11026 = ORIENTED_EDGE('',*,*,#11027,.F.);
#11027 = EDGE_CURVE('',#11028,#11020,#11030,.T.);
#11028 = VERTEX_POINT('',#11029);
#11029 = CARTESIAN_POINT('',(64.680103851061,-67.7739922887,23.3162));
#11030 = LINE('',#11031,#11032);
#11031 = CARTESIAN_POINT('',(64.680103851061,-67.7739922887,23.3162));
#11032 = VECTOR('',#11033,1.);
#11033 = DIRECTION('',(0.,0.,1.));
#11034 = ORIENTED_EDGE('',*,*,#11035,.F.);
#11035 = EDGE_CURVE('',#10997,#11028,#11036,.T.);
#11036 = LINE('',#11037,#11038);
#11037 = CARTESIAN_POINT('',(64.7660782263,-67.6495824704,23.3162));
#11038 = VECTOR('',#11039,1.);
#11039 = DIRECTION('',(-0.568514676087,-0.822673120427,0.));
#11040 = PLANE('',#11041);
#11041 = AXIS2_PLACEMENT_3D('',#11042,#11043,#11044);
#11042 = CARTESIAN_POINT('',(64.7660782263,-67.6495824704,23.3162));
#11043 = DIRECTION('',(0.822673120427,-0.568514676087,0.));
#11044 = DIRECTION('',(-0.568514676087,-0.822673120427,0.));
#11045 = ADVANCED_FACE('',(#11046),#11071,.T.);
#11046 = FACE_BOUND('',#11047,.T.);
#11047 = EDGE_LOOP('',(#11048,#11049,#11057,#11065));
#11048 = ORIENTED_EDGE('',*,*,#11027,.T.);
#11049 = ORIENTED_EDGE('',*,*,#11050,.T.);
#11050 = EDGE_CURVE('',#11020,#11051,#11053,.T.);
#11051 = VERTEX_POINT('',#11052);
#11052 = CARTESIAN_POINT('',(64.467115749083,-67.86054534407,24.5162));
#11053 = LINE('',#11054,#11055);
#11054 = CARTESIAN_POINT('',(64.680103851061,-67.7739922887,24.5162));
#11055 = VECTOR('',#11056,1.);
#11056 = DIRECTION('',(-0.926426167693,-0.37647650101,0.));
#11057 = ORIENTED_EDGE('',*,*,#11058,.F.);
#11058 = EDGE_CURVE('',#11059,#11051,#11061,.T.);
#11059 = VERTEX_POINT('',#11060);
#11060 = CARTESIAN_POINT('',(64.467115749083,-67.86054534407,23.3162));
#11061 = LINE('',#11062,#11063);
#11062 = CARTESIAN_POINT('',(64.467115749083,-67.86054534407,23.3162));
#11063 = VECTOR('',#11064,1.);
#11064 = DIRECTION('',(0.,0.,1.));
#11065 = ORIENTED_EDGE('',*,*,#11066,.F.);
#11066 = EDGE_CURVE('',#11028,#11059,#11067,.T.);
#11067 = LINE('',#11068,#11069);
#11068 = CARTESIAN_POINT('',(64.680103851061,-67.7739922887,23.3162));
#11069 = VECTOR('',#11070,1.);
#11070 = DIRECTION('',(-0.926426167693,-0.37647650101,0.));
#11071 = PLANE('',#11072);
#11072 = AXIS2_PLACEMENT_3D('',#11073,#11074,#11075);
#11073 = CARTESIAN_POINT('',(64.680103851061,-67.7739922887,23.3162));
#11074 = DIRECTION('',(0.37647650101,-0.926426167693,0.));
#11075 = DIRECTION('',(-0.926426167693,-0.37647650101,0.));
#11076 = ADVANCED_FACE('',(#11077),#11102,.T.);
#11077 = FACE_BOUND('',#11078,.T.);
#11078 = EDGE_LOOP('',(#11079,#11080,#11088,#11096));
#11079 = ORIENTED_EDGE('',*,*,#11058,.T.);
#11080 = ORIENTED_EDGE('',*,*,#11081,.T.);
#11081 = EDGE_CURVE('',#11051,#11082,#11084,.T.);
#11082 = VERTEX_POINT('',#11083);
#11083 = CARTESIAN_POINT('',(64.021322847493,-67.90892498534,24.5162));
#11084 = LINE('',#11085,#11086);
#11085 = CARTESIAN_POINT('',(64.467115749083,-67.86054534407,24.5162));
#11086 = VECTOR('',#11087,1.);
#11087 = DIRECTION('',(-0.994162682455,-0.107891430681,0.));
#11088 = ORIENTED_EDGE('',*,*,#11089,.F.);
#11089 = EDGE_CURVE('',#11090,#11082,#11092,.T.);
#11090 = VERTEX_POINT('',#11091);
#11091 = CARTESIAN_POINT('',(64.021322847493,-67.90892498534,23.3162));
#11092 = LINE('',#11093,#11094);
#11093 = CARTESIAN_POINT('',(64.021322847493,-67.90892498534,23.3162));
#11094 = VECTOR('',#11095,1.);
#11095 = DIRECTION('',(0.,0.,1.));
#11096 = ORIENTED_EDGE('',*,*,#11097,.F.);
#11097 = EDGE_CURVE('',#11059,#11090,#11098,.T.);
#11098 = LINE('',#11099,#11100);
#11099 = CARTESIAN_POINT('',(64.467115749083,-67.86054534407,23.3162));
#11100 = VECTOR('',#11101,1.);
#11101 = DIRECTION('',(-0.994162682455,-0.107891430681,0.));
#11102 = PLANE('',#11103);
#11103 = AXIS2_PLACEMENT_3D('',#11104,#11105,#11106);
#11104 = CARTESIAN_POINT('',(64.467115749083,-67.86054534407,23.3162));
#11105 = DIRECTION('',(0.107891430681,-0.994162682455,0.));
#11106 = DIRECTION('',(-0.994162682455,-0.107891430681,0.));
#11107 = ADVANCED_FACE('',(#11108),#11133,.T.);
#11108 = FACE_BOUND('',#11109,.T.);
#11109 = EDGE_LOOP('',(#11110,#11111,#11119,#11127));
#11110 = ORIENTED_EDGE('',*,*,#11089,.T.);
#11111 = ORIENTED_EDGE('',*,*,#11112,.T.);
#11112 = EDGE_CURVE('',#11082,#11113,#11115,.T.);
#11113 = VERTEX_POINT('',#11114);
#11114 = CARTESIAN_POINT('',(61.184674518424,-67.94494895413,24.5162));
#11115 = LINE('',#11116,#11117);
#11116 = CARTESIAN_POINT('',(64.021322847493,-67.90892498534,24.5162));
#11117 = VECTOR('',#11118,1.);
#11118 = DIRECTION('',(-0.999919371311,-1.269845960699E-02,0.));
#11119 = ORIENTED_EDGE('',*,*,#11120,.F.);
#11120 = EDGE_CURVE('',#11121,#11113,#11123,.T.);
#11121 = VERTEX_POINT('',#11122);
#11122 = CARTESIAN_POINT('',(61.184674518424,-67.94494895413,23.3162));
#11123 = LINE('',#11124,#11125);
#11124 = CARTESIAN_POINT('',(61.184674518424,-67.94494895413,23.3162));
#11125 = VECTOR('',#11126,1.);
#11126 = DIRECTION('',(0.,0.,1.));
#11127 = ORIENTED_EDGE('',*,*,#11128,.F.);
#11128 = EDGE_CURVE('',#11090,#11121,#11129,.T.);
#11129 = LINE('',#11130,#11131);
#11130 = CARTESIAN_POINT('',(64.021322847493,-67.90892498534,23.3162));
#11131 = VECTOR('',#11132,1.);
#11132 = DIRECTION('',(-0.999919371311,-1.269845960699E-02,0.));
#11133 = PLANE('',#11134);
#11134 = AXIS2_PLACEMENT_3D('',#11135,#11136,#11137);
#11135 = CARTESIAN_POINT('',(64.021322847493,-67.90892498534,23.3162));
#11136 = DIRECTION('',(1.269845960699E-02,-0.999919371311,0.));
#11137 = DIRECTION('',(-0.999919371311,-1.269845960699E-02,0.));
#11138 = ADVANCED_FACE('',(#11139),#11164,.T.);
#11139 = FACE_BOUND('',#11140,.T.);
#11140 = EDGE_LOOP('',(#11141,#11142,#11150,#11158));
#11141 = ORIENTED_EDGE('',*,*,#11120,.T.);
#11142 = ORIENTED_EDGE('',*,*,#11143,.T.);
#11143 = EDGE_CURVE('',#11113,#11144,#11146,.T.);
#11144 = VERTEX_POINT('',#11145);
#11145 = CARTESIAN_POINT('',(59.926004819958,-67.87703941319,24.5162));
#11146 = LINE('',#11147,#11148);
#11147 = CARTESIAN_POINT('',(61.184674518424,-67.94494895413,24.5162));
#11148 = VECTOR('',#11149,1.);
#11149 = DIRECTION('',(-0.998547683946,5.387506739055E-02,0.));
#11150 = ORIENTED_EDGE('',*,*,#11151,.F.);
#11151 = EDGE_CURVE('',#11152,#11144,#11154,.T.);
#11152 = VERTEX_POINT('',#11153);
#11153 = CARTESIAN_POINT('',(59.926004819958,-67.87703941319,23.3162));
#11154 = LINE('',#11155,#11156);
#11155 = CARTESIAN_POINT('',(59.926004819958,-67.87703941319,23.3162));
#11156 = VECTOR('',#11157,1.);
#11157 = DIRECTION('',(0.,0.,1.));
#11158 = ORIENTED_EDGE('',*,*,#11159,.F.);
#11159 = EDGE_CURVE('',#11121,#11152,#11160,.T.);
#11160 = LINE('',#11161,#11162);
#11161 = CARTESIAN_POINT('',(61.184674518424,-67.94494895413,23.3162));
#11162 = VECTOR('',#11163,1.);
#11163 = DIRECTION('',(-0.998547683946,5.387506739055E-02,0.));
#11164 = PLANE('',#11165);
#11165 = AXIS2_PLACEMENT_3D('',#11166,#11167,#11168);
#11166 = CARTESIAN_POINT('',(61.184674518424,-67.94494895413,23.3162));
#11167 = DIRECTION('',(-5.387506739055E-02,-0.998547683946,0.));
#11168 = DIRECTION('',(-0.998547683946,5.387506739055E-02,0.));
#11169 = ADVANCED_FACE('',(#11170),#11195,.T.);
#11170 = FACE_BOUND('',#11171,.T.);
#11171 = EDGE_LOOP('',(#11172,#11173,#11181,#11189));
#11172 = ORIENTED_EDGE('',*,*,#11151,.T.);
#11173 = ORIENTED_EDGE('',*,*,#11174,.T.);
#11174 = EDGE_CURVE('',#11144,#11175,#11177,.T.);
#11175 = VERTEX_POINT('',#11176);
#11176 = CARTESIAN_POINT('',(59.644306203115,-67.80645545292,24.5162));
#11177 = LINE('',#11178,#11179);
#11178 = CARTESIAN_POINT('',(59.926004819958,-67.87703941319,24.5162));
#11179 = VECTOR('',#11180,1.);
#11180 = DIRECTION('',(-0.970013289489,0.24305188379,0.));
#11181 = ORIENTED_EDGE('',*,*,#11182,.F.);
#11182 = EDGE_CURVE('',#11183,#11175,#11185,.T.);
#11183 = VERTEX_POINT('',#11184);
#11184 = CARTESIAN_POINT('',(59.644306203115,-67.80645545292,23.3162));
#11185 = LINE('',#11186,#11187);
#11186 = CARTESIAN_POINT('',(59.644306203115,-67.80645545292,23.3162));
#11187 = VECTOR('',#11188,1.);
#11188 = DIRECTION('',(0.,0.,1.));
#11189 = ORIENTED_EDGE('',*,*,#11190,.F.);
#11190 = EDGE_CURVE('',#11152,#11183,#11191,.T.);
#11191 = LINE('',#11192,#11193);
#11192 = CARTESIAN_POINT('',(59.926004819958,-67.87703941319,23.3162));
#11193 = VECTOR('',#11194,1.);
#11194 = DIRECTION('',(-0.970013289489,0.24305188379,0.));
#11195 = PLANE('',#11196);
#11196 = AXIS2_PLACEMENT_3D('',#11197,#11198,#11199);
#11197 = CARTESIAN_POINT('',(59.926004819958,-67.87703941319,23.3162));
#11198 = DIRECTION('',(-0.24305188379,-0.970013289489,0.));
#11199 = DIRECTION('',(-0.970013289489,0.24305188379,0.));
#11200 = ADVANCED_FACE('',(#11201),#11226,.T.);
#11201 = FACE_BOUND('',#11202,.T.);
#11202 = EDGE_LOOP('',(#11203,#11204,#11212,#11220));
#11203 = ORIENTED_EDGE('',*,*,#11182,.T.);
#11204 = ORIENTED_EDGE('',*,*,#11205,.T.);
#11205 = EDGE_CURVE('',#11175,#11206,#11208,.T.);
#11206 = VERTEX_POINT('',#11207);
#11207 = CARTESIAN_POINT('',(59.552733851904,-67.72213362432,24.5162));
#11208 = LINE('',#11209,#11210);
#11209 = CARTESIAN_POINT('',(59.644306203115,-67.80645545292,24.5162));
#11210 = VECTOR('',#11211,1.);
#11211 = DIRECTION('',(-0.735629671076,0.677383928827,0.));
#11212 = ORIENTED_EDGE('',*,*,#11213,.F.);
#11213 = EDGE_CURVE('',#11214,#11206,#11216,.T.);
#11214 = VERTEX_POINT('',#11215);
#11215 = CARTESIAN_POINT('',(59.552733851904,-67.72213362432,23.3162));
#11216 = LINE('',#11217,#11218);
#11217 = CARTESIAN_POINT('',(59.552733851904,-67.72213362432,23.3162));
#11218 = VECTOR('',#11219,1.);
#11219 = DIRECTION('',(0.,0.,1.));
#11220 = ORIENTED_EDGE('',*,*,#11221,.F.);
#11221 = EDGE_CURVE('',#11183,#11214,#11222,.T.);
#11222 = LINE('',#11223,#11224);
#11223 = CARTESIAN_POINT('',(59.644306203115,-67.80645545292,23.3162));
#11224 = VECTOR('',#11225,1.);
#11225 = DIRECTION('',(-0.735629671076,0.677383928827,0.));
#11226 = PLANE('',#11227);
#11227 = AXIS2_PLACEMENT_3D('',#11228,#11229,#11230);
#11228 = CARTESIAN_POINT('',(59.644306203115,-67.80645545292,23.3162));
#11229 = DIRECTION('',(-0.677383928827,-0.735629671076,0.));
#11230 = DIRECTION('',(-0.735629671076,0.677383928827,0.));
#11231 = ADVANCED_FACE('',(#11232),#11257,.T.);
#11232 = FACE_BOUND('',#11233,.T.);
#11233 = EDGE_LOOP('',(#11234,#11235,#11243,#11251));
#11234 = ORIENTED_EDGE('',*,*,#11213,.T.);
#11235 = ORIENTED_EDGE('',*,*,#11236,.T.);
#11236 = EDGE_CURVE('',#11206,#11237,#11239,.T.);
#11237 = VERTEX_POINT('',#11238);
#11238 = CARTESIAN_POINT('',(59.537410291295,-67.51636130271,24.5162));
#11239 = LINE('',#11240,#11241);
#11240 = CARTESIAN_POINT('',(59.552733851904,-67.72213362432,24.5162));
#11241 = VECTOR('',#11242,1.);
#11242 = DIRECTION('',(-7.426289175429E-02,0.997238699063,0.));
#11243 = ORIENTED_EDGE('',*,*,#11244,.F.);
#11244 = EDGE_CURVE('',#11245,#11237,#11247,.T.);
#11245 = VERTEX_POINT('',#11246);
#11246 = CARTESIAN_POINT('',(59.537410291295,-67.51636130271,23.3162));
#11247 = LINE('',#11248,#11249);
#11248 = CARTESIAN_POINT('',(59.537410291295,-67.51636130271,23.3162));
#11249 = VECTOR('',#11250,1.);
#11250 = DIRECTION('',(0.,0.,1.));
#11251 = ORIENTED_EDGE('',*,*,#11252,.F.);
#11252 = EDGE_CURVE('',#11214,#11245,#11253,.T.);
#11253 = LINE('',#11254,#11255);
#11254 = CARTESIAN_POINT('',(59.552733851904,-67.72213362432,23.3162));
#11255 = VECTOR('',#11256,1.);
#11256 = DIRECTION('',(-7.426289175429E-02,0.997238699063,0.));
#11257 = PLANE('',#11258);
#11258 = AXIS2_PLACEMENT_3D('',#11259,#11260,#11261);
#11259 = CARTESIAN_POINT('',(59.552733851904,-67.72213362432,23.3162));
#11260 = DIRECTION('',(-0.997238699063,-7.426289175429E-02,0.));
#11261 = DIRECTION('',(-7.426289175429E-02,0.997238699063,0.));
#11262 = ADVANCED_FACE('',(#11263),#11288,.T.);
#11263 = FACE_BOUND('',#11264,.T.);
#11264 = EDGE_LOOP('',(#11265,#11266,#11274,#11282));
#11265 = ORIENTED_EDGE('',*,*,#11244,.T.);
#11266 = ORIENTED_EDGE('',*,*,#11267,.T.);
#11267 = EDGE_CURVE('',#11237,#11268,#11270,.T.);
#11268 = VERTEX_POINT('',#11269);
#11269 = CARTESIAN_POINT('',(59.747312369654,-67.34150720292,24.5162));
#11270 = LINE('',#11271,#11272);
#11271 = CARTESIAN_POINT('',(59.537410291295,-67.51636130271,24.5162));
#11272 = VECTOR('',#11273,1.);
#11273 = DIRECTION('',(0.76833701934,0.640045486439,0.));
#11274 = ORIENTED_EDGE('',*,*,#11275,.F.);
#11275 = EDGE_CURVE('',#11276,#11268,#11278,.T.);
#11276 = VERTEX_POINT('',#11277);
#11277 = CARTESIAN_POINT('',(59.747312369654,-67.34150720292,23.3162));
#11278 = LINE('',#11279,#11280);
#11279 = CARTESIAN_POINT('',(59.747312369654,-67.34150720292,23.3162));
#11280 = VECTOR('',#11281,1.);
#11281 = DIRECTION('',(0.,0.,1.));
#11282 = ORIENTED_EDGE('',*,*,#11283,.F.);
#11283 = EDGE_CURVE('',#11245,#11276,#11284,.T.);
#11284 = LINE('',#11285,#11286);
#11285 = CARTESIAN_POINT('',(59.537410291295,-67.51636130271,23.3162));
#11286 = VECTOR('',#11287,1.);
#11287 = DIRECTION('',(0.76833701934,0.640045486439,0.));
#11288 = PLANE('',#11289);
#11289 = AXIS2_PLACEMENT_3D('',#11290,#11291,#11292);
#11290 = CARTESIAN_POINT('',(59.537410291295,-67.51636130271,23.3162));
#11291 = DIRECTION('',(-0.640045486439,0.76833701934,0.));
#11292 = DIRECTION('',(0.76833701934,0.640045486439,0.));
#11293 = ADVANCED_FACE('',(#11294),#11319,.T.);
#11294 = FACE_BOUND('',#11295,.T.);
#11295 = EDGE_LOOP('',(#11296,#11297,#11305,#11313));
#11296 = ORIENTED_EDGE('',*,*,#11275,.T.);
#11297 = ORIENTED_EDGE('',*,*,#11298,.T.);
#11298 = EDGE_CURVE('',#11268,#11299,#11301,.T.);
#11299 = VERTEX_POINT('',#11300);
#11300 = CARTESIAN_POINT('',(60.36711633522,-67.25940920151,24.5162));
#11301 = LINE('',#11302,#11303);
#11302 = CARTESIAN_POINT('',(59.747312369654,-67.34150720292,24.5162));
#11303 = VECTOR('',#11304,1.);
#11304 = DIRECTION('',(0.991341211958,0.131311086633,0.));
#11305 = ORIENTED_EDGE('',*,*,#11306,.F.);
#11306 = EDGE_CURVE('',#11307,#11299,#11309,.T.);
#11307 = VERTEX_POINT('',#11308);
#11308 = CARTESIAN_POINT('',(60.36711633522,-67.25940920151,23.3162));
#11309 = LINE('',#11310,#11311);
#11310 = CARTESIAN_POINT('',(60.36711633522,-67.25940920151,23.3162));
#11311 = VECTOR('',#11312,1.);
#11312 = DIRECTION('',(0.,0.,1.));
#11313 = ORIENTED_EDGE('',*,*,#11314,.F.);
#11314 = EDGE_CURVE('',#11276,#11307,#11315,.T.);
#11315 = LINE('',#11316,#11317);
#11316 = CARTESIAN_POINT('',(59.747312369654,-67.34150720292,23.3162));
#11317 = VECTOR('',#11318,1.);
#11318 = DIRECTION('',(0.991341211958,0.131311086633,0.));
#11319 = PLANE('',#11320);
#11320 = AXIS2_PLACEMENT_3D('',#11321,#11322,#11323);
#11321 = CARTESIAN_POINT('',(59.747312369654,-67.34150720292,23.3162));
#11322 = DIRECTION('',(-0.131311086633,0.991341211958,0.));
#11323 = DIRECTION('',(0.991341211958,0.131311086633,0.));
#11324 = ADVANCED_FACE('',(#11325),#11350,.T.);
#11325 = FACE_BOUND('',#11326,.T.);
#11326 = EDGE_LOOP('',(#11327,#11328,#11336,#11344));
#11327 = ORIENTED_EDGE('',*,*,#11306,.T.);
#11328 = ORIENTED_EDGE('',*,*,#11329,.T.);
#11329 = EDGE_CURVE('',#11299,#11330,#11332,.T.);
#11330 = VERTEX_POINT('',#11331);
#11331 = CARTESIAN_POINT('',(59.721043008464,-66.53819776602,24.5162));
#11332 = LINE('',#11333,#11334);
#11333 = CARTESIAN_POINT('',(60.36711633522,-67.25940920151,24.5162));
#11334 = VECTOR('',#11335,1.);
#11335 = DIRECTION('',(-0.667241493326,0.744841452649,0.));
#11336 = ORIENTED_EDGE('',*,*,#11337,.F.);
#11337 = EDGE_CURVE('',#11338,#11330,#11340,.T.);
#11338 = VERTEX_POINT('',#11339);
#11339 = CARTESIAN_POINT('',(59.721043008464,-66.53819776602,23.3162));
#11340 = LINE('',#11341,#11342);
#11341 = CARTESIAN_POINT('',(59.721043008464,-66.53819776602,23.3162));
#11342 = VECTOR('',#11343,1.);
#11343 = DIRECTION('',(0.,0.,1.));
#11344 = ORIENTED_EDGE('',*,*,#11345,.F.);
#11345 = EDGE_CURVE('',#11307,#11338,#11346,.T.);
#11346 = LINE('',#11347,#11348);
#11347 = CARTESIAN_POINT('',(60.36711633522,-67.25940920151,23.3162));
#11348 = VECTOR('',#11349,1.);
#11349 = DIRECTION('',(-0.667241493326,0.744841452649,0.));
#11350 = PLANE('',#11351);
#11351 = AXIS2_PLACEMENT_3D('',#11352,#11353,#11354);
#11352 = CARTESIAN_POINT('',(60.36711633522,-67.25940920151,23.3162));
#11353 = DIRECTION('',(-0.744841452649,-0.667241493326,0.));
#11354 = DIRECTION('',(-0.667241493326,0.744841452649,0.));
#11355 = ADVANCED_FACE('',(#11356),#11381,.T.);
#11356 = FACE_BOUND('',#11357,.T.);
#11357 = EDGE_LOOP('',(#11358,#11359,#11367,#11375));
#11358 = ORIENTED_EDGE('',*,*,#11337,.T.);
#11359 = ORIENTED_EDGE('',*,*,#11360,.T.);
#11360 = EDGE_CURVE('',#11330,#11361,#11363,.T.);
#11361 = VERTEX_POINT('',#11362);
#11362 = CARTESIAN_POINT('',(59.42986798698,-65.7804705089,24.5162));
#11363 = LINE('',#11364,#11365);
#11364 = CARTESIAN_POINT('',(59.721043008464,-66.53819776602,24.5162));
#11365 = VECTOR('',#11366,1.);
#11366 = DIRECTION('',(-0.358701609977,0.933452277838,0.));
#11367 = ORIENTED_EDGE('',*,*,#11368,.F.);
#11368 = EDGE_CURVE('',#11369,#11361,#11371,.T.);
#11369 = VERTEX_POINT('',#11370);
#11370 = CARTESIAN_POINT('',(59.42986798698,-65.7804705089,23.3162));
#11371 = LINE('',#11372,#11373);
#11372 = CARTESIAN_POINT('',(59.42986798698,-65.7804705089,23.3162));
#11373 = VECTOR('',#11374,1.);
#11374 = DIRECTION('',(0.,0.,1.));
#11375 = ORIENTED_EDGE('',*,*,#11376,.F.);
#11376 = EDGE_CURVE('',#11338,#11369,#11377,.T.);
#11377 = LINE('',#11378,#11379);
#11378 = CARTESIAN_POINT('',(59.721043008464,-66.53819776602,23.3162));
#11379 = VECTOR('',#11380,1.);
#11380 = DIRECTION('',(-0.358701609977,0.933452277838,0.));
#11381 = PLANE('',#11382);
#11382 = AXIS2_PLACEMENT_3D('',#11383,#11384,#11385);
#11383 = CARTESIAN_POINT('',(59.721043008464,-66.53819776602,23.3162));
#11384 = DIRECTION('',(-0.933452277838,-0.358701609977,0.));
#11385 = DIRECTION('',(-0.358701609977,0.933452277838,0.));
#11386 = ADVANCED_FACE('',(#11387),#11412,.T.);
#11387 = FACE_BOUND('',#11388,.T.);
#11388 = EDGE_LOOP('',(#11389,#11390,#11398,#11406));
#11389 = ORIENTED_EDGE('',*,*,#11368,.T.);
#11390 = ORIENTED_EDGE('',*,*,#11391,.T.);
#11391 = EDGE_CURVE('',#11361,#11392,#11394,.T.);
#11392 = VERTEX_POINT('',#11393);
#11393 = CARTESIAN_POINT('',(59.439228188646,-64.93291699587,24.5162));
#11394 = LINE('',#11395,#11396);
#11395 = CARTESIAN_POINT('',(59.42986798698,-65.7804705089,24.5162));
#11396 = VECTOR('',#11397,1.);
#11397 = DIRECTION('',(1.104311499483E-02,0.999939022947,0.));
#11398 = ORIENTED_EDGE('',*,*,#11399,.F.);
#11399 = EDGE_CURVE('',#11400,#11392,#11402,.T.);
#11400 = VERTEX_POINT('',#11401);
#11401 = CARTESIAN_POINT('',(59.439228188646,-64.93291699587,23.3162));
#11402 = LINE('',#11403,#11404);
#11403 = CARTESIAN_POINT('',(59.439228188646,-64.93291699587,23.3162));
#11404 = VECTOR('',#11405,1.);
#11405 = DIRECTION('',(0.,0.,1.));
#11406 = ORIENTED_EDGE('',*,*,#11407,.F.);
#11407 = EDGE_CURVE('',#11369,#11400,#11408,.T.);
#11408 = LINE('',#11409,#11410);
#11409 = CARTESIAN_POINT('',(59.42986798698,-65.7804705089,23.3162));
#11410 = VECTOR('',#11411,1.);
#11411 = DIRECTION('',(1.104311499483E-02,0.999939022947,0.));
#11412 = PLANE('',#11413);
#11413 = AXIS2_PLACEMENT_3D('',#11414,#11415,#11416);
#11414 = CARTESIAN_POINT('',(59.42986798698,-65.7804705089,23.3162));
#11415 = DIRECTION('',(-0.999939022947,1.104311499483E-02,0.));
#11416 = DIRECTION('',(1.104311499483E-02,0.999939022947,0.));
#11417 = ADVANCED_FACE('',(#11418),#11443,.T.);
#11418 = FACE_BOUND('',#11419,.T.);
#11419 = EDGE_LOOP('',(#11420,#11421,#11429,#11437));
#11420 = ORIENTED_EDGE('',*,*,#11399,.T.);
#11421 = ORIENTED_EDGE('',*,*,#11422,.T.);
#11422 = EDGE_CURVE('',#11392,#11423,#11425,.T.);
#11423 = VERTEX_POINT('',#11424);
#11424 = CARTESIAN_POINT('',(59.68041442651,-64.21796724661,24.5162));
#11425 = LINE('',#11426,#11427);
#11426 = CARTESIAN_POINT('',(59.439228188646,-64.93291699587,24.5162));
#11427 = VECTOR('',#11428,1.);
#11428 = DIRECTION('',(0.319648593715,0.94753616107,0.));
#11429 = ORIENTED_EDGE('',*,*,#11430,.F.);
#11430 = EDGE_CURVE('',#11431,#11423,#11433,.T.);
#11431 = VERTEX_POINT('',#11432);
#11432 = CARTESIAN_POINT('',(59.68041442651,-64.21796724661,23.3162));
#11433 = LINE('',#11434,#11435);
#11434 = CARTESIAN_POINT('',(59.68041442651,-64.21796724661,23.3162));
#11435 = VECTOR('',#11436,1.);
#11436 = DIRECTION('',(0.,0.,1.));
#11437 = ORIENTED_EDGE('',*,*,#11438,.F.);
#11438 = EDGE_CURVE('',#11400,#11431,#11439,.T.);
#11439 = LINE('',#11440,#11441);
#11440 = CARTESIAN_POINT('',(59.439228188646,-64.93291699587,23.3162));
#11441 = VECTOR('',#11442,1.);
#11442 = DIRECTION('',(0.319648593715,0.94753616107,0.));
#11443 = PLANE('',#11444);
#11444 = AXIS2_PLACEMENT_3D('',#11445,#11446,#11447);
#11445 = CARTESIAN_POINT('',(59.439228188646,-64.93291699587,23.3162));
#11446 = DIRECTION('',(-0.94753616107,0.319648593715,0.));
#11447 = DIRECTION('',(0.319648593715,0.94753616107,0.));
#11448 = ADVANCED_FACE('',(#11449),#11474,.T.);
#11449 = FACE_BOUND('',#11450,.T.);
#11450 = EDGE_LOOP('',(#11451,#11452,#11460,#11468));
#11451 = ORIENTED_EDGE('',*,*,#11430,.T.);
#11452 = ORIENTED_EDGE('',*,*,#11453,.T.);
#11453 = EDGE_CURVE('',#11423,#11454,#11456,.T.);
#11454 = VERTEX_POINT('',#11455);
#11455 = CARTESIAN_POINT('',(59.951535349693,-63.75117244434,24.5162));
#11456 = LINE('',#11457,#11458);
#11457 = CARTESIAN_POINT('',(59.68041442651,-64.21796724661,24.5162));
#11458 = VECTOR('',#11459,1.);
#11459 = DIRECTION('',(0.502244654444,0.864725567496,0.));
#11460 = ORIENTED_EDGE('',*,*,#11461,.F.);
#11461 = EDGE_CURVE('',#11462,#11454,#11464,.T.);
#11462 = VERTEX_POINT('',#11463);
#11463 = CARTESIAN_POINT('',(59.951535349693,-63.75117244434,23.3162));
#11464 = LINE('',#11465,#11466);
#11465 = CARTESIAN_POINT('',(59.951535349693,-63.75117244434,23.3162));
#11466 = VECTOR('',#11467,1.);
#11467 = DIRECTION('',(0.,0.,1.));
#11468 = ORIENTED_EDGE('',*,*,#11469,.F.);
#11469 = EDGE_CURVE('',#11431,#11462,#11470,.T.);
#11470 = LINE('',#11471,#11472);
#11471 = CARTESIAN_POINT('',(59.68041442651,-64.21796724661,23.3162));
#11472 = VECTOR('',#11473,1.);
#11473 = DIRECTION('',(0.502244654444,0.864725567496,0.));
#11474 = PLANE('',#11475);
#11475 = AXIS2_PLACEMENT_3D('',#11476,#11477,#11478);
#11476 = CARTESIAN_POINT('',(59.68041442651,-64.21796724661,23.3162));
#11477 = DIRECTION('',(-0.864725567496,0.502244654444,0.));
#11478 = DIRECTION('',(0.502244654444,0.864725567496,0.));
#11479 = ADVANCED_FACE('',(#11480),#11505,.T.);
#11480 = FACE_BOUND('',#11481,.T.);
#11481 = EDGE_LOOP('',(#11482,#11483,#11491,#11499));
#11482 = ORIENTED_EDGE('',*,*,#11461,.T.);
#11483 = ORIENTED_EDGE('',*,*,#11484,.T.);
#11484 = EDGE_CURVE('',#11454,#11485,#11487,.T.);
#11485 = VERTEX_POINT('',#11486);
#11486 = CARTESIAN_POINT('',(60.31067666714,-63.39994736724,24.5162));
#11487 = LINE('',#11488,#11489);
#11488 = CARTESIAN_POINT('',(59.951535349693,-63.75117244434,24.5162));
#11489 = VECTOR('',#11490,1.);
#11490 = DIRECTION('',(0.714942305191,0.699183452499,0.));
#11491 = ORIENTED_EDGE('',*,*,#11492,.F.);
#11492 = EDGE_CURVE('',#11493,#11485,#11495,.T.);
#11493 = VERTEX_POINT('',#11494);
#11494 = CARTESIAN_POINT('',(60.31067666714,-63.39994736724,23.3162));
#11495 = LINE('',#11496,#11497);
#11496 = CARTESIAN_POINT('',(60.31067666714,-63.39994736724,23.3162));
#11497 = VECTOR('',#11498,1.);
#11498 = DIRECTION('',(0.,0.,1.));
#11499 = ORIENTED_EDGE('',*,*,#11500,.F.);
#11500 = EDGE_CURVE('',#11462,#11493,#11501,.T.);
#11501 = LINE('',#11502,#11503);
#11502 = CARTESIAN_POINT('',(59.951535349693,-63.75117244434,23.3162));
#11503 = VECTOR('',#11504,1.);
#11504 = DIRECTION('',(0.714942305191,0.699183452499,0.));
#11505 = PLANE('',#11506);
#11506 = AXIS2_PLACEMENT_3D('',#11507,#11508,#11509);
#11507 = CARTESIAN_POINT('',(59.951535349693,-63.75117244434,23.3162));
#11508 = DIRECTION('',(-0.699183452499,0.714942305191,0.));
#11509 = DIRECTION('',(0.714942305191,0.699183452499,0.));
#11510 = ADVANCED_FACE('',(#11511),#11536,.T.);
#11511 = FACE_BOUND('',#11512,.T.);
#11512 = EDGE_LOOP('',(#11513,#11514,#11522,#11530));
#11513 = ORIENTED_EDGE('',*,*,#11492,.T.);
#11514 = ORIENTED_EDGE('',*,*,#11515,.T.);
#11515 = EDGE_CURVE('',#11485,#11516,#11518,.T.);
#11516 = VERTEX_POINT('',#11517);
#11517 = CARTESIAN_POINT('',(60.770434000617,-63.17954610148,24.5162));
#11518 = LINE('',#11519,#11520);
#11519 = CARTESIAN_POINT('',(60.31067666714,-63.39994736724,24.5162));
#11520 = VECTOR('',#11521,1.);
#11521 = DIRECTION('',(0.90173891232,0.432281082176,0.));
#11522 = ORIENTED_EDGE('',*,*,#11523,.F.);
#11523 = EDGE_CURVE('',#11524,#11516,#11526,.T.);
#11524 = VERTEX_POINT('',#11525);
#11525 = CARTESIAN_POINT('',(60.770434000617,-63.17954610148,23.3162));
#11526 = LINE('',#11527,#11528);
#11527 = CARTESIAN_POINT('',(60.770434000617,-63.17954610148,23.3162));
#11528 = VECTOR('',#11529,1.);
#11529 = DIRECTION('',(0.,0.,1.));
#11530 = ORIENTED_EDGE('',*,*,#11531,.F.);
#11531 = EDGE_CURVE('',#11493,#11524,#11532,.T.);
#11532 = LINE('',#11533,#11534);
#11533 = CARTESIAN_POINT('',(60.31067666714,-63.39994736724,23.3162));
#11534 = VECTOR('',#11535,1.);
#11535 = DIRECTION('',(0.90173891232,0.432281082176,0.));
#11536 = PLANE('',#11537);
#11537 = AXIS2_PLACEMENT_3D('',#11538,#11539,#11540);
#11538 = CARTESIAN_POINT('',(60.31067666714,-63.39994736724,23.3162));
#11539 = DIRECTION('',(-0.432281082176,0.90173891232,0.));
#11540 = DIRECTION('',(0.90173891232,0.432281082176,0.));
#11541 = ADVANCED_FACE('',(#11542),#11558,.T.);
#11542 = FACE_BOUND('',#11543,.T.);
#11543 = EDGE_LOOP('',(#11544,#11545,#11551,#11552));
#11544 = ORIENTED_EDGE('',*,*,#11523,.T.);
#11545 = ORIENTED_EDGE('',*,*,#11546,.T.);
#11546 = EDGE_CURVE('',#11516,#10392,#11547,.T.);
#11547 = LINE('',#11548,#11549);
#11548 = CARTESIAN_POINT('',(60.770434000617,-63.17954610148,24.5162));
#11549 = VECTOR('',#11550,1.);
#11550 = DIRECTION('',(0.979362853319,0.202109874917,0.));
#11551 = ORIENTED_EDGE('',*,*,#10389,.F.);
#11552 = ORIENTED_EDGE('',*,*,#11553,.F.);
#11553 = EDGE_CURVE('',#11524,#10390,#11554,.T.);
#11554 = LINE('',#11555,#11556);
#11555 = CARTESIAN_POINT('',(60.770434000617,-63.17954610148,23.3162));
#11556 = VECTOR('',#11557,1.);
#11557 = DIRECTION('',(0.979362853319,0.202109874917,0.));
#11558 = PLANE('',#11559);
#11559 = AXIS2_PLACEMENT_3D('',#11560,#11561,#11562);
#11560 = CARTESIAN_POINT('',(60.770434000617,-63.17954610148,23.3162));
#11561 = DIRECTION('',(-0.202109874917,0.979362853319,0.));
#11562 = DIRECTION('',(0.979362853319,0.202109874917,0.));
#11563 = ADVANCED_FACE('',(#11564),#11604,.T.);
#11564 = FACE_BOUND('',#11565,.T.);
#11565 = EDGE_LOOP('',(#11566,#11567,#11568,#11569,#11570,#11571,#11572,
    #11573,#11574,#11575,#11576,#11577,#11578,#11579,#11580,#11581,
    #11582,#11583,#11584,#11585,#11586,#11587,#11588,#11589,#11590,
    #11591,#11592,#11593,#11594,#11595,#11596,#11597,#11598,#11599,
    #11600,#11601,#11602,#11603));
#11566 = ORIENTED_EDGE('',*,*,#10415,.T.);
#11567 = ORIENTED_EDGE('',*,*,#10446,.T.);
#11568 = ORIENTED_EDGE('',*,*,#10477,.T.);
#11569 = ORIENTED_EDGE('',*,*,#10508,.T.);
#11570 = ORIENTED_EDGE('',*,*,#10539,.T.);
#11571 = ORIENTED_EDGE('',*,*,#10570,.T.);
#11572 = ORIENTED_EDGE('',*,*,#10601,.T.);
#11573 = ORIENTED_EDGE('',*,*,#10632,.T.);
#11574 = ORIENTED_EDGE('',*,*,#10663,.T.);
#11575 = ORIENTED_EDGE('',*,*,#10694,.T.);
#11576 = ORIENTED_EDGE('',*,*,#10725,.T.);
#11577 = ORIENTED_EDGE('',*,*,#10756,.T.);
#11578 = ORIENTED_EDGE('',*,*,#10787,.T.);
#11579 = ORIENTED_EDGE('',*,*,#10818,.T.);
#11580 = ORIENTED_EDGE('',*,*,#10849,.T.);
#11581 = ORIENTED_EDGE('',*,*,#10880,.T.);
#11582 = ORIENTED_EDGE('',*,*,#10911,.T.);
#11583 = ORIENTED_EDGE('',*,*,#10942,.T.);
#11584 = ORIENTED_EDGE('',*,*,#10973,.T.);
#11585 = ORIENTED_EDGE('',*,*,#11004,.T.);
#11586 = ORIENTED_EDGE('',*,*,#11035,.T.);
#11587 = ORIENTED_EDGE('',*,*,#11066,.T.);
#11588 = ORIENTED_EDGE('',*,*,#11097,.T.);
#11589 = ORIENTED_EDGE('',*,*,#11128,.T.);
#11590 = ORIENTED_EDGE('',*,*,#11159,.T.);
#11591 = ORIENTED_EDGE('',*,*,#11190,.T.);
#11592 = ORIENTED_EDGE('',*,*,#11221,.T.);
#11593 = ORIENTED_EDGE('',*,*,#11252,.T.);
#11594 = ORIENTED_EDGE('',*,*,#11283,.T.);
#11595 = ORIENTED_EDGE('',*,*,#11314,.T.);
#11596 = ORIENTED_EDGE('',*,*,#11345,.T.);
#11597 = ORIENTED_EDGE('',*,*,#11376,.T.);
#11598 = ORIENTED_EDGE('',*,*,#11407,.T.);
#11599 = ORIENTED_EDGE('',*,*,#11438,.T.);
#11600 = ORIENTED_EDGE('',*,*,#11469,.T.);
#11601 = ORIENTED_EDGE('',*,*,#11500,.T.);
#11602 = ORIENTED_EDGE('',*,*,#11531,.T.);
#11603 = ORIENTED_EDGE('',*,*,#11553,.T.);
#11604 = PLANE('',#11605);
#11605 = AXIS2_PLACEMENT_3D('',#11606,#11607,#11608);
#11606 = CARTESIAN_POINT('',(61.743231840273,-65.587979301,23.3162));
#11607 = DIRECTION('',(-0.,-0.,-1.));
#11608 = DIRECTION('',(-1.,0.,0.));
#11609 = ADVANCED_FACE('',(#11610),#11650,.F.);
#11610 = FACE_BOUND('',#11611,.F.);
#11611 = EDGE_LOOP('',(#11612,#11613,#11614,#11615,#11616,#11617,#11618,
    #11619,#11620,#11621,#11622,#11623,#11624,#11625,#11626,#11627,
    #11628,#11629,#11630,#11631,#11632,#11633,#11634,#11635,#11636,
    #11637,#11638,#11639,#11640,#11641,#11642,#11643,#11644,#11645,
    #11646,#11647,#11648,#11649));
#11612 = ORIENTED_EDGE('',*,*,#10399,.T.);
#11613 = ORIENTED_EDGE('',*,*,#10430,.T.);
#11614 = ORIENTED_EDGE('',*,*,#10461,.T.);
#11615 = ORIENTED_EDGE('',*,*,#10492,.T.);
#11616 = ORIENTED_EDGE('',*,*,#10523,.T.);
#11617 = ORIENTED_EDGE('',*,*,#10554,.T.);
#11618 = ORIENTED_EDGE('',*,*,#10585,.T.);
#11619 = ORIENTED_EDGE('',*,*,#10616,.T.);
#11620 = ORIENTED_EDGE('',*,*,#10647,.T.);
#11621 = ORIENTED_EDGE('',*,*,#10678,.T.);
#11622 = ORIENTED_EDGE('',*,*,#10709,.T.);
#11623 = ORIENTED_EDGE('',*,*,#10740,.T.);
#11624 = ORIENTED_EDGE('',*,*,#10771,.T.);
#11625 = ORIENTED_EDGE('',*,*,#10802,.T.);
#11626 = ORIENTED_EDGE('',*,*,#10833,.T.);
#11627 = ORIENTED_EDGE('',*,*,#10864,.T.);
#11628 = ORIENTED_EDGE('',*,*,#10895,.T.);
#11629 = ORIENTED_EDGE('',*,*,#10926,.T.);
#11630 = ORIENTED_EDGE('',*,*,#10957,.T.);
#11631 = ORIENTED_EDGE('',*,*,#10988,.T.);
#11632 = ORIENTED_EDGE('',*,*,#11019,.T.);
#11633 = ORIENTED_EDGE('',*,*,#11050,.T.);
#11634 = ORIENTED_EDGE('',*,*,#11081,.T.);
#11635 = ORIENTED_EDGE('',*,*,#11112,.T.);
#11636 = ORIENTED_EDGE('',*,*,#11143,.T.);
#11637 = ORIENTED_EDGE('',*,*,#11174,.T.);
#11638 = ORIENTED_EDGE('',*,*,#11205,.T.);
#11639 = ORIENTED_EDGE('',*,*,#11236,.T.);
#11640 = ORIENTED_EDGE('',*,*,#11267,.T.);
#11641 = ORIENTED_EDGE('',*,*,#11298,.T.);
#11642 = ORIENTED_EDGE('',*,*,#11329,.T.);
#11643 = ORIENTED_EDGE('',*,*,#11360,.T.);
#11644 = ORIENTED_EDGE('',*,*,#11391,.T.);
#11645 = ORIENTED_EDGE('',*,*,#11422,.T.);
#11646 = ORIENTED_EDGE('',*,*,#11453,.T.);
#11647 = ORIENTED_EDGE('',*,*,#11484,.T.);
#11648 = ORIENTED_EDGE('',*,*,#11515,.T.);
#11649 = ORIENTED_EDGE('',*,*,#11546,.T.);
#11650 = PLANE('',#11651);
#11651 = AXIS2_PLACEMENT_3D('',#11652,#11653,#11654);
#11652 = CARTESIAN_POINT('',(61.743231840273,-65.587979301,24.5162));
#11653 = DIRECTION('',(-0.,-0.,-1.));
#11654 = DIRECTION('',(-1.,0.,0.));
#11655 = MANIFOLD_SOLID_BREP('',#11656);
#11656 = CLOSED_SHELL('',(#11657,#11697,#11728,#11759,#11790,#11821,
    #11852,#11883,#11914,#11945,#11976,#12007,#12038,#12069,#12100,
    #12131,#12162,#12193,#12224,#12255,#12286,#12317,#12348,#12379,
    #12410,#12441,#12472,#12503,#12534,#12565,#12596,#12627,#12658,
    #12689,#12720,#12751,#12782,#12813,#12844,#12866,#12913));
#11657 = ADVANCED_FACE('',(#11658),#11692,.T.);
#11658 = FACE_BOUND('',#11659,.T.);
#11659 = EDGE_LOOP('',(#11660,#11670,#11678,#11686));
#11660 = ORIENTED_EDGE('',*,*,#11661,.T.);
#11661 = EDGE_CURVE('',#11662,#11664,#11666,.T.);
#11662 = VERTEX_POINT('',#11663);
#11663 = CARTESIAN_POINT('',(63.850105657171,-81.48889898094,23.3162));
#11664 = VERTEX_POINT('',#11665);
#11665 = CARTESIAN_POINT('',(63.850105657171,-81.48889898094,24.5162));
#11666 = LINE('',#11667,#11668);
#11667 = CARTESIAN_POINT('',(63.850105657171,-81.48889898094,23.3162));
#11668 = VECTOR('',#11669,1.);
#11669 = DIRECTION('',(0.,0.,1.));
#11670 = ORIENTED_EDGE('',*,*,#11671,.T.);
#11671 = EDGE_CURVE('',#11664,#11672,#11674,.T.);
#11672 = VERTEX_POINT('',#11673);
#11673 = CARTESIAN_POINT('',(64.198524850483,-81.8079932702,24.5162));
#11674 = LINE('',#11675,#11676);
#11675 = CARTESIAN_POINT('',(63.850105657171,-81.48889898094,24.5162));
#11676 = VECTOR('',#11677,1.);
#11677 = DIRECTION('',(0.737459781563,-0.675391050116,0.));
#11678 = ORIENTED_EDGE('',*,*,#11679,.F.);
#11679 = EDGE_CURVE('',#11680,#11672,#11682,.T.);
#11680 = VERTEX_POINT('',#11681);
#11681 = CARTESIAN_POINT('',(64.198524850483,-81.8079932702,23.3162));
#11682 = LINE('',#11683,#11684);
#11683 = CARTESIAN_POINT('',(64.198524850483,-81.8079932702,23.3162));
#11684 = VECTOR('',#11685,1.);
#11685 = DIRECTION('',(0.,0.,1.));
#11686 = ORIENTED_EDGE('',*,*,#11687,.F.);
#11687 = EDGE_CURVE('',#11662,#11680,#11688,.T.);
#11688 = LINE('',#11689,#11690);
#11689 = CARTESIAN_POINT('',(63.850105657171,-81.48889898094,23.3162));
#11690 = VECTOR('',#11691,1.);
#11691 = DIRECTION('',(0.737459781563,-0.675391050116,0.));
#11692 = PLANE('',#11693);
#11693 = AXIS2_PLACEMENT_3D('',#11694,#11695,#11696);
#11694 = CARTESIAN_POINT('',(63.850105657171,-81.48889898094,23.3162));
#11695 = DIRECTION('',(0.675391050116,0.737459781563,-0.));
#11696 = DIRECTION('',(0.737459781563,-0.675391050116,0.));
#11697 = ADVANCED_FACE('',(#11698),#11723,.T.);
#11698 = FACE_BOUND('',#11699,.T.);
#11699 = EDGE_LOOP('',(#11700,#11701,#11709,#11717));
#11700 = ORIENTED_EDGE('',*,*,#11679,.T.);
#11701 = ORIENTED_EDGE('',*,*,#11702,.T.);
#11702 = EDGE_CURVE('',#11672,#11703,#11705,.T.);
#11703 = VERTEX_POINT('',#11704);
#11704 = CARTESIAN_POINT('',(64.568748459183,-82.35226390086,24.5162));
#11705 = LINE('',#11706,#11707);
#11706 = CARTESIAN_POINT('',(64.198524850483,-81.8079932702,24.5162));
#11707 = VECTOR('',#11708,1.);
#11708 = DIRECTION('',(0.562434237334,-0.826842021595,0.));
#11709 = ORIENTED_EDGE('',*,*,#11710,.F.);
#11710 = EDGE_CURVE('',#11711,#11703,#11713,.T.);
#11711 = VERTEX_POINT('',#11712);
#11712 = CARTESIAN_POINT('',(64.568748459183,-82.35226390086,23.3162));
#11713 = LINE('',#11714,#11715);
#11714 = CARTESIAN_POINT('',(64.568748459183,-82.35226390086,23.3162));
#11715 = VECTOR('',#11716,1.);
#11716 = DIRECTION('',(0.,0.,1.));
#11717 = ORIENTED_EDGE('',*,*,#11718,.F.);
#11718 = EDGE_CURVE('',#11680,#11711,#11719,.T.);
#11719 = LINE('',#11720,#11721);
#11720 = CARTESIAN_POINT('',(64.198524850483,-81.8079932702,23.3162));
#11721 = VECTOR('',#11722,1.);
#11722 = DIRECTION('',(0.562434237334,-0.826842021595,0.));
#11723 = PLANE('',#11724);
#11724 = AXIS2_PLACEMENT_3D('',#11725,#11726,#11727);
#11725 = CARTESIAN_POINT('',(64.198524850483,-81.8079932702,23.3162));
#11726 = DIRECTION('',(0.826842021595,0.562434237334,-0.));
#11727 = DIRECTION('',(0.562434237334,-0.826842021595,0.));
#11728 = ADVANCED_FACE('',(#11729),#11754,.T.);
#11729 = FACE_BOUND('',#11730,.T.);
#11730 = EDGE_LOOP('',(#11731,#11732,#11740,#11748));
#11731 = ORIENTED_EDGE('',*,*,#11710,.T.);
#11732 = ORIENTED_EDGE('',*,*,#11733,.T.);
#11733 = EDGE_CURVE('',#11703,#11734,#11736,.T.);
#11734 = VERTEX_POINT('',#11735);
#11735 = CARTESIAN_POINT('',(64.821267620496,-82.93400385308,24.5162));
#11736 = LINE('',#11737,#11738);
#11737 = CARTESIAN_POINT('',(64.568748459183,-82.35226390086,24.5162));
#11738 = VECTOR('',#11739,1.);
#11739 = DIRECTION('',(0.398180660403,-0.917307016042,0.));
#11740 = ORIENTED_EDGE('',*,*,#11741,.F.);
#11741 = EDGE_CURVE('',#11742,#11734,#11744,.T.);
#11742 = VERTEX_POINT('',#11743);
#11743 = CARTESIAN_POINT('',(64.821267620496,-82.93400385308,23.3162));
#11744 = LINE('',#11745,#11746);
#11745 = CARTESIAN_POINT('',(64.821267620496,-82.93400385308,23.3162));
#11746 = VECTOR('',#11747,1.);
#11747 = DIRECTION('',(0.,0.,1.));
#11748 = ORIENTED_EDGE('',*,*,#11749,.F.);
#11749 = EDGE_CURVE('',#11711,#11742,#11750,.T.);
#11750 = LINE('',#11751,#11752);
#11751 = CARTESIAN_POINT('',(64.568748459183,-82.35226390086,23.3162));
#11752 = VECTOR('',#11753,1.);
#11753 = DIRECTION('',(0.398180660403,-0.917307016042,0.));
#11754 = PLANE('',#11755);
#11755 = AXIS2_PLACEMENT_3D('',#11756,#11757,#11758);
#11756 = CARTESIAN_POINT('',(64.568748459183,-82.35226390086,23.3162));
#11757 = DIRECTION('',(0.917307016042,0.398180660403,-0.));
#11758 = DIRECTION('',(0.398180660403,-0.917307016042,0.));
#11759 = ADVANCED_FACE('',(#11760),#11785,.T.);
#11760 = FACE_BOUND('',#11761,.T.);
#11761 = EDGE_LOOP('',(#11762,#11763,#11771,#11779));
#11762 = ORIENTED_EDGE('',*,*,#11741,.T.);
#11763 = ORIENTED_EDGE('',*,*,#11764,.T.);
#11764 = EDGE_CURVE('',#11734,#11765,#11767,.T.);
#11765 = VERTEX_POINT('',#11766);
#11766 = CARTESIAN_POINT('',(64.899329577698,-83.41044493904,24.5162));
#11767 = LINE('',#11768,#11769);
#11768 = CARTESIAN_POINT('',(64.821267620496,-82.93400385308,24.5162));
#11769 = VECTOR('',#11770,1.);
#11770 = DIRECTION('',(0.161688012332,-0.986841925877,0.));
#11771 = ORIENTED_EDGE('',*,*,#11772,.F.);
#11772 = EDGE_CURVE('',#11773,#11765,#11775,.T.);
#11773 = VERTEX_POINT('',#11774);
#11774 = CARTESIAN_POINT('',(64.899329577698,-83.41044493904,23.3162));
#11775 = LINE('',#11776,#11777);
#11776 = CARTESIAN_POINT('',(64.899329577698,-83.41044493904,23.3162));
#11777 = VECTOR('',#11778,1.);
#11778 = DIRECTION('',(0.,0.,1.));
#11779 = ORIENTED_EDGE('',*,*,#11780,.F.);
#11780 = EDGE_CURVE('',#11742,#11773,#11781,.T.);
#11781 = LINE('',#11782,#11783);
#11782 = CARTESIAN_POINT('',(64.821267620496,-82.93400385308,23.3162));
#11783 = VECTOR('',#11784,1.);
#11784 = DIRECTION('',(0.161688012332,-0.986841925877,0.));
#11785 = PLANE('',#11786);
#11786 = AXIS2_PLACEMENT_3D('',#11787,#11788,#11789);
#11787 = CARTESIAN_POINT('',(64.821267620496,-82.93400385308,23.3162));
#11788 = DIRECTION('',(0.986841925877,0.161688012332,-0.));
#11789 = DIRECTION('',(0.161688012332,-0.986841925877,0.));
#11790 = ADVANCED_FACE('',(#11791),#11816,.T.);
#11791 = FACE_BOUND('',#11792,.T.);
#11792 = EDGE_LOOP('',(#11793,#11794,#11802,#11810));
#11793 = ORIENTED_EDGE('',*,*,#11772,.T.);
#11794 = ORIENTED_EDGE('',*,*,#11795,.T.);
#11795 = EDGE_CURVE('',#11765,#11796,#11798,.T.);
#11796 = VERTEX_POINT('',#11797);
#11797 = CARTESIAN_POINT('',(64.715850584356,-84.27412191506,24.5162));
#11798 = LINE('',#11799,#11800);
#11799 = CARTESIAN_POINT('',(64.899329577698,-83.41044493904,24.5162));
#11800 = VECTOR('',#11801,1.);
#11801 = DIRECTION('',(-0.20780201205,-0.978170907249,0.));
#11802 = ORIENTED_EDGE('',*,*,#11803,.F.);
#11803 = EDGE_CURVE('',#11804,#11796,#11806,.T.);
#11804 = VERTEX_POINT('',#11805);
#11805 = CARTESIAN_POINT('',(64.715850584356,-84.27412191506,23.3162));
#11806 = LINE('',#11807,#11808);
#11807 = CARTESIAN_POINT('',(64.715850584356,-84.27412191506,23.3162));
#11808 = VECTOR('',#11809,1.);
#11809 = DIRECTION('',(0.,0.,1.));
#11810 = ORIENTED_EDGE('',*,*,#11811,.F.);
#11811 = EDGE_CURVE('',#11773,#11804,#11812,.T.);
#11812 = LINE('',#11813,#11814);
#11813 = CARTESIAN_POINT('',(64.899329577698,-83.41044493904,23.3162));
#11814 = VECTOR('',#11815,1.);
#11815 = DIRECTION('',(-0.20780201205,-0.978170907249,0.));
#11816 = PLANE('',#11817);
#11817 = AXIS2_PLACEMENT_3D('',#11818,#11819,#11820);
#11818 = CARTESIAN_POINT('',(64.899329577698,-83.41044493904,23.3162));
#11819 = DIRECTION('',(0.978170907249,-0.20780201205,0.));
#11820 = DIRECTION('',(-0.20780201205,-0.978170907249,0.));
#11821 = ADVANCED_FACE('',(#11822),#11847,.T.);
#11822 = FACE_BOUND('',#11823,.T.);
#11823 = EDGE_LOOP('',(#11824,#11825,#11833,#11841));
#11824 = ORIENTED_EDGE('',*,*,#11803,.T.);
#11825 = ORIENTED_EDGE('',*,*,#11826,.T.);
#11826 = EDGE_CURVE('',#11796,#11827,#11829,.T.);
#11827 = VERTEX_POINT('',#11828);
#11828 = CARTESIAN_POINT('',(64.495336035904,-84.70915275583,24.5162));
#11829 = LINE('',#11830,#11831);
#11830 = CARTESIAN_POINT('',(64.715850584356,-84.27412191506,24.5162));
#11831 = VECTOR('',#11832,1.);
#11832 = DIRECTION('',(-0.452126177748,-0.891953989506,0.));
#11833 = ORIENTED_EDGE('',*,*,#11834,.F.);
#11834 = EDGE_CURVE('',#11835,#11827,#11837,.T.);
#11835 = VERTEX_POINT('',#11836);
#11836 = CARTESIAN_POINT('',(64.495336035904,-84.70915275583,23.3162));
#11837 = LINE('',#11838,#11839);
#11838 = CARTESIAN_POINT('',(64.495336035904,-84.70915275583,23.3162));
#11839 = VECTOR('',#11840,1.);
#11840 = DIRECTION('',(0.,0.,1.));
#11841 = ORIENTED_EDGE('',*,*,#11842,.F.);
#11842 = EDGE_CURVE('',#11804,#11835,#11843,.T.);
#11843 = LINE('',#11844,#11845);
#11844 = CARTESIAN_POINT('',(64.715850584356,-84.27412191506,23.3162));
#11845 = VECTOR('',#11846,1.);
#11846 = DIRECTION('',(-0.452126177748,-0.891953989506,0.));
#11847 = PLANE('',#11848);
#11848 = AXIS2_PLACEMENT_3D('',#11849,#11850,#11851);
#11849 = CARTESIAN_POINT('',(64.715850584356,-84.27412191506,23.3162));
#11850 = DIRECTION('',(0.891953989506,-0.452126177748,0.));
#11851 = DIRECTION('',(-0.452126177748,-0.891953989506,0.));
#11852 = ADVANCED_FACE('',(#11853),#11878,.T.);
#11853 = FACE_BOUND('',#11854,.T.);
#11854 = EDGE_LOOP('',(#11855,#11856,#11864,#11872));
#11855 = ORIENTED_EDGE('',*,*,#11834,.T.);
#11856 = ORIENTED_EDGE('',*,*,#11857,.T.);
#11857 = EDGE_CURVE('',#11827,#11858,#11860,.T.);
#11858 = VERTEX_POINT('',#11859);
#11859 = CARTESIAN_POINT('',(64.088521468857,-85.21530117025,24.5162));
#11860 = LINE('',#11861,#11862);
#11861 = CARTESIAN_POINT('',(64.495336035904,-84.70915275583,24.5162));
#11862 = VECTOR('',#11863,1.);
#11863 = DIRECTION('',(-0.626473600799,-0.779442639007,0.));
#11864 = ORIENTED_EDGE('',*,*,#11865,.F.);
#11865 = EDGE_CURVE('',#11866,#11858,#11868,.T.);
#11866 = VERTEX_POINT('',#11867);
#11867 = CARTESIAN_POINT('',(64.088521468857,-85.21530117025,23.3162));
#11868 = LINE('',#11869,#11870);
#11869 = CARTESIAN_POINT('',(64.088521468857,-85.21530117025,23.3162));
#11870 = VECTOR('',#11871,1.);
#11871 = DIRECTION('',(0.,0.,1.));
#11872 = ORIENTED_EDGE('',*,*,#11873,.F.);
#11873 = EDGE_CURVE('',#11835,#11866,#11874,.T.);
#11874 = LINE('',#11875,#11876);
#11875 = CARTESIAN_POINT('',(64.495336035904,-84.70915275583,23.3162));
#11876 = VECTOR('',#11877,1.);
#11877 = DIRECTION('',(-0.626473600799,-0.779442639007,0.));
#11878 = PLANE('',#11879);
#11879 = AXIS2_PLACEMENT_3D('',#11880,#11881,#11882);
#11880 = CARTESIAN_POINT('',(64.495336035904,-84.70915275583,23.3162));
#11881 = DIRECTION('',(0.779442639007,-0.626473600799,0.));
#11882 = DIRECTION('',(-0.626473600799,-0.779442639007,0.));
#11883 = ADVANCED_FACE('',(#11884),#11909,.T.);
#11884 = FACE_BOUND('',#11885,.T.);
#11885 = EDGE_LOOP('',(#11886,#11887,#11895,#11903));
#11886 = ORIENTED_EDGE('',*,*,#11865,.T.);
#11887 = ORIENTED_EDGE('',*,*,#11888,.T.);
#11888 = EDGE_CURVE('',#11858,#11889,#11891,.T.);
#11889 = VERTEX_POINT('',#11890);
#11890 = CARTESIAN_POINT('',(63.654374048938,-85.53917748029,24.5162));
#11891 = LINE('',#11892,#11893);
#11892 = CARTESIAN_POINT('',(64.088521468857,-85.21530117025,24.5162));
#11893 = VECTOR('',#11894,1.);
#11894 = DIRECTION('',(-0.801534252273,-0.597948862724,0.));
#11895 = ORIENTED_EDGE('',*,*,#11896,.F.);
#11896 = EDGE_CURVE('',#11897,#11889,#11899,.T.);
#11897 = VERTEX_POINT('',#11898);
#11898 = CARTESIAN_POINT('',(63.654374048938,-85.53917748029,23.3162));
#11899 = LINE('',#11900,#11901);
#11900 = CARTESIAN_POINT('',(63.654374048938,-85.53917748029,23.3162));
#11901 = VECTOR('',#11902,1.);
#11902 = DIRECTION('',(0.,0.,1.));
#11903 = ORIENTED_EDGE('',*,*,#11904,.F.);
#11904 = EDGE_CURVE('',#11866,#11897,#11905,.T.);
#11905 = LINE('',#11906,#11907);
#11906 = CARTESIAN_POINT('',(64.088521468857,-85.21530117025,23.3162));
#11907 = VECTOR('',#11908,1.);
#11908 = DIRECTION('',(-0.801534252273,-0.597948862724,0.));
#11909 = PLANE('',#11910);
#11910 = AXIS2_PLACEMENT_3D('',#11911,#11912,#11913);
#11911 = CARTESIAN_POINT('',(64.088521468857,-85.21530117025,23.3162));
#11912 = DIRECTION('',(0.597948862724,-0.801534252273,0.));
#11913 = DIRECTION('',(-0.801534252273,-0.597948862724,0.));
#11914 = ADVANCED_FACE('',(#11915),#11940,.T.);
#11915 = FACE_BOUND('',#11916,.T.);
#11916 = EDGE_LOOP('',(#11917,#11918,#11926,#11934));
#11917 = ORIENTED_EDGE('',*,*,#11896,.T.);
#11918 = ORIENTED_EDGE('',*,*,#11919,.T.);
#11919 = EDGE_CURVE('',#11889,#11920,#11922,.T.);
#11920 = VERTEX_POINT('',#11921);
#11921 = CARTESIAN_POINT('',(62.985169315194,-85.67672365898,24.5162));
#11922 = LINE('',#11923,#11924);
#11923 = CARTESIAN_POINT('',(63.654374048938,-85.53917748029,24.5162));
#11924 = VECTOR('',#11925,1.);
#11925 = DIRECTION('',(-0.97952384823,-0.201328166805,0.));
#11926 = ORIENTED_EDGE('',*,*,#11927,.F.);
#11927 = EDGE_CURVE('',#11928,#11920,#11930,.T.);
#11928 = VERTEX_POINT('',#11929);
#11929 = CARTESIAN_POINT('',(62.985169315194,-85.67672365898,23.3162));
#11930 = LINE('',#11931,#11932);
#11931 = CARTESIAN_POINT('',(62.985169315194,-85.67672365898,23.3162));
#11932 = VECTOR('',#11933,1.);
#11933 = DIRECTION('',(0.,0.,1.));
#11934 = ORIENTED_EDGE('',*,*,#11935,.F.);
#11935 = EDGE_CURVE('',#11897,#11928,#11936,.T.);
#11936 = LINE('',#11937,#11938);
#11937 = CARTESIAN_POINT('',(63.654374048938,-85.53917748029,23.3162));
#11938 = VECTOR('',#11939,1.);
#11939 = DIRECTION('',(-0.97952384823,-0.201328166805,0.));
#11940 = PLANE('',#11941);
#11941 = AXIS2_PLACEMENT_3D('',#11942,#11943,#11944);
#11942 = CARTESIAN_POINT('',(63.654374048938,-85.53917748029,23.3162));
#11943 = DIRECTION('',(0.201328166805,-0.97952384823,0.));
#11944 = DIRECTION('',(-0.97952384823,-0.201328166805,0.));
#11945 = ADVANCED_FACE('',(#11946),#11971,.T.);
#11946 = FACE_BOUND('',#11947,.T.);
#11947 = EDGE_LOOP('',(#11948,#11949,#11957,#11965));
#11948 = ORIENTED_EDGE('',*,*,#11927,.T.);
#11949 = ORIENTED_EDGE('',*,*,#11950,.T.);
#11950 = EDGE_CURVE('',#11920,#11951,#11953,.T.);
#11951 = VERTEX_POINT('',#11952);
#11952 = CARTESIAN_POINT('',(60.114864945854,-85.72327348294,24.5162));
#11953 = LINE('',#11954,#11955);
#11954 = CARTESIAN_POINT('',(62.985169315194,-85.67672365898,24.5162));
#11955 = VECTOR('',#11956,1.);
#11956 = DIRECTION('',(-0.999868518537,-1.621559860183E-02,0.));
#11957 = ORIENTED_EDGE('',*,*,#11958,.F.);
#11958 = EDGE_CURVE('',#11959,#11951,#11961,.T.);
#11959 = VERTEX_POINT('',#11960);
#11960 = CARTESIAN_POINT('',(60.114864945854,-85.72327348294,23.3162));
#11961 = LINE('',#11962,#11963);
#11962 = CARTESIAN_POINT('',(60.114864945854,-85.72327348294,23.3162));
#11963 = VECTOR('',#11964,1.);
#11964 = DIRECTION('',(0.,0.,1.));
#11965 = ORIENTED_EDGE('',*,*,#11966,.F.);
#11966 = EDGE_CURVE('',#11928,#11959,#11967,.T.);
#11967 = LINE('',#11968,#11969);
#11968 = CARTESIAN_POINT('',(62.985169315194,-85.67672365898,23.3162));
#11969 = VECTOR('',#11970,1.);
#11970 = DIRECTION('',(-0.999868518537,-1.621559860183E-02,0.));
#11971 = PLANE('',#11972);
#11972 = AXIS2_PLACEMENT_3D('',#11973,#11974,#11975);
#11973 = CARTESIAN_POINT('',(62.985169315194,-85.67672365898,23.3162));
#11974 = DIRECTION('',(1.621559860183E-02,-0.999868518537,0.));
#11975 = DIRECTION('',(-0.999868518537,-1.621559860183E-02,0.));
#11976 = ADVANCED_FACE('',(#11977),#12002,.T.);
#11977 = FACE_BOUND('',#11978,.T.);
#11978 = EDGE_LOOP('',(#11979,#11980,#11988,#11996));
#11979 = ORIENTED_EDGE('',*,*,#11958,.T.);
#11980 = ORIENTED_EDGE('',*,*,#11981,.T.);
#11981 = EDGE_CURVE('',#11951,#11982,#11984,.T.);
#11982 = VERTEX_POINT('',#11983);
#11983 = CARTESIAN_POINT('',(59.720987608275,-85.66324683567,24.5162));
#11984 = LINE('',#11985,#11986);
#11985 = CARTESIAN_POINT('',(60.114864945854,-85.72327348294,24.5162));
#11986 = VECTOR('',#11987,1.);
#11987 = DIRECTION('',(-0.98858566797,0.150659805805,0.));
#11988 = ORIENTED_EDGE('',*,*,#11989,.F.);
#11989 = EDGE_CURVE('',#11990,#11982,#11992,.T.);
#11990 = VERTEX_POINT('',#11991);
#11991 = CARTESIAN_POINT('',(59.720987608275,-85.66324683567,23.3162));
#11992 = LINE('',#11993,#11994);
#11993 = CARTESIAN_POINT('',(59.720987608275,-85.66324683567,23.3162));
#11994 = VECTOR('',#11995,1.);
#11995 = DIRECTION('',(0.,0.,1.));
#11996 = ORIENTED_EDGE('',*,*,#11997,.F.);
#11997 = EDGE_CURVE('',#11959,#11990,#11998,.T.);
#11998 = LINE('',#11999,#12000);
#11999 = CARTESIAN_POINT('',(60.114864945854,-85.72327348294,23.3162));
#12000 = VECTOR('',#12001,1.);
#12001 = DIRECTION('',(-0.98858566797,0.150659805805,0.));
#12002 = PLANE('',#12003);
#12003 = AXIS2_PLACEMENT_3D('',#12004,#12005,#12006);
#12004 = CARTESIAN_POINT('',(60.114864945854,-85.72327348294,23.3162));
#12005 = DIRECTION('',(-0.150659805805,-0.98858566797,0.));
#12006 = DIRECTION('',(-0.98858566797,0.150659805805,0.));
#12007 = ADVANCED_FACE('',(#12008),#12033,.T.);
#12008 = FACE_BOUND('',#12009,.T.);
#12009 = EDGE_LOOP('',(#12010,#12011,#12019,#12027));
#12010 = ORIENTED_EDGE('',*,*,#11989,.T.);
#12011 = ORIENTED_EDGE('',*,*,#12012,.T.);
#12012 = EDGE_CURVE('',#11982,#12013,#12015,.T.);
#12013 = VERTEX_POINT('',#12014);
#12014 = CARTESIAN_POINT('',(59.565418334743,-85.55097700153,24.5162));
#12015 = LINE('',#12016,#12017);
#12016 = CARTESIAN_POINT('',(59.720987608275,-85.66324683567,24.5162));
#12017 = VECTOR('',#12018,1.);
#12018 = DIRECTION('',(-0.810891330313,0.585196762144,0.));
#12019 = ORIENTED_EDGE('',*,*,#12020,.F.);
#12020 = EDGE_CURVE('',#12021,#12013,#12023,.T.);
#12021 = VERTEX_POINT('',#12022);
#12022 = CARTESIAN_POINT('',(59.565418334743,-85.55097700153,23.3162));
#12023 = LINE('',#12024,#12025);
#12024 = CARTESIAN_POINT('',(59.565418334743,-85.55097700153,23.3162));
#12025 = VECTOR('',#12026,1.);
#12026 = DIRECTION('',(0.,0.,1.));
#12027 = ORIENTED_EDGE('',*,*,#12028,.F.);
#12028 = EDGE_CURVE('',#11990,#12021,#12029,.T.);
#12029 = LINE('',#12030,#12031);
#12030 = CARTESIAN_POINT('',(59.720987608275,-85.66324683567,23.3162));
#12031 = VECTOR('',#12032,1.);
#12032 = DIRECTION('',(-0.810891330313,0.585196762144,0.));
#12033 = PLANE('',#12034);
#12034 = AXIS2_PLACEMENT_3D('',#12035,#12036,#12037);
#12035 = CARTESIAN_POINT('',(59.720987608275,-85.66324683567,23.3162));
#12036 = DIRECTION('',(-0.585196762144,-0.810891330313,0.));
#12037 = DIRECTION('',(-0.810891330313,0.585196762144,0.));
#12038 = ADVANCED_FACE('',(#12039),#12064,.T.);
#12039 = FACE_BOUND('',#12040,.T.);
#12040 = EDGE_LOOP('',(#12041,#12042,#12050,#12058));
#12041 = ORIENTED_EDGE('',*,*,#12020,.T.);
#12042 = ORIENTED_EDGE('',*,*,#12043,.T.);
#12043 = EDGE_CURVE('',#12013,#12044,#12046,.T.);
#12044 = VERTEX_POINT('',#12045);
#12045 = CARTESIAN_POINT('',(59.517390294052,-85.44336704316,24.5162));
#12046 = LINE('',#12047,#12048);
#12047 = CARTESIAN_POINT('',(59.565418334743,-85.55097700153,24.5162));
#12048 = VECTOR('',#12049,1.);
#12049 = DIRECTION('',(-0.407565085002,0.913176161257,0.));
#12050 = ORIENTED_EDGE('',*,*,#12051,.F.);
#12051 = EDGE_CURVE('',#12052,#12044,#12054,.T.);
#12052 = VERTEX_POINT('',#12053);
#12053 = CARTESIAN_POINT('',(59.517390294052,-85.44336704316,23.3162));
#12054 = LINE('',#12055,#12056);
#12055 = CARTESIAN_POINT('',(59.517390294052,-85.44336704316,23.3162));
#12056 = VECTOR('',#12057,1.);
#12057 = DIRECTION('',(0.,0.,1.));
#12058 = ORIENTED_EDGE('',*,*,#12059,.F.);
#12059 = EDGE_CURVE('',#12021,#12052,#12060,.T.);
#12060 = LINE('',#12061,#12062);
#12061 = CARTESIAN_POINT('',(59.565418334743,-85.55097700153,23.3162));
#12062 = VECTOR('',#12063,1.);
#12063 = DIRECTION('',(-0.407565085002,0.913176161257,0.));
#12064 = PLANE('',#12065);
#12065 = AXIS2_PLACEMENT_3D('',#12066,#12067,#12068);
#12066 = CARTESIAN_POINT('',(59.565418334743,-85.55097700153,23.3162));
#12067 = DIRECTION('',(-0.913176161257,-0.407565085002,0.));
#12068 = DIRECTION('',(-0.407565085002,0.913176161257,0.));
#12069 = ADVANCED_FACE('',(#12070),#12095,.T.);
#12070 = FACE_BOUND('',#12071,.T.);
#12071 = EDGE_LOOP('',(#12072,#12073,#12081,#12089));
#12072 = ORIENTED_EDGE('',*,*,#12051,.T.);
#12073 = ORIENTED_EDGE('',*,*,#12074,.T.);
#12074 = EDGE_CURVE('',#12044,#12075,#12077,.T.);
#12075 = VERTEX_POINT('',#12076);
#12076 = CARTESIAN_POINT('',(59.548315260512,-85.31017150659,24.5162));
#12077 = LINE('',#12078,#12079);
#12078 = CARTESIAN_POINT('',(59.517390294052,-85.44336704316,24.5162));
#12079 = VECTOR('',#12080,1.);
#12080 = DIRECTION('',(0.226161447611,0.974089831389,0.));
#12081 = ORIENTED_EDGE('',*,*,#12082,.F.);
#12082 = EDGE_CURVE('',#12083,#12075,#12085,.T.);
#12083 = VERTEX_POINT('',#12084);
#12084 = CARTESIAN_POINT('',(59.548315260512,-85.31017150659,23.3162));
#12085 = LINE('',#12086,#12087);
#12086 = CARTESIAN_POINT('',(59.548315260512,-85.31017150659,23.3162));
#12087 = VECTOR('',#12088,1.);
#12088 = DIRECTION('',(0.,0.,1.));
#12089 = ORIENTED_EDGE('',*,*,#12090,.F.);
#12090 = EDGE_CURVE('',#12052,#12083,#12091,.T.);
#12091 = LINE('',#12092,#12093);
#12092 = CARTESIAN_POINT('',(59.517390294052,-85.44336704316,23.3162));
#12093 = VECTOR('',#12094,1.);
#12094 = DIRECTION('',(0.226161447611,0.974089831389,0.));
#12095 = PLANE('',#12096);
#12096 = AXIS2_PLACEMENT_3D('',#12097,#12098,#12099);
#12097 = CARTESIAN_POINT('',(59.517390294052,-85.44336704316,23.3162));
#12098 = DIRECTION('',(-0.974089831389,0.226161447611,0.));
#12099 = DIRECTION('',(0.226161447611,0.974089831389,0.));
#12100 = ADVANCED_FACE('',(#12101),#12126,.T.);
#12101 = FACE_BOUND('',#12102,.T.);
#12102 = EDGE_LOOP('',(#12103,#12104,#12112,#12120));
#12103 = ORIENTED_EDGE('',*,*,#12082,.T.);
#12104 = ORIENTED_EDGE('',*,*,#12105,.T.);
#12105 = EDGE_CURVE('',#12075,#12106,#12108,.T.);
#12106 = VERTEX_POINT('',#12107);
#12107 = CARTESIAN_POINT('',(59.818740083349,-85.14531539996,24.5162));
#12108 = LINE('',#12109,#12110);
#12109 = CARTESIAN_POINT('',(59.548315260512,-85.31017150659,24.5162));
#12110 = VECTOR('',#12111,1.);
#12111 = DIRECTION('',(0.853848208898,0.520522080378,0.));
#12112 = ORIENTED_EDGE('',*,*,#12113,.F.);
#12113 = EDGE_CURVE('',#12114,#12106,#12116,.T.);
#12114 = VERTEX_POINT('',#12115);
#12115 = CARTESIAN_POINT('',(59.818740083349,-85.14531539996,23.3162));
#12116 = LINE('',#12117,#12118);
#12117 = CARTESIAN_POINT('',(59.818740083349,-85.14531539996,23.3162));
#12118 = VECTOR('',#12119,1.);
#12119 = DIRECTION('',(0.,0.,1.));
#12120 = ORIENTED_EDGE('',*,*,#12121,.F.);
#12121 = EDGE_CURVE('',#12083,#12114,#12122,.T.);
#12122 = LINE('',#12123,#12124);
#12123 = CARTESIAN_POINT('',(59.548315260512,-85.31017150659,23.3162));
#12124 = VECTOR('',#12125,1.);
#12125 = DIRECTION('',(0.853848208898,0.520522080378,0.));
#12126 = PLANE('',#12127);
#12127 = AXIS2_PLACEMENT_3D('',#12128,#12129,#12130);
#12128 = CARTESIAN_POINT('',(59.548315260512,-85.31017150659,23.3162));
#12129 = DIRECTION('',(-0.520522080378,0.853848208898,0.));
#12130 = DIRECTION('',(0.853848208898,0.520522080378,0.));
#12131 = ADVANCED_FACE('',(#12132),#12157,.T.);
#12132 = FACE_BOUND('',#12133,.T.);
#12133 = EDGE_LOOP('',(#12134,#12135,#12143,#12151));
#12134 = ORIENTED_EDGE('',*,*,#12113,.T.);
#12135 = ORIENTED_EDGE('',*,*,#12136,.T.);
#12136 = EDGE_CURVE('',#12106,#12137,#12139,.T.);
#12137 = VERTEX_POINT('',#12138);
#12138 = CARTESIAN_POINT('',(62.632437752411,-85.03089272869,24.5162));
#12139 = LINE('',#12140,#12141);
#12140 = CARTESIAN_POINT('',(59.818740083349,-85.14531539996,24.5162));
#12141 = VECTOR('',#12142,1.);
#12142 = DIRECTION('',(0.999174150224,4.063271494693E-02,0.));
#12143 = ORIENTED_EDGE('',*,*,#12144,.F.);
#12144 = EDGE_CURVE('',#12145,#12137,#12147,.T.);
#12145 = VERTEX_POINT('',#12146);
#12146 = CARTESIAN_POINT('',(62.632437752411,-85.03089272869,23.3162));
#12147 = LINE('',#12148,#12149);
#12148 = CARTESIAN_POINT('',(62.632437752411,-85.03089272869,23.3162));
#12149 = VECTOR('',#12150,1.);
#12150 = DIRECTION('',(0.,0.,1.));
#12151 = ORIENTED_EDGE('',*,*,#12152,.F.);
#12152 = EDGE_CURVE('',#12114,#12145,#12153,.T.);
#12153 = LINE('',#12154,#12155);
#12154 = CARTESIAN_POINT('',(59.818740083349,-85.14531539996,23.3162));
#12155 = VECTOR('',#12156,1.);
#12156 = DIRECTION('',(0.999174150224,4.063271494693E-02,0.));
#12157 = PLANE('',#12158);
#12158 = AXIS2_PLACEMENT_3D('',#12159,#12160,#12161);
#12159 = CARTESIAN_POINT('',(59.818740083349,-85.14531539996,23.3162));
#12160 = DIRECTION('',(-4.063271494693E-02,0.999174150224,0.));
#12161 = DIRECTION('',(0.999174150224,4.063271494693E-02,0.));
#12162 = ADVANCED_FACE('',(#12163),#12188,.T.);
#12163 = FACE_BOUND('',#12164,.T.);
#12164 = EDGE_LOOP('',(#12165,#12166,#12174,#12182));
#12165 = ORIENTED_EDGE('',*,*,#12144,.T.);
#12166 = ORIENTED_EDGE('',*,*,#12167,.T.);
#12167 = EDGE_CURVE('',#12137,#12168,#12170,.T.);
#12168 = VERTEX_POINT('',#12169);
#12169 = CARTESIAN_POINT('',(63.200833238231,-84.9004613613,24.5162));
#12170 = LINE('',#12171,#12172);
#12171 = CARTESIAN_POINT('',(62.632437752411,-85.03089272869,24.5162));
#12172 = VECTOR('',#12173,1.);
#12173 = DIRECTION('',(0.974667287011,0.223659740746,0.));
#12174 = ORIENTED_EDGE('',*,*,#12175,.F.);
#12175 = EDGE_CURVE('',#12176,#12168,#12178,.T.);
#12176 = VERTEX_POINT('',#12177);
#12177 = CARTESIAN_POINT('',(63.200833238231,-84.9004613613,23.3162));
#12178 = LINE('',#12179,#12180);
#12179 = CARTESIAN_POINT('',(63.200833238231,-84.9004613613,23.3162));
#12180 = VECTOR('',#12181,1.);
#12181 = DIRECTION('',(0.,0.,1.));
#12182 = ORIENTED_EDGE('',*,*,#12183,.F.);
#12183 = EDGE_CURVE('',#12145,#12176,#12184,.T.);
#12184 = LINE('',#12185,#12186);
#12185 = CARTESIAN_POINT('',(62.632437752411,-85.03089272869,23.3162));
#12186 = VECTOR('',#12187,1.);
#12187 = DIRECTION('',(0.974667287011,0.223659740746,0.));
#12188 = PLANE('',#12189);
#12189 = AXIS2_PLACEMENT_3D('',#12190,#12191,#12192);
#12190 = CARTESIAN_POINT('',(62.632437752411,-85.03089272869,23.3162));
#12191 = DIRECTION('',(-0.223659740746,0.974667287011,0.));
#12192 = DIRECTION('',(0.974667287011,0.223659740746,0.));
#12193 = ADVANCED_FACE('',(#12194),#12219,.T.);
#12194 = FACE_BOUND('',#12195,.T.);
#12195 = EDGE_LOOP('',(#12196,#12197,#12205,#12213));
#12196 = ORIENTED_EDGE('',*,*,#12175,.T.);
#12197 = ORIENTED_EDGE('',*,*,#12198,.T.);
#12198 = EDGE_CURVE('',#12168,#12199,#12201,.T.);
#12199 = VERTEX_POINT('',#12200);
#12200 = CARTESIAN_POINT('',(63.428577862855,-84.76866590776,24.5162));
#12201 = LINE('',#12202,#12203);
#12202 = CARTESIAN_POINT('',(63.200833238231,-84.9004613613,24.5162));
#12203 = VECTOR('',#12204,1.);
#12204 = DIRECTION('',(0.865519701752,0.500874880463,0.));
#12205 = ORIENTED_EDGE('',*,*,#12206,.F.);
#12206 = EDGE_CURVE('',#12207,#12199,#12209,.T.);
#12207 = VERTEX_POINT('',#12208);
#12208 = CARTESIAN_POINT('',(63.428577862855,-84.76866590776,23.3162));
#12209 = LINE('',#12210,#12211);
#12210 = CARTESIAN_POINT('',(63.428577862855,-84.76866590776,23.3162));
#12211 = VECTOR('',#12212,1.);
#12212 = DIRECTION('',(0.,0.,1.));
#12213 = ORIENTED_EDGE('',*,*,#12214,.F.);
#12214 = EDGE_CURVE('',#12176,#12207,#12215,.T.);
#12215 = LINE('',#12216,#12217);
#12216 = CARTESIAN_POINT('',(63.200833238231,-84.9004613613,23.3162));
#12217 = VECTOR('',#12218,1.);
#12218 = DIRECTION('',(0.865519701752,0.500874880463,0.));
#12219 = PLANE('',#12220);
#12220 = AXIS2_PLACEMENT_3D('',#12221,#12222,#12223);
#12221 = CARTESIAN_POINT('',(63.200833238231,-84.9004613613,23.3162));
#12222 = DIRECTION('',(-0.500874880463,0.865519701752,0.));
#12223 = DIRECTION('',(0.865519701752,0.500874880463,0.));
#12224 = ADVANCED_FACE('',(#12225),#12250,.T.);
#12225 = FACE_BOUND('',#12226,.T.);
#12226 = EDGE_LOOP('',(#12227,#12228,#12236,#12244));
#12227 = ORIENTED_EDGE('',*,*,#12206,.T.);
#12228 = ORIENTED_EDGE('',*,*,#12229,.T.);
#12229 = EDGE_CURVE('',#12199,#12230,#12232,.T.);
#12230 = VERTEX_POINT('',#12231);
#12231 = CARTESIAN_POINT('',(63.864228148645,-84.3339297552,24.5162));
#12232 = LINE('',#12233,#12234);
#12233 = CARTESIAN_POINT('',(63.428577862855,-84.76866590776,24.5162));
#12234 = VECTOR('',#12235,1.);
#12235 = DIRECTION('',(0.707849037706,0.706363744695,0.));
#12236 = ORIENTED_EDGE('',*,*,#12237,.F.);
#12237 = EDGE_CURVE('',#12238,#12230,#12240,.T.);
#12238 = VERTEX_POINT('',#12239);
#12239 = CARTESIAN_POINT('',(63.864228148645,-84.3339297552,23.3162));
#12240 = LINE('',#12241,#12242);
#12241 = CARTESIAN_POINT('',(63.864228148645,-84.3339297552,23.3162));
#12242 = VECTOR('',#12243,1.);
#12243 = DIRECTION('',(0.,0.,1.));
#12244 = ORIENTED_EDGE('',*,*,#12245,.F.);
#12245 = EDGE_CURVE('',#12207,#12238,#12246,.T.);
#12246 = LINE('',#12247,#12248);
#12247 = CARTESIAN_POINT('',(63.428577862855,-84.76866590776,23.3162));
#12248 = VECTOR('',#12249,1.);
#12249 = DIRECTION('',(0.707849037706,0.706363744695,0.));
#12250 = PLANE('',#12251);
#12251 = AXIS2_PLACEMENT_3D('',#12252,#12253,#12254);
#12252 = CARTESIAN_POINT('',(63.428577862855,-84.76866590776,23.3162));
#12253 = DIRECTION('',(-0.706363744695,0.707849037706,0.));
#12254 = DIRECTION('',(0.707849037706,0.706363744695,0.));
#12255 = ADVANCED_FACE('',(#12256),#12281,.T.);
#12256 = FACE_BOUND('',#12257,.T.);
#12257 = EDGE_LOOP('',(#12258,#12259,#12267,#12275));
#12258 = ORIENTED_EDGE('',*,*,#12237,.T.);
#12259 = ORIENTED_EDGE('',*,*,#12260,.T.);
#12260 = EDGE_CURVE('',#12230,#12261,#12263,.T.);
#12261 = VERTEX_POINT('',#12262);
#12262 = CARTESIAN_POINT('',(64.081685859442,-83.81565583077,24.5162));
#12263 = LINE('',#12264,#12265);
#12264 = CARTESIAN_POINT('',(63.864228148645,-84.3339297552,24.5162));
#12265 = VECTOR('',#12266,1.);
#12266 = DIRECTION('',(0.386903753685,0.922120103557,0.));
#12267 = ORIENTED_EDGE('',*,*,#12268,.F.);
#12268 = EDGE_CURVE('',#12269,#12261,#12271,.T.);
#12269 = VERTEX_POINT('',#12270);
#12270 = CARTESIAN_POINT('',(64.081685859442,-83.81565583077,23.3162));
#12271 = LINE('',#12272,#12273);
#12272 = CARTESIAN_POINT('',(64.081685859442,-83.81565583077,23.3162));
#12273 = VECTOR('',#12274,1.);
#12274 = DIRECTION('',(0.,0.,1.));
#12275 = ORIENTED_EDGE('',*,*,#12276,.F.);
#12276 = EDGE_CURVE('',#12238,#12269,#12277,.T.);
#12277 = LINE('',#12278,#12279);
#12278 = CARTESIAN_POINT('',(63.864228148645,-84.3339297552,23.3162));
#12279 = VECTOR('',#12280,1.);
#12280 = DIRECTION('',(0.386903753685,0.922120103557,0.));
#12281 = PLANE('',#12282);
#12282 = AXIS2_PLACEMENT_3D('',#12283,#12284,#12285);
#12283 = CARTESIAN_POINT('',(63.864228148645,-84.3339297552,23.3162));
#12284 = DIRECTION('',(-0.922120103557,0.386903753685,0.));
#12285 = DIRECTION('',(0.386903753685,0.922120103557,0.));
#12286 = ADVANCED_FACE('',(#12287),#12312,.T.);
#12287 = FACE_BOUND('',#12288,.T.);
#12288 = EDGE_LOOP('',(#12289,#12290,#12298,#12306));
#12289 = ORIENTED_EDGE('',*,*,#12268,.T.);
#12290 = ORIENTED_EDGE('',*,*,#12291,.T.);
#12291 = EDGE_CURVE('',#12261,#12292,#12294,.T.);
#12292 = VERTEX_POINT('',#12293);
#12293 = CARTESIAN_POINT('',(64.103920707021,-83.24436453982,24.5162));
#12294 = LINE('',#12295,#12296);
#12295 = CARTESIAN_POINT('',(64.081685859442,-83.81565583077,24.5162));
#12296 = VECTOR('',#12297,1.);
#12297 = DIRECTION('',(3.889088885167E-02,0.999243463208,0.));
#12298 = ORIENTED_EDGE('',*,*,#12299,.F.);
#12299 = EDGE_CURVE('',#12300,#12292,#12302,.T.);
#12300 = VERTEX_POINT('',#12301);
#12301 = CARTESIAN_POINT('',(64.103920707021,-83.24436453982,23.3162));
#12302 = LINE('',#12303,#12304);
#12303 = CARTESIAN_POINT('',(64.103920707021,-83.24436453982,23.3162));
#12304 = VECTOR('',#12305,1.);
#12305 = DIRECTION('',(0.,0.,1.));
#12306 = ORIENTED_EDGE('',*,*,#12307,.F.);
#12307 = EDGE_CURVE('',#12269,#12300,#12308,.T.);
#12308 = LINE('',#12309,#12310);
#12309 = CARTESIAN_POINT('',(64.081685859442,-83.81565583077,23.3162));
#12310 = VECTOR('',#12311,1.);
#12311 = DIRECTION('',(3.889088885167E-02,0.999243463208,0.));
#12312 = PLANE('',#12313);
#12313 = AXIS2_PLACEMENT_3D('',#12314,#12315,#12316);
#12314 = CARTESIAN_POINT('',(64.081685859442,-83.81565583077,23.3162));
#12315 = DIRECTION('',(-0.999243463208,3.889088885167E-02,0.));
#12316 = DIRECTION('',(3.889088885167E-02,0.999243463208,0.));
#12317 = ADVANCED_FACE('',(#12318),#12343,.T.);
#12318 = FACE_BOUND('',#12319,.T.);
#12319 = EDGE_LOOP('',(#12320,#12321,#12329,#12337));
#12320 = ORIENTED_EDGE('',*,*,#12299,.T.);
#12321 = ORIENTED_EDGE('',*,*,#12322,.T.);
#12322 = EDGE_CURVE('',#12292,#12323,#12325,.T.);
#12323 = VERTEX_POINT('',#12324);
#12324 = CARTESIAN_POINT('',(63.934403999741,-82.67277342594,24.5162));
#12325 = LINE('',#12326,#12327);
#12326 = CARTESIAN_POINT('',(64.103920707021,-83.24436453982,24.5162));
#12327 = VECTOR('',#12328,1.);
#12328 = DIRECTION('',(-0.28432944292,0.958726638771,0.));
#12329 = ORIENTED_EDGE('',*,*,#12330,.F.);
#12330 = EDGE_CURVE('',#12331,#12323,#12333,.T.);
#12331 = VERTEX_POINT('',#12332);
#12332 = CARTESIAN_POINT('',(63.934403999741,-82.67277342594,23.3162));
#12333 = LINE('',#12334,#12335);
#12334 = CARTESIAN_POINT('',(63.934403999741,-82.67277342594,23.3162));
#12335 = VECTOR('',#12336,1.);
#12336 = DIRECTION('',(0.,0.,1.));
#12337 = ORIENTED_EDGE('',*,*,#12338,.F.);
#12338 = EDGE_CURVE('',#12300,#12331,#12339,.T.);
#12339 = LINE('',#12340,#12341);
#12340 = CARTESIAN_POINT('',(64.103920707021,-83.24436453982,23.3162));
#12341 = VECTOR('',#12342,1.);
#12342 = DIRECTION('',(-0.28432944292,0.958726638771,0.));
#12343 = PLANE('',#12344);
#12344 = AXIS2_PLACEMENT_3D('',#12345,#12346,#12347);
#12345 = CARTESIAN_POINT('',(64.103920707021,-83.24436453982,23.3162));
#12346 = DIRECTION('',(-0.958726638771,-0.28432944292,0.));
#12347 = DIRECTION('',(-0.28432944292,0.958726638771,0.));
#12348 = ADVANCED_FACE('',(#12349),#12374,.T.);
#12349 = FACE_BOUND('',#12350,.T.);
#12350 = EDGE_LOOP('',(#12351,#12352,#12360,#12368));
#12351 = ORIENTED_EDGE('',*,*,#12330,.T.);
#12352 = ORIENTED_EDGE('',*,*,#12353,.T.);
#12353 = EDGE_CURVE('',#12323,#12354,#12356,.T.);
#12354 = VERTEX_POINT('',#12355);
#12355 = CARTESIAN_POINT('',(63.578907867635,-82.15766324996,24.5162));
#12356 = LINE('',#12357,#12358);
#12357 = CARTESIAN_POINT('',(63.934403999741,-82.67277342594,24.5162));
#12358 = VECTOR('',#12359,1.);
#12359 = DIRECTION('',(-0.568001167005,0.823027748184,0.));
#12360 = ORIENTED_EDGE('',*,*,#12361,.F.);
#12361 = EDGE_CURVE('',#12362,#12354,#12364,.T.);
#12362 = VERTEX_POINT('',#12363);
#12363 = CARTESIAN_POINT('',(63.578907867635,-82.15766324996,23.3162));
#12364 = LINE('',#12365,#12366);
#12365 = CARTESIAN_POINT('',(63.578907867635,-82.15766324996,23.3162));
#12366 = VECTOR('',#12367,1.);
#12367 = DIRECTION('',(0.,0.,1.));
#12368 = ORIENTED_EDGE('',*,*,#12369,.F.);
#12369 = EDGE_CURVE('',#12331,#12362,#12370,.T.);
#12370 = LINE('',#12371,#12372);
#12371 = CARTESIAN_POINT('',(63.934403999741,-82.67277342594,23.3162));
#12372 = VECTOR('',#12373,1.);
#12373 = DIRECTION('',(-0.568001167005,0.823027748184,0.));
#12374 = PLANE('',#12375);
#12375 = AXIS2_PLACEMENT_3D('',#12376,#12377,#12378);
#12376 = CARTESIAN_POINT('',(63.934403999741,-82.67277342594,23.3162));
#12377 = DIRECTION('',(-0.823027748184,-0.568001167005,0.));
#12378 = DIRECTION('',(-0.568001167005,0.823027748184,0.));
#12379 = ADVANCED_FACE('',(#12380),#12405,.T.);
#12380 = FACE_BOUND('',#12381,.T.);
#12381 = EDGE_LOOP('',(#12382,#12383,#12391,#12399));
#12382 = ORIENTED_EDGE('',*,*,#12361,.T.);
#12383 = ORIENTED_EDGE('',*,*,#12384,.T.);
#12384 = EDGE_CURVE('',#12354,#12385,#12387,.T.);
#12385 = VERTEX_POINT('',#12386);
#12386 = CARTESIAN_POINT('',(62.969049200117,-81.713519744,24.5162));
#12387 = LINE('',#12388,#12389);
#12388 = CARTESIAN_POINT('',(63.578907867635,-82.15766324996,24.5162));
#12389 = VECTOR('',#12390,1.);
#12390 = DIRECTION('',(-0.808351353656,0.588700338918,0.));
#12391 = ORIENTED_EDGE('',*,*,#12392,.F.);
#12392 = EDGE_CURVE('',#12393,#12385,#12395,.T.);
#12393 = VERTEX_POINT('',#12394);
#12394 = CARTESIAN_POINT('',(62.969049200117,-81.713519744,23.3162));
#12395 = LINE('',#12396,#12397);
#12396 = CARTESIAN_POINT('',(62.969049200117,-81.713519744,23.3162));
#12397 = VECTOR('',#12398,1.);
#12398 = DIRECTION('',(0.,0.,1.));
#12399 = ORIENTED_EDGE('',*,*,#12400,.F.);
#12400 = EDGE_CURVE('',#12362,#12393,#12401,.T.);
#12401 = LINE('',#12402,#12403);
#12402 = CARTESIAN_POINT('',(63.578907867635,-82.15766324996,23.3162));
#12403 = VECTOR('',#12404,1.);
#12404 = DIRECTION('',(-0.808351353656,0.588700338918,0.));
#12405 = PLANE('',#12406);
#12406 = AXIS2_PLACEMENT_3D('',#12407,#12408,#12409);
#12407 = CARTESIAN_POINT('',(63.578907867635,-82.15766324996,23.3162));
#12408 = DIRECTION('',(-0.588700338918,-0.808351353656,0.));
#12409 = DIRECTION('',(-0.808351353656,0.588700338918,0.));
#12410 = ADVANCED_FACE('',(#12411),#12436,.T.);
#12411 = FACE_BOUND('',#12412,.T.);
#12412 = EDGE_LOOP('',(#12413,#12414,#12422,#12430));
#12413 = ORIENTED_EDGE('',*,*,#12392,.T.);
#12414 = ORIENTED_EDGE('',*,*,#12415,.T.);
#12415 = EDGE_CURVE('',#12385,#12416,#12418,.T.);
#12416 = VERTEX_POINT('',#12417);
#12417 = CARTESIAN_POINT('',(62.570116900101,-81.58690804071,24.5162));
#12418 = LINE('',#12419,#12420);
#12419 = CARTESIAN_POINT('',(62.969049200117,-81.713519744,24.5162));
#12420 = VECTOR('',#12421,1.);
#12421 = DIRECTION('',(-0.953147327714,0.302506482032,0.));
#12422 = ORIENTED_EDGE('',*,*,#12423,.F.);
#12423 = EDGE_CURVE('',#12424,#12416,#12426,.T.);
#12424 = VERTEX_POINT('',#12425);
#12425 = CARTESIAN_POINT('',(62.570116900101,-81.58690804071,23.3162));
#12426 = LINE('',#12427,#12428);
#12427 = CARTESIAN_POINT('',(62.570116900101,-81.58690804071,23.3162));
#12428 = VECTOR('',#12429,1.);
#12429 = DIRECTION('',(0.,0.,1.));
#12430 = ORIENTED_EDGE('',*,*,#12431,.F.);
#12431 = EDGE_CURVE('',#12393,#12424,#12432,.T.);
#12432 = LINE('',#12433,#12434);
#12433 = CARTESIAN_POINT('',(62.969049200117,-81.713519744,23.3162));
#12434 = VECTOR('',#12435,1.);
#12435 = DIRECTION('',(-0.953147327714,0.302506482032,0.));
#12436 = PLANE('',#12437);
#12437 = AXIS2_PLACEMENT_3D('',#12438,#12439,#12440);
#12438 = CARTESIAN_POINT('',(62.969049200117,-81.713519744,23.3162));
#12439 = DIRECTION('',(-0.302506482032,-0.953147327714,0.));
#12440 = DIRECTION('',(-0.953147327714,0.302506482032,0.));
#12441 = ADVANCED_FACE('',(#12442),#12467,.T.);
#12442 = FACE_BOUND('',#12443,.T.);
#12443 = EDGE_LOOP('',(#12444,#12445,#12453,#12461));
#12444 = ORIENTED_EDGE('',*,*,#12423,.T.);
#12445 = ORIENTED_EDGE('',*,*,#12446,.T.);
#12446 = EDGE_CURVE('',#12416,#12447,#12449,.T.);
#12447 = VERTEX_POINT('',#12448);
#12448 = CARTESIAN_POINT('',(61.980134750117,-81.51276885564,24.5162));
#12449 = LINE('',#12450,#12451);
#12450 = CARTESIAN_POINT('',(62.570116900101,-81.58690804071,24.5162));
#12451 = VECTOR('',#12452,1.);
#12452 = DIRECTION('',(-0.99219664836,0.124682841577,0.));
#12453 = ORIENTED_EDGE('',*,*,#12454,.F.);
#12454 = EDGE_CURVE('',#12455,#12447,#12457,.T.);
#12455 = VERTEX_POINT('',#12456);
#12456 = CARTESIAN_POINT('',(61.980134750117,-81.51276885564,23.3162));
#12457 = LINE('',#12458,#12459);
#12458 = CARTESIAN_POINT('',(61.980134750117,-81.51276885564,23.3162));
#12459 = VECTOR('',#12460,1.);
#12460 = DIRECTION('',(0.,0.,1.));
#12461 = ORIENTED_EDGE('',*,*,#12462,.F.);
#12462 = EDGE_CURVE('',#12424,#12455,#12463,.T.);
#12463 = LINE('',#12464,#12465);
#12464 = CARTESIAN_POINT('',(62.570116900101,-81.58690804071,23.3162));
#12465 = VECTOR('',#12466,1.);
#12466 = DIRECTION('',(-0.99219664836,0.124682841577,0.));
#12467 = PLANE('',#12468);
#12468 = AXIS2_PLACEMENT_3D('',#12469,#12470,#12471);
#12469 = CARTESIAN_POINT('',(62.570116900101,-81.58690804071,23.3162));
#12470 = DIRECTION('',(-0.124682841577,-0.99219664836,0.));
#12471 = DIRECTION('',(-0.99219664836,0.124682841577,0.));
#12472 = ADVANCED_FACE('',(#12473),#12498,.T.);
#12473 = FACE_BOUND('',#12474,.T.);
#12474 = EDGE_LOOP('',(#12475,#12476,#12484,#12492));
#12475 = ORIENTED_EDGE('',*,*,#12454,.T.);
#12476 = ORIENTED_EDGE('',*,*,#12477,.T.);
#12477 = EDGE_CURVE('',#12447,#12478,#12480,.T.);
#12478 = VERTEX_POINT('',#12479);
#12479 = CARTESIAN_POINT('',(59.937774269543,-81.42729095986,24.5162));
#12480 = LINE('',#12481,#12482);
#12481 = CARTESIAN_POINT('',(61.980134750117,-81.51276885564,24.5162));
#12482 = VECTOR('',#12483,1.);
#12483 = DIRECTION('',(-0.999125332948,4.181589483759E-02,0.));
#12484 = ORIENTED_EDGE('',*,*,#12485,.F.);
#12485 = EDGE_CURVE('',#12486,#12478,#12488,.T.);
#12486 = VERTEX_POINT('',#12487);
#12487 = CARTESIAN_POINT('',(59.937774269543,-81.42729095986,23.3162));
#12488 = LINE('',#12489,#12490);
#12489 = CARTESIAN_POINT('',(59.937774269543,-81.42729095986,23.3162));
#12490 = VECTOR('',#12491,1.);
#12491 = DIRECTION('',(0.,0.,1.));
#12492 = ORIENTED_EDGE('',*,*,#12493,.F.);
#12493 = EDGE_CURVE('',#12455,#12486,#12494,.T.);
#12494 = LINE('',#12495,#12496);
#12495 = CARTESIAN_POINT('',(61.980134750117,-81.51276885564,23.3162));
#12496 = VECTOR('',#12497,1.);
#12497 = DIRECTION('',(-0.999125332948,4.181589483759E-02,0.));
#12498 = PLANE('',#12499);
#12499 = AXIS2_PLACEMENT_3D('',#12500,#12501,#12502);
#12500 = CARTESIAN_POINT('',(61.980134750117,-81.51276885564,23.3162));
#12501 = DIRECTION('',(-4.181589483759E-02,-0.999125332948,0.));
#12502 = DIRECTION('',(-0.999125332948,4.181589483759E-02,0.));
#12503 = ADVANCED_FACE('',(#12504),#12529,.T.);
#12504 = FACE_BOUND('',#12505,.T.);
#12505 = EDGE_LOOP('',(#12506,#12507,#12515,#12523));
#12506 = ORIENTED_EDGE('',*,*,#12485,.T.);
#12507 = ORIENTED_EDGE('',*,*,#12508,.T.);
#12508 = EDGE_CURVE('',#12478,#12509,#12511,.T.);
#12509 = VERTEX_POINT('',#12510);
#12510 = CARTESIAN_POINT('',(59.583008507416,-81.29555013109,24.5162));
#12511 = LINE('',#12512,#12513);
#12512 = CARTESIAN_POINT('',(59.937774269543,-81.42729095986,24.5162));
#12513 = VECTOR('',#12514,1.);
#12514 = DIRECTION('',(-0.93745055044,0.348118464722,0.));
#12515 = ORIENTED_EDGE('',*,*,#12516,.F.);
#12516 = EDGE_CURVE('',#12517,#12509,#12519,.T.);
#12517 = VERTEX_POINT('',#12518);
#12518 = CARTESIAN_POINT('',(59.583008507416,-81.29555013109,23.3162));
#12519 = LINE('',#12520,#12521);
#12520 = CARTESIAN_POINT('',(59.583008507416,-81.29555013109,23.3162));
#12521 = VECTOR('',#12522,1.);
#12522 = DIRECTION('',(0.,0.,1.));
#12523 = ORIENTED_EDGE('',*,*,#12524,.F.);
#12524 = EDGE_CURVE('',#12486,#12517,#12525,.T.);
#12525 = LINE('',#12526,#12527);
#12526 = CARTESIAN_POINT('',(59.937774269543,-81.42729095986,23.3162));
#12527 = VECTOR('',#12528,1.);
#12528 = DIRECTION('',(-0.93745055044,0.348118464722,0.));
#12529 = PLANE('',#12530);
#12530 = AXIS2_PLACEMENT_3D('',#12531,#12532,#12533);
#12531 = CARTESIAN_POINT('',(59.937774269543,-81.42729095986,23.3162));
#12532 = DIRECTION('',(-0.348118464722,-0.93745055044,0.));
#12533 = DIRECTION('',(-0.93745055044,0.348118464722,0.));
#12534 = ADVANCED_FACE('',(#12535),#12560,.T.);
#12535 = FACE_BOUND('',#12536,.T.);
#12536 = EDGE_LOOP('',(#12537,#12538,#12546,#12554));
#12537 = ORIENTED_EDGE('',*,*,#12516,.T.);
#12538 = ORIENTED_EDGE('',*,*,#12539,.T.);
#12539 = EDGE_CURVE('',#12509,#12540,#12542,.T.);
#12540 = VERTEX_POINT('',#12541);
#12541 = CARTESIAN_POINT('',(59.515954828447,-81.13833562686,24.5162));
#12542 = LINE('',#12543,#12544);
#12543 = CARTESIAN_POINT('',(59.583008507416,-81.29555013109,24.5162));
#12544 = VECTOR('',#12545,1.);
#12545 = DIRECTION('',(-0.392317366328,0.919829921277,0.));
#12546 = ORIENTED_EDGE('',*,*,#12547,.F.);
#12547 = EDGE_CURVE('',#12548,#12540,#12550,.T.);
#12548 = VERTEX_POINT('',#12549);
#12549 = CARTESIAN_POINT('',(59.515954828447,-81.13833562686,23.3162));
#12550 = LINE('',#12551,#12552);
#12551 = CARTESIAN_POINT('',(59.515954828447,-81.13833562686,23.3162));
#12552 = VECTOR('',#12553,1.);
#12553 = DIRECTION('',(0.,0.,1.));
#12554 = ORIENTED_EDGE('',*,*,#12555,.F.);
#12555 = EDGE_CURVE('',#12517,#12548,#12556,.T.);
#12556 = LINE('',#12557,#12558);
#12557 = CARTESIAN_POINT('',(59.583008507416,-81.29555013109,23.3162));
#12558 = VECTOR('',#12559,1.);
#12559 = DIRECTION('',(-0.392317366328,0.919829921277,0.));
#12560 = PLANE('',#12561);
#12561 = AXIS2_PLACEMENT_3D('',#12562,#12563,#12564);
#12562 = CARTESIAN_POINT('',(59.583008507416,-81.29555013109,23.3162));
#12563 = DIRECTION('',(-0.919829921277,-0.392317366328,0.));
#12564 = DIRECTION('',(-0.392317366328,0.919829921277,0.));
#12565 = ADVANCED_FACE('',(#12566),#12591,.T.);
#12566 = FACE_BOUND('',#12567,.T.);
#12567 = EDGE_LOOP('',(#12568,#12569,#12577,#12585));
#12568 = ORIENTED_EDGE('',*,*,#12547,.T.);
#12569 = ORIENTED_EDGE('',*,*,#12570,.T.);
#12570 = EDGE_CURVE('',#12540,#12571,#12573,.T.);
#12571 = VERTEX_POINT('',#12572);
#12572 = CARTESIAN_POINT('',(59.5759689023,-80.99835113561,24.5162));
#12573 = LINE('',#12574,#12575);
#12574 = CARTESIAN_POINT('',(59.515954828447,-81.13833562686,24.5162));
#12575 = VECTOR('',#12576,1.);
#12576 = DIRECTION('',(0.394034229436,0.919095765431,0.));
#12577 = ORIENTED_EDGE('',*,*,#12578,.F.);
#12578 = EDGE_CURVE('',#12579,#12571,#12581,.T.);
#12579 = VERTEX_POINT('',#12580);
#12580 = CARTESIAN_POINT('',(59.5759689023,-80.99835113561,23.3162));
#12581 = LINE('',#12582,#12583);
#12582 = CARTESIAN_POINT('',(59.5759689023,-80.99835113561,23.3162));
#12583 = VECTOR('',#12584,1.);
#12584 = DIRECTION('',(0.,0.,1.));
#12585 = ORIENTED_EDGE('',*,*,#12586,.F.);
#12586 = EDGE_CURVE('',#12548,#12579,#12587,.T.);
#12587 = LINE('',#12588,#12589);
#12588 = CARTESIAN_POINT('',(59.515954828447,-81.13833562686,23.3162));
#12589 = VECTOR('',#12590,1.);
#12590 = DIRECTION('',(0.394034229436,0.919095765431,0.));
#12591 = PLANE('',#12592);
#12592 = AXIS2_PLACEMENT_3D('',#12593,#12594,#12595);
#12593 = CARTESIAN_POINT('',(59.515954828447,-81.13833562686,23.3162));
#12594 = DIRECTION('',(-0.919095765431,0.394034229436,0.));
#12595 = DIRECTION('',(0.394034229436,0.919095765431,0.));
#12596 = ADVANCED_FACE('',(#12597),#12622,.T.);
#12597 = FACE_BOUND('',#12598,.T.);
#12598 = EDGE_LOOP('',(#12599,#12600,#12608,#12616));
#12599 = ORIENTED_EDGE('',*,*,#12578,.T.);
#12600 = ORIENTED_EDGE('',*,*,#12601,.T.);
#12601 = EDGE_CURVE('',#12571,#12602,#12604,.T.);
#12602 = VERTEX_POINT('',#12603);
#12603 = CARTESIAN_POINT('',(59.819591136215,-80.88719196832,24.5162));
#12604 = LINE('',#12605,#12606);
#12605 = CARTESIAN_POINT('',(59.5759689023,-80.99835113561,24.5162));
#12606 = VECTOR('',#12607,1.);
#12607 = DIRECTION('',(0.909772179127,0.415107916194,0.));
#12608 = ORIENTED_EDGE('',*,*,#12609,.F.);
#12609 = EDGE_CURVE('',#12610,#12602,#12612,.T.);
#12610 = VERTEX_POINT('',#12611);
#12611 = CARTESIAN_POINT('',(59.819591136215,-80.88719196832,23.3162));
#12612 = LINE('',#12613,#12614);
#12613 = CARTESIAN_POINT('',(59.819591136215,-80.88719196832,23.3162));
#12614 = VECTOR('',#12615,1.);
#12615 = DIRECTION('',(0.,0.,1.));
#12616 = ORIENTED_EDGE('',*,*,#12617,.F.);
#12617 = EDGE_CURVE('',#12579,#12610,#12618,.T.);
#12618 = LINE('',#12619,#12620);
#12619 = CARTESIAN_POINT('',(59.5759689023,-80.99835113561,23.3162));
#12620 = VECTOR('',#12621,1.);
#12621 = DIRECTION('',(0.909772179127,0.415107916194,0.));
#12622 = PLANE('',#12623);
#12623 = AXIS2_PLACEMENT_3D('',#12624,#12625,#12626);
#12624 = CARTESIAN_POINT('',(59.5759689023,-80.99835113561,23.3162));
#12625 = DIRECTION('',(-0.415107916194,0.909772179127,0.));
#12626 = DIRECTION('',(0.909772179127,0.415107916194,0.));
#12627 = ADVANCED_FACE('',(#12628),#12653,.T.);
#12628 = FACE_BOUND('',#12629,.T.);
#12629 = EDGE_LOOP('',(#12630,#12631,#12639,#12647));
#12630 = ORIENTED_EDGE('',*,*,#12609,.T.);
#12631 = ORIENTED_EDGE('',*,*,#12632,.T.);
#12632 = EDGE_CURVE('',#12602,#12633,#12635,.T.);
#12633 = VERTEX_POINT('',#12634);
#12634 = CARTESIAN_POINT('',(60.265380821243,-80.83881237312,24.5162));
#12635 = LINE('',#12636,#12637);
#12636 = CARTESIAN_POINT('',(59.819591136215,-80.88719196832,24.5162));
#12637 = VECTOR('',#12638,1.);
#12638 = DIRECTION('',(0.994162609975,0.107892098537,0.));
#12639 = ORIENTED_EDGE('',*,*,#12640,.F.);
#12640 = EDGE_CURVE('',#12641,#12633,#12643,.T.);
#12641 = VERTEX_POINT('',#12642);
#12642 = CARTESIAN_POINT('',(60.265380821243,-80.83881237312,23.3162));
#12643 = LINE('',#12644,#12645);
#12644 = CARTESIAN_POINT('',(60.265380821243,-80.83881237312,23.3162));
#12645 = VECTOR('',#12646,1.);
#12646 = DIRECTION('',(0.,0.,1.));
#12647 = ORIENTED_EDGE('',*,*,#12648,.F.);
#12648 = EDGE_CURVE('',#12610,#12641,#12649,.T.);
#12649 = LINE('',#12650,#12651);
#12650 = CARTESIAN_POINT('',(59.819591136215,-80.88719196832,23.3162));
#12651 = VECTOR('',#12652,1.);
#12652 = DIRECTION('',(0.994162609975,0.107892098537,0.));
#12653 = PLANE('',#12654);
#12654 = AXIS2_PLACEMENT_3D('',#12655,#12656,#12657);
#12655 = CARTESIAN_POINT('',(59.819591136215,-80.88719196832,23.3162));
#12656 = DIRECTION('',(-0.107892098537,0.994162609975,0.));
#12657 = DIRECTION('',(0.994162609975,0.107892098537,0.));
#12658 = ADVANCED_FACE('',(#12659),#12684,.T.);
#12659 = FACE_BOUND('',#12660,.T.);
#12660 = EDGE_LOOP('',(#12661,#12662,#12670,#12678));
#12661 = ORIENTED_EDGE('',*,*,#12640,.T.);
#12662 = ORIENTED_EDGE('',*,*,#12663,.T.);
#12663 = EDGE_CURVE('',#12633,#12664,#12666,.T.);
#12664 = VERTEX_POINT('',#12665);
#12665 = CARTESIAN_POINT('',(63.102027981167,-80.80279235489,24.5162));
#12666 = LINE('',#12667,#12668);
#12667 = CARTESIAN_POINT('',(60.265380821243,-80.83881237312,24.5162));
#12668 = VECTOR('',#12669,1.);
#12669 = DIRECTION('',(0.999919388926,1.269707249185E-02,0.));
#12670 = ORIENTED_EDGE('',*,*,#12671,.F.);
#12671 = EDGE_CURVE('',#12672,#12664,#12674,.T.);
#12672 = VERTEX_POINT('',#12673);
#12673 = CARTESIAN_POINT('',(63.102027981167,-80.80279235489,23.3162));
#12674 = LINE('',#12675,#12676);
#12675 = CARTESIAN_POINT('',(63.102027981167,-80.80279235489,23.3162));
#12676 = VECTOR('',#12677,1.);
#12677 = DIRECTION('',(0.,0.,1.));
#12678 = ORIENTED_EDGE('',*,*,#12679,.F.);
#12679 = EDGE_CURVE('',#12641,#12672,#12680,.T.);
#12680 = LINE('',#12681,#12682);
#12681 = CARTESIAN_POINT('',(60.265380821243,-80.83881237312,23.3162));
#12682 = VECTOR('',#12683,1.);
#12683 = DIRECTION('',(0.999919388926,1.269707249185E-02,0.));
#12684 = PLANE('',#12685);
#12685 = AXIS2_PLACEMENT_3D('',#12686,#12687,#12688);
#12686 = CARTESIAN_POINT('',(60.265380821243,-80.83881237312,23.3162));
#12687 = DIRECTION('',(-1.269707249185E-02,0.999919388926,0.));
#12688 = DIRECTION('',(0.999919388926,1.269707249185E-02,0.));
#12689 = ADVANCED_FACE('',(#12690),#12715,.T.);
#12690 = FACE_BOUND('',#12691,.T.);
#12691 = EDGE_LOOP('',(#12692,#12693,#12701,#12709));
#12692 = ORIENTED_EDGE('',*,*,#12671,.T.);
#12693 = ORIENTED_EDGE('',*,*,#12694,.T.);
#12694 = EDGE_CURVE('',#12664,#12695,#12697,.T.);
#12695 = VERTEX_POINT('',#12696);
#12696 = CARTESIAN_POINT('',(64.360697679633,-80.87069799783,24.5162));
#12697 = LINE('',#12698,#12699);
#12698 = CARTESIAN_POINT('',(63.102027981167,-80.80279235489,24.5162));
#12699 = VECTOR('',#12700,1.);
#12700 = DIRECTION('',(0.998547850304,-5.38719839428E-02,0.));
#12701 = ORIENTED_EDGE('',*,*,#12702,.F.);
#12702 = EDGE_CURVE('',#12703,#12695,#12705,.T.);
#12703 = VERTEX_POINT('',#12704);
#12704 = CARTESIAN_POINT('',(64.360697679633,-80.87069799783,23.3162));
#12705 = LINE('',#12706,#12707);
#12706 = CARTESIAN_POINT('',(64.360697679633,-80.87069799783,23.3162));
#12707 = VECTOR('',#12708,1.);
#12708 = DIRECTION('',(0.,0.,1.));
#12709 = ORIENTED_EDGE('',*,*,#12710,.F.);
#12710 = EDGE_CURVE('',#12672,#12703,#12711,.T.);
#12711 = LINE('',#12712,#12713);
#12712 = CARTESIAN_POINT('',(63.102027981167,-80.80279235489,23.3162));
#12713 = VECTOR('',#12714,1.);
#12714 = DIRECTION('',(0.998547850304,-5.38719839428E-02,0.));
#12715 = PLANE('',#12716);
#12716 = AXIS2_PLACEMENT_3D('',#12717,#12718,#12719);
#12717 = CARTESIAN_POINT('',(63.102027981167,-80.80279235489,23.3162));
#12718 = DIRECTION('',(5.38719839428E-02,0.998547850304,-0.));
#12719 = DIRECTION('',(0.998547850304,-5.38719839428E-02,0.));
#12720 = ADVANCED_FACE('',(#12721),#12746,.T.);
#12721 = FACE_BOUND('',#12722,.T.);
#12722 = EDGE_LOOP('',(#12723,#12724,#12732,#12740));
#12723 = ORIENTED_EDGE('',*,*,#12702,.T.);
#12724 = ORIENTED_EDGE('',*,*,#12725,.T.);
#12725 = EDGE_CURVE('',#12695,#12726,#12728,.T.);
#12726 = VERTEX_POINT('',#12727);
#12727 = CARTESIAN_POINT('',(64.642396296476,-80.9412819581,24.5162));
#12728 = LINE('',#12729,#12730);
#12729 = CARTESIAN_POINT('',(64.360697679633,-80.87069799783,24.5162));
#12730 = VECTOR('',#12731,1.);
#12731 = DIRECTION('',(0.970013289489,-0.24305188379,0.));
#12732 = ORIENTED_EDGE('',*,*,#12733,.F.);
#12733 = EDGE_CURVE('',#12734,#12726,#12736,.T.);
#12734 = VERTEX_POINT('',#12735);
#12735 = CARTESIAN_POINT('',(64.642396296476,-80.9412819581,23.3162));
#12736 = LINE('',#12737,#12738);
#12737 = CARTESIAN_POINT('',(64.642396296476,-80.9412819581,23.3162));
#12738 = VECTOR('',#12739,1.);
#12739 = DIRECTION('',(0.,0.,1.));
#12740 = ORIENTED_EDGE('',*,*,#12741,.F.);
#12741 = EDGE_CURVE('',#12703,#12734,#12742,.T.);
#12742 = LINE('',#12743,#12744);
#12743 = CARTESIAN_POINT('',(64.360697679633,-80.87069799783,23.3162));
#12744 = VECTOR('',#12745,1.);
#12745 = DIRECTION('',(0.970013289489,-0.24305188379,0.));
#12746 = PLANE('',#12747);
#12747 = AXIS2_PLACEMENT_3D('',#12748,#12749,#12750);
#12748 = CARTESIAN_POINT('',(64.360697679633,-80.87069799783,23.3162));
#12749 = DIRECTION('',(0.24305188379,0.970013289489,-0.));
#12750 = DIRECTION('',(0.970013289489,-0.24305188379,0.));
#12751 = ADVANCED_FACE('',(#12752),#12777,.T.);
#12752 = FACE_BOUND('',#12753,.T.);
#12753 = EDGE_LOOP('',(#12754,#12755,#12763,#12771));
#12754 = ORIENTED_EDGE('',*,*,#12733,.T.);
#12755 = ORIENTED_EDGE('',*,*,#12756,.T.);
#12756 = EDGE_CURVE('',#12726,#12757,#12759,.T.);
#12757 = VERTEX_POINT('',#12758);
#12758 = CARTESIAN_POINT('',(64.753785773719,-81.06056247873,24.5162));
#12759 = LINE('',#12760,#12761);
#12760 = CARTESIAN_POINT('',(64.642396296476,-80.9412819581,24.5162));
#12761 = VECTOR('',#12762,1.);
#12762 = DIRECTION('',(0.682517952639,-0.730868828399,0.));
#12763 = ORIENTED_EDGE('',*,*,#12764,.F.);
#12764 = EDGE_CURVE('',#12765,#12757,#12767,.T.);
#12765 = VERTEX_POINT('',#12766);
#12766 = CARTESIAN_POINT('',(64.753785773719,-81.06056247873,23.3162));
#12767 = LINE('',#12768,#12769);
#12768 = CARTESIAN_POINT('',(64.753785773719,-81.06056247873,23.3162));
#12769 = VECTOR('',#12770,1.);
#12770 = DIRECTION('',(0.,0.,1.));
#12771 = ORIENTED_EDGE('',*,*,#12772,.F.);
#12772 = EDGE_CURVE('',#12734,#12765,#12773,.T.);
#12773 = LINE('',#12774,#12775);
#12774 = CARTESIAN_POINT('',(64.642396296476,-80.9412819581,23.3162));
#12775 = VECTOR('',#12776,1.);
#12776 = DIRECTION('',(0.682517952639,-0.730868828399,0.));
#12777 = PLANE('',#12778);
#12778 = AXIS2_PLACEMENT_3D('',#12779,#12780,#12781);
#12779 = CARTESIAN_POINT('',(64.642396296476,-80.9412819581,23.3162));
#12780 = DIRECTION('',(0.730868828399,0.682517952639,-0.));
#12781 = DIRECTION('',(0.682517952639,-0.730868828399,0.));
#12782 = ADVANCED_FACE('',(#12783),#12808,.T.);
#12783 = FACE_BOUND('',#12784,.T.);
#12784 = EDGE_LOOP('',(#12785,#12786,#12794,#12802));
#12785 = ORIENTED_EDGE('',*,*,#12764,.T.);
#12786 = ORIENTED_EDGE('',*,*,#12787,.T.);
#12787 = EDGE_CURVE('',#12757,#12788,#12790,.T.);
#12788 = VERTEX_POINT('',#12789);
#12789 = CARTESIAN_POINT('',(64.736817514233,-81.25269332155,24.5162));
#12790 = LINE('',#12791,#12792);
#12791 = CARTESIAN_POINT('',(64.753785773719,-81.06056247873,24.5162));
#12792 = VECTOR('',#12793,1.);
#12793 = DIRECTION('',(-8.797374640191E-02,-0.996122793607,0.));
#12794 = ORIENTED_EDGE('',*,*,#12795,.F.);
#12795 = EDGE_CURVE('',#12796,#12788,#12798,.T.);
#12796 = VERTEX_POINT('',#12797);
#12797 = CARTESIAN_POINT('',(64.736817514233,-81.25269332155,23.3162));
#12798 = LINE('',#12799,#12800);
#12799 = CARTESIAN_POINT('',(64.736817514233,-81.25269332155,23.3162));
#12800 = VECTOR('',#12801,1.);
#12801 = DIRECTION('',(0.,0.,1.));
#12802 = ORIENTED_EDGE('',*,*,#12803,.F.);
#12803 = EDGE_CURVE('',#12765,#12796,#12804,.T.);
#12804 = LINE('',#12805,#12806);
#12805 = CARTESIAN_POINT('',(64.753785773719,-81.06056247873,23.3162));
#12806 = VECTOR('',#12807,1.);
#12807 = DIRECTION('',(-8.797374640191E-02,-0.996122793607,0.));
#12808 = PLANE('',#12809);
#12809 = AXIS2_PLACEMENT_3D('',#12810,#12811,#12812);
#12810 = CARTESIAN_POINT('',(64.753785773719,-81.06056247873,23.3162));
#12811 = DIRECTION('',(0.996122793607,-8.797374640191E-02,0.));
#12812 = DIRECTION('',(-8.797374640191E-02,-0.996122793607,0.));
#12813 = ADVANCED_FACE('',(#12814),#12839,.T.);
#12814 = FACE_BOUND('',#12815,.T.);
#12815 = EDGE_LOOP('',(#12816,#12817,#12825,#12833));
#12816 = ORIENTED_EDGE('',*,*,#12795,.T.);
#12817 = ORIENTED_EDGE('',*,*,#12818,.T.);
#12818 = EDGE_CURVE('',#12788,#12819,#12821,.T.);
#12819 = VERTEX_POINT('',#12820);
#12820 = CARTESIAN_POINT('',(64.529804977866,-81.40520328457,24.5162));
#12821 = LINE('',#12822,#12823);
#12822 = CARTESIAN_POINT('',(64.736817514233,-81.25269332155,24.5162));
#12823 = VECTOR('',#12824,1.);
#12824 = DIRECTION('',(-0.805103363177,-0.593134533306,0.));
#12825 = ORIENTED_EDGE('',*,*,#12826,.F.);
#12826 = EDGE_CURVE('',#12827,#12819,#12829,.T.);
#12827 = VERTEX_POINT('',#12828);
#12828 = CARTESIAN_POINT('',(64.529804977866,-81.40520328457,23.3162));
#12829 = LINE('',#12830,#12831);
#12830 = CARTESIAN_POINT('',(64.529804977866,-81.40520328457,23.3162));
#12831 = VECTOR('',#12832,1.);
#12832 = DIRECTION('',(0.,0.,1.));
#12833 = ORIENTED_EDGE('',*,*,#12834,.F.);
#12834 = EDGE_CURVE('',#12796,#12827,#12835,.T.);
#12835 = LINE('',#12836,#12837);
#12836 = CARTESIAN_POINT('',(64.736817514233,-81.25269332155,23.3162));
#12837 = VECTOR('',#12838,1.);
#12838 = DIRECTION('',(-0.805103363177,-0.593134533306,0.));
#12839 = PLANE('',#12840);
#12840 = AXIS2_PLACEMENT_3D('',#12841,#12842,#12843);
#12841 = CARTESIAN_POINT('',(64.736817514233,-81.25269332155,23.3162));
#12842 = DIRECTION('',(0.593134533306,-0.805103363177,0.));
#12843 = DIRECTION('',(-0.805103363177,-0.593134533306,0.));
#12844 = ADVANCED_FACE('',(#12845),#12861,.T.);
#12845 = FACE_BOUND('',#12846,.T.);
#12846 = EDGE_LOOP('',(#12847,#12848,#12854,#12855));
#12847 = ORIENTED_EDGE('',*,*,#12826,.T.);
#12848 = ORIENTED_EDGE('',*,*,#12849,.T.);
#12849 = EDGE_CURVE('',#12819,#11664,#12850,.T.);
#12850 = LINE('',#12851,#12852);
#12851 = CARTESIAN_POINT('',(64.529804977866,-81.40520328457,24.5162));
#12852 = VECTOR('',#12853,1.);
#12853 = DIRECTION('',(-0.992503857761,-0.122213306682,0.));
#12854 = ORIENTED_EDGE('',*,*,#11661,.F.);
#12855 = ORIENTED_EDGE('',*,*,#12856,.F.);
#12856 = EDGE_CURVE('',#12827,#11662,#12857,.T.);
#12857 = LINE('',#12858,#12859);
#12858 = CARTESIAN_POINT('',(64.529804977866,-81.40520328457,23.3162));
#12859 = VECTOR('',#12860,1.);
#12860 = DIRECTION('',(-0.992503857761,-0.122213306682,0.));
#12861 = PLANE('',#12862);
#12862 = AXIS2_PLACEMENT_3D('',#12863,#12864,#12865);
#12863 = CARTESIAN_POINT('',(64.529804977866,-81.40520328457,23.3162));
#12864 = DIRECTION('',(0.122213306682,-0.992503857761,0.));
#12865 = DIRECTION('',(-0.992503857761,-0.122213306682,0.));
#12866 = ADVANCED_FACE('',(#12867),#12908,.T.);
#12867 = FACE_BOUND('',#12868,.T.);
#12868 = EDGE_LOOP('',(#12869,#12870,#12871,#12872,#12873,#12874,#12875,
    #12876,#12877,#12878,#12879,#12880,#12881,#12882,#12883,#12884,
    #12885,#12886,#12887,#12888,#12889,#12890,#12891,#12892,#12893,
    #12894,#12895,#12896,#12897,#12898,#12899,#12900,#12901,#12902,
    #12903,#12904,#12905,#12906,#12907));
#12869 = ORIENTED_EDGE('',*,*,#11687,.T.);
#12870 = ORIENTED_EDGE('',*,*,#11718,.T.);
#12871 = ORIENTED_EDGE('',*,*,#11749,.T.);
#12872 = ORIENTED_EDGE('',*,*,#11780,.T.);
#12873 = ORIENTED_EDGE('',*,*,#11811,.T.);
#12874 = ORIENTED_EDGE('',*,*,#11842,.T.);
#12875 = ORIENTED_EDGE('',*,*,#11873,.T.);
#12876 = ORIENTED_EDGE('',*,*,#11904,.T.);
#12877 = ORIENTED_EDGE('',*,*,#11935,.T.);
#12878 = ORIENTED_EDGE('',*,*,#11966,.T.);
#12879 = ORIENTED_EDGE('',*,*,#11997,.T.);
#12880 = ORIENTED_EDGE('',*,*,#12028,.T.);
#12881 = ORIENTED_EDGE('',*,*,#12059,.T.);
#12882 = ORIENTED_EDGE('',*,*,#12090,.T.);
#12883 = ORIENTED_EDGE('',*,*,#12121,.T.);
#12884 = ORIENTED_EDGE('',*,*,#12152,.T.);
#12885 = ORIENTED_EDGE('',*,*,#12183,.T.);
#12886 = ORIENTED_EDGE('',*,*,#12214,.T.);
#12887 = ORIENTED_EDGE('',*,*,#12245,.T.);
#12888 = ORIENTED_EDGE('',*,*,#12276,.T.);
#12889 = ORIENTED_EDGE('',*,*,#12307,.T.);
#12890 = ORIENTED_EDGE('',*,*,#12338,.T.);
#12891 = ORIENTED_EDGE('',*,*,#12369,.T.);
#12892 = ORIENTED_EDGE('',*,*,#12400,.T.);
#12893 = ORIENTED_EDGE('',*,*,#12431,.T.);
#12894 = ORIENTED_EDGE('',*,*,#12462,.T.);
#12895 = ORIENTED_EDGE('',*,*,#12493,.T.);
#12896 = ORIENTED_EDGE('',*,*,#12524,.T.);
#12897 = ORIENTED_EDGE('',*,*,#12555,.T.);
#12898 = ORIENTED_EDGE('',*,*,#12586,.T.);
#12899 = ORIENTED_EDGE('',*,*,#12617,.T.);
#12900 = ORIENTED_EDGE('',*,*,#12648,.T.);
#12901 = ORIENTED_EDGE('',*,*,#12679,.T.);
#12902 = ORIENTED_EDGE('',*,*,#12710,.T.);
#12903 = ORIENTED_EDGE('',*,*,#12741,.T.);
#12904 = ORIENTED_EDGE('',*,*,#12772,.T.);
#12905 = ORIENTED_EDGE('',*,*,#12803,.T.);
#12906 = ORIENTED_EDGE('',*,*,#12834,.T.);
#12907 = ORIENTED_EDGE('',*,*,#12856,.T.);
#12908 = PLANE('',#12909);
#12909 = AXIS2_PLACEMENT_3D('',#12910,#12911,#12912);
#12910 = CARTESIAN_POINT('',(62.535536327391,-83.15804334464,23.3162));
#12911 = DIRECTION('',(-0.,-0.,-1.));
#12912 = DIRECTION('',(-1.,0.,0.));
#12913 = ADVANCED_FACE('',(#12914),#12955,.F.);
#12914 = FACE_BOUND('',#12915,.F.);
#12915 = EDGE_LOOP('',(#12916,#12917,#12918,#12919,#12920,#12921,#12922,
    #12923,#12924,#12925,#12926,#12927,#12928,#12929,#12930,#12931,
    #12932,#12933,#12934,#12935,#12936,#12937,#12938,#12939,#12940,
    #12941,#12942,#12943,#12944,#12945,#12946,#12947,#12948,#12949,
    #12950,#12951,#12952,#12953,#12954));
#12916 = ORIENTED_EDGE('',*,*,#11671,.T.);
#12917 = ORIENTED_EDGE('',*,*,#11702,.T.);
#12918 = ORIENTED_EDGE('',*,*,#11733,.T.);
#12919 = ORIENTED_EDGE('',*,*,#11764,.T.);
#12920 = ORIENTED_EDGE('',*,*,#11795,.T.);
#12921 = ORIENTED_EDGE('',*,*,#11826,.T.);
#12922 = ORIENTED_EDGE('',*,*,#11857,.T.);
#12923 = ORIENTED_EDGE('',*,*,#11888,.T.);
#12924 = ORIENTED_EDGE('',*,*,#11919,.T.);
#12925 = ORIENTED_EDGE('',*,*,#11950,.T.);
#12926 = ORIENTED_EDGE('',*,*,#11981,.T.);
#12927 = ORIENTED_EDGE('',*,*,#12012,.T.);
#12928 = ORIENTED_EDGE('',*,*,#12043,.T.);
#12929 = ORIENTED_EDGE('',*,*,#12074,.T.);
#12930 = ORIENTED_EDGE('',*,*,#12105,.T.);
#12931 = ORIENTED_EDGE('',*,*,#12136,.T.);
#12932 = ORIENTED_EDGE('',*,*,#12167,.T.);
#12933 = ORIENTED_EDGE('',*,*,#12198,.T.);
#12934 = ORIENTED_EDGE('',*,*,#12229,.T.);
#12935 = ORIENTED_EDGE('',*,*,#12260,.T.);
#12936 = ORIENTED_EDGE('',*,*,#12291,.T.);
#12937 = ORIENTED_EDGE('',*,*,#12322,.T.);
#12938 = ORIENTED_EDGE('',*,*,#12353,.T.);
#12939 = ORIENTED_EDGE('',*,*,#12384,.T.);
#12940 = ORIENTED_EDGE('',*,*,#12415,.T.);
#12941 = ORIENTED_EDGE('',*,*,#12446,.T.);
#12942 = ORIENTED_EDGE('',*,*,#12477,.T.);
#12943 = ORIENTED_EDGE('',*,*,#12508,.T.);
#12944 = ORIENTED_EDGE('',*,*,#12539,.T.);
#12945 = ORIENTED_EDGE('',*,*,#12570,.T.);
#12946 = ORIENTED_EDGE('',*,*,#12601,.T.);
#12947 = ORIENTED_EDGE('',*,*,#12632,.T.);
#12948 = ORIENTED_EDGE('',*,*,#12663,.T.);
#12949 = ORIENTED_EDGE('',*,*,#12694,.T.);
#12950 = ORIENTED_EDGE('',*,*,#12725,.T.);
#12951 = ORIENTED_EDGE('',*,*,#12756,.T.);
#12952 = ORIENTED_EDGE('',*,*,#12787,.T.);
#12953 = ORIENTED_EDGE('',*,*,#12818,.T.);
#12954 = ORIENTED_EDGE('',*,*,#12849,.T.);
#12955 = PLANE('',#12956);
#12956 = AXIS2_PLACEMENT_3D('',#12957,#12958,#12959);
#12957 = CARTESIAN_POINT('',(62.535536327391,-83.15804334464,24.5162));
#12958 = DIRECTION('',(-0.,-0.,-1.));
#12959 = DIRECTION('',(-1.,0.,0.));
#12960 = MANIFOLD_SOLID_BREP('',#12961);
#12961 = CLOSED_SHELL('',(#12962,#13002,#13033,#13064,#13095,#13126,
    #13157,#13188,#13219,#13250,#13281,#13312,#13343,#13374,#13405,
    #13436,#13467,#13498,#13529,#13560,#13591,#13622,#13653,#13684,
    #13715,#13746,#13777,#13808,#13839,#13870,#13901,#13932,#13963,
    #13994,#14025,#14056,#14087,#14118,#14140,#14186));
#12962 = ADVANCED_FACE('',(#12963),#12997,.T.);
#12963 = FACE_BOUND('',#12964,.T.);
#12964 = EDGE_LOOP('',(#12965,#12975,#12983,#12991));
#12965 = ORIENTED_EDGE('',*,*,#12966,.T.);
#12966 = EDGE_CURVE('',#12967,#12969,#12971,.T.);
#12967 = VERTEX_POINT('',#12968);
#12968 = CARTESIAN_POINT('',(59.547879219902,-77.29082248504,23.3162));
#12969 = VERTEX_POINT('',#12970);
#12970 = CARTESIAN_POINT('',(59.547879219902,-77.29082248504,24.5162));
#12971 = LINE('',#12972,#12973);
#12972 = CARTESIAN_POINT('',(59.547879219902,-77.29082248504,23.3162));
#12973 = VECTOR('',#12974,1.);
#12974 = DIRECTION('',(0.,0.,1.));
#12975 = ORIENTED_EDGE('',*,*,#12976,.T.);
#12976 = EDGE_CURVE('',#12969,#12977,#12979,.T.);
#12977 = VERTEX_POINT('',#12978);
#12978 = CARTESIAN_POINT('',(59.662279757448,-77.01878011644,24.5162));
#12979 = LINE('',#12980,#12981);
#12980 = CARTESIAN_POINT('',(59.547879219902,-77.29082248504,24.5162));
#12981 = VECTOR('',#12982,1.);
#12982 = DIRECTION('',(0.387643598932,0.921809329638,0.));
#12983 = ORIENTED_EDGE('',*,*,#12984,.F.);
#12984 = EDGE_CURVE('',#12985,#12977,#12987,.T.);
#12985 = VERTEX_POINT('',#12986);
#12986 = CARTESIAN_POINT('',(59.662279757448,-77.01878011644,23.3162));
#12987 = LINE('',#12988,#12989);
#12988 = CARTESIAN_POINT('',(59.662279757448,-77.01878011644,23.3162));
#12989 = VECTOR('',#12990,1.);
#12990 = DIRECTION('',(0.,0.,1.));
#12991 = ORIENTED_EDGE('',*,*,#12992,.F.);
#12992 = EDGE_CURVE('',#12967,#12985,#12993,.T.);
#12993 = LINE('',#12994,#12995);
#12994 = CARTESIAN_POINT('',(59.547879219902,-77.29082248504,23.3162));
#12995 = VECTOR('',#12996,1.);
#12996 = DIRECTION('',(0.387643598932,0.921809329638,0.));
#12997 = PLANE('',#12998);
#12998 = AXIS2_PLACEMENT_3D('',#12999,#13000,#13001);
#12999 = CARTESIAN_POINT('',(59.547879219902,-77.29082248504,23.3162));
#13000 = DIRECTION('',(-0.921809329638,0.387643598932,0.));
#13001 = DIRECTION('',(0.387643598932,0.921809329638,0.));
#13002 = ADVANCED_FACE('',(#13003),#13028,.T.);
#13003 = FACE_BOUND('',#13004,.T.);
#13004 = EDGE_LOOP('',(#13005,#13006,#13014,#13022));
#13005 = ORIENTED_EDGE('',*,*,#12984,.T.);
#13006 = ORIENTED_EDGE('',*,*,#13007,.T.);
#13007 = EDGE_CURVE('',#12977,#13008,#13010,.T.);
#13008 = VERTEX_POINT('',#13009);
#13009 = CARTESIAN_POINT('',(59.768333972799,-76.93066704574,24.5162));
#13010 = LINE('',#13011,#13012);
#13011 = CARTESIAN_POINT('',(59.662279757448,-77.01878011644,24.5162));
#13012 = VECTOR('',#13013,1.);
#13013 = DIRECTION('',(0.769167230285,0.639047550543,0.));
#13014 = ORIENTED_EDGE('',*,*,#13015,.F.);
#13015 = EDGE_CURVE('',#13016,#13008,#13018,.T.);
#13016 = VERTEX_POINT('',#13017);
#13017 = CARTESIAN_POINT('',(59.768333972799,-76.93066704574,23.3162));
#13018 = LINE('',#13019,#13020);
#13019 = CARTESIAN_POINT('',(59.768333972799,-76.93066704574,23.3162));
#13020 = VECTOR('',#13021,1.);
#13021 = DIRECTION('',(0.,0.,1.));
#13022 = ORIENTED_EDGE('',*,*,#13023,.F.);
#13023 = EDGE_CURVE('',#12985,#13016,#13024,.T.);
#13024 = LINE('',#13025,#13026);
#13025 = CARTESIAN_POINT('',(59.662279757448,-77.01878011644,23.3162));
#13026 = VECTOR('',#13027,1.);
#13027 = DIRECTION('',(0.769167230285,0.639047550543,0.));
#13028 = PLANE('',#13029);
#13029 = AXIS2_PLACEMENT_3D('',#13030,#13031,#13032);
#13030 = CARTESIAN_POINT('',(59.662279757448,-77.01878011644,23.3162));
#13031 = DIRECTION('',(-0.639047550543,0.769167230285,0.));
#13032 = DIRECTION('',(0.769167230285,0.639047550543,0.));
#13033 = ADVANCED_FACE('',(#13034),#13059,.T.);
#13034 = FACE_BOUND('',#13035,.T.);
#13035 = EDGE_LOOP('',(#13036,#13037,#13045,#13053));
#13036 = ORIENTED_EDGE('',*,*,#13015,.T.);
#13037 = ORIENTED_EDGE('',*,*,#13038,.T.);
#13038 = EDGE_CURVE('',#13008,#13039,#13041,.T.);
#13039 = VERTEX_POINT('',#13040);
#13040 = CARTESIAN_POINT('',(59.924621188078,-76.94019105113,24.5162));
#13041 = LINE('',#13042,#13043);
#13042 = CARTESIAN_POINT('',(59.768333972799,-76.93066704574,24.5162));
#13043 = VECTOR('',#13044,1.);
#13044 = DIRECTION('',(0.998148367359,-6.082628328579E-02,0.));
#13045 = ORIENTED_EDGE('',*,*,#13046,.F.);
#13046 = EDGE_CURVE('',#13047,#13039,#13049,.T.);
#13047 = VERTEX_POINT('',#13048);
#13048 = CARTESIAN_POINT('',(59.924621188078,-76.94019105113,23.3162));
#13049 = LINE('',#13050,#13051);
#13050 = CARTESIAN_POINT('',(59.924621188078,-76.94019105113,23.3162));
#13051 = VECTOR('',#13052,1.);
#13052 = DIRECTION('',(0.,0.,1.));
#13053 = ORIENTED_EDGE('',*,*,#13054,.F.);
#13054 = EDGE_CURVE('',#13016,#13047,#13055,.T.);
#13055 = LINE('',#13056,#13057);
#13056 = CARTESIAN_POINT('',(59.768333972799,-76.93066704574,23.3162));
#13057 = VECTOR('',#13058,1.);
#13058 = DIRECTION('',(0.998148367359,-6.082628328579E-02,0.));
#13059 = PLANE('',#13060);
#13060 = AXIS2_PLACEMENT_3D('',#13061,#13062,#13063);
#13061 = CARTESIAN_POINT('',(59.768333972799,-76.93066704574,23.3162));
#13062 = DIRECTION('',(6.082628328579E-02,0.998148367359,-0.));
#13063 = DIRECTION('',(0.998148367359,-6.082628328579E-02,0.));
#13064 = ADVANCED_FACE('',(#13065),#13090,.T.);
#13065 = FACE_BOUND('',#13066,.T.);
#13066 = EDGE_LOOP('',(#13067,#13068,#13076,#13084));
#13067 = ORIENTED_EDGE('',*,*,#13046,.T.);
#13068 = ORIENTED_EDGE('',*,*,#13069,.T.);
#13069 = EDGE_CURVE('',#13039,#13070,#13072,.T.);
#13070 = VERTEX_POINT('',#13071);
#13071 = CARTESIAN_POINT('',(60.101881905863,-77.09430448305,24.5162));
#13072 = LINE('',#13073,#13074);
#13073 = CARTESIAN_POINT('',(59.924621188078,-76.94019105113,24.5162));
#13074 = VECTOR('',#13075,1.);
#13075 = DIRECTION('',(0.754661009052,-0.656114899554,0.));
#13076 = ORIENTED_EDGE('',*,*,#13077,.F.);
#13077 = EDGE_CURVE('',#13078,#13070,#13080,.T.);
#13078 = VERTEX_POINT('',#13079);
#13079 = CARTESIAN_POINT('',(60.101881905863,-77.09430448305,23.3162));
#13080 = LINE('',#13081,#13082);
#13081 = CARTESIAN_POINT('',(60.101881905863,-77.09430448305,23.3162));
#13082 = VECTOR('',#13083,1.);
#13083 = DIRECTION('',(0.,0.,1.));
#13084 = ORIENTED_EDGE('',*,*,#13085,.F.);
#13085 = EDGE_CURVE('',#13047,#13078,#13086,.T.);
#13086 = LINE('',#13087,#13088);
#13087 = CARTESIAN_POINT('',(59.924621188078,-76.94019105113,23.3162));
#13088 = VECTOR('',#13089,1.);
#13089 = DIRECTION('',(0.754661009052,-0.656114899554,0.));
#13090 = PLANE('',#13091);
#13091 = AXIS2_PLACEMENT_3D('',#13092,#13093,#13094);
#13092 = CARTESIAN_POINT('',(59.924621188078,-76.94019105113,23.3162));
#13093 = DIRECTION('',(0.656114899554,0.754661009052,-0.));
#13094 = DIRECTION('',(0.754661009052,-0.656114899554,0.));
#13095 = ADVANCED_FACE('',(#13096),#13121,.T.);
#13096 = FACE_BOUND('',#13097,.T.);
#13097 = EDGE_LOOP('',(#13098,#13099,#13107,#13115));
#13098 = ORIENTED_EDGE('',*,*,#13077,.T.);
#13099 = ORIENTED_EDGE('',*,*,#13100,.T.);
#13100 = EDGE_CURVE('',#13070,#13101,#13103,.T.);
#13101 = VERTEX_POINT('',#13102);
#13102 = CARTESIAN_POINT('',(60.192838017043,-77.51101419848,24.5162));
#13103 = LINE('',#13104,#13105);
#13104 = CARTESIAN_POINT('',(60.101881905863,-77.09430448305,24.5162));
#13105 = VECTOR('',#13106,1.);
#13106 = DIRECTION('',(0.21325128602,-0.976997384342,0.));
#13107 = ORIENTED_EDGE('',*,*,#13108,.F.);
#13108 = EDGE_CURVE('',#13109,#13101,#13111,.T.);
#13109 = VERTEX_POINT('',#13110);
#13110 = CARTESIAN_POINT('',(60.192838017043,-77.51101419848,23.3162));
#13111 = LINE('',#13112,#13113);
#13112 = CARTESIAN_POINT('',(60.192838017043,-77.51101419848,23.3162));
#13113 = VECTOR('',#13114,1.);
#13114 = DIRECTION('',(0.,0.,1.));
#13115 = ORIENTED_EDGE('',*,*,#13116,.F.);
#13116 = EDGE_CURVE('',#13078,#13109,#13117,.T.);
#13117 = LINE('',#13118,#13119);
#13118 = CARTESIAN_POINT('',(60.101881905863,-77.09430448305,23.3162));
#13119 = VECTOR('',#13120,1.);
#13120 = DIRECTION('',(0.21325128602,-0.976997384342,0.));
#13121 = PLANE('',#13122);
#13122 = AXIS2_PLACEMENT_3D('',#13123,#13124,#13125);
#13123 = CARTESIAN_POINT('',(60.101881905863,-77.09430448305,23.3162));
#13124 = DIRECTION('',(0.976997384342,0.21325128602,-0.));
#13125 = DIRECTION('',(0.21325128602,-0.976997384342,0.));
#13126 = ADVANCED_FACE('',(#13127),#13152,.T.);
#13127 = FACE_BOUND('',#13128,.T.);
#13128 = EDGE_LOOP('',(#13129,#13130,#13138,#13146));
#13129 = ORIENTED_EDGE('',*,*,#13108,.T.);
#13130 = ORIENTED_EDGE('',*,*,#13131,.T.);
#13131 = EDGE_CURVE('',#13101,#13132,#13134,.T.);
#13132 = VERTEX_POINT('',#13133);
#13133 = CARTESIAN_POINT('',(60.210166851796,-78.44023750151,24.5162));
#13134 = LINE('',#13135,#13136);
#13135 = CARTESIAN_POINT('',(60.192838017043,-77.51101419848,24.5162));
#13136 = VECTOR('',#13137,1.);
#13137 = DIRECTION('',(1.864548834781E-02,-0.999826157772,0.));
#13138 = ORIENTED_EDGE('',*,*,#13139,.F.);
#13139 = EDGE_CURVE('',#13140,#13132,#13142,.T.);
#13140 = VERTEX_POINT('',#13141);
#13141 = CARTESIAN_POINT('',(60.210166851796,-78.44023750151,23.3162));
#13142 = LINE('',#13143,#13144);
#13143 = CARTESIAN_POINT('',(60.210166851796,-78.44023750151,23.3162));
#13144 = VECTOR('',#13145,1.);
#13145 = DIRECTION('',(0.,0.,1.));
#13146 = ORIENTED_EDGE('',*,*,#13147,.F.);
#13147 = EDGE_CURVE('',#13109,#13140,#13148,.T.);
#13148 = LINE('',#13149,#13150);
#13149 = CARTESIAN_POINT('',(60.192838017043,-77.51101419848,23.3162));
#13150 = VECTOR('',#13151,1.);
#13151 = DIRECTION('',(1.864548834781E-02,-0.999826157772,0.));
#13152 = PLANE('',#13153);
#13153 = AXIS2_PLACEMENT_3D('',#13154,#13155,#13156);
#13154 = CARTESIAN_POINT('',(60.192838017043,-77.51101419848,23.3162));
#13155 = DIRECTION('',(0.999826157772,1.864548834781E-02,-0.));
#13156 = DIRECTION('',(1.864548834781E-02,-0.999826157772,0.));
#13157 = ADVANCED_FACE('',(#13158),#13183,.T.);
#13158 = FACE_BOUND('',#13159,.T.);
#13159 = EDGE_LOOP('',(#13160,#13161,#13169,#13177));
#13160 = ORIENTED_EDGE('',*,*,#13139,.T.);
#13161 = ORIENTED_EDGE('',*,*,#13162,.T.);
#13162 = EDGE_CURVE('',#13132,#13163,#13165,.T.);
#13163 = VERTEX_POINT('',#13164);
#13164 = CARTESIAN_POINT('',(62.611211328845,-78.41542201402,24.5162));
#13165 = LINE('',#13166,#13167);
#13166 = CARTESIAN_POINT('',(60.210166851796,-78.44023750151,24.5162));
#13167 = VECTOR('',#13168,1.);
#13168 = DIRECTION('',(0.999946595184,1.033473659373E-02,0.));
#13169 = ORIENTED_EDGE('',*,*,#13170,.F.);
#13170 = EDGE_CURVE('',#13171,#13163,#13173,.T.);
#13171 = VERTEX_POINT('',#13172);
#13172 = CARTESIAN_POINT('',(62.611211328845,-78.41542201402,23.3162));
#13173 = LINE('',#13174,#13175);
#13174 = CARTESIAN_POINT('',(62.611211328845,-78.41542201402,23.3162));
#13175 = VECTOR('',#13176,1.);
#13176 = DIRECTION('',(0.,0.,1.));
#13177 = ORIENTED_EDGE('',*,*,#13178,.F.);
#13178 = EDGE_CURVE('',#13140,#13171,#13179,.T.);
#13179 = LINE('',#13180,#13181);
#13180 = CARTESIAN_POINT('',(60.210166851796,-78.44023750151,23.3162));
#13181 = VECTOR('',#13182,1.);
#13182 = DIRECTION('',(0.999946595184,1.033473659373E-02,0.));
#13183 = PLANE('',#13184);
#13184 = AXIS2_PLACEMENT_3D('',#13185,#13186,#13187);
#13185 = CARTESIAN_POINT('',(60.210166851796,-78.44023750151,23.3162));
#13186 = DIRECTION('',(-1.033473659373E-02,0.999946595184,0.));
#13187 = DIRECTION('',(0.999946595184,1.033473659373E-02,0.));
#13188 = ADVANCED_FACE('',(#13189),#13214,.T.);
#13189 = FACE_BOUND('',#13190,.T.);
#13190 = EDGE_LOOP('',(#13191,#13192,#13200,#13208));
#13191 = ORIENTED_EDGE('',*,*,#13170,.T.);
#13192 = ORIENTED_EDGE('',*,*,#13193,.T.);
#13193 = EDGE_CURVE('',#13163,#13194,#13196,.T.);
#13194 = VERTEX_POINT('',#13195);
#13195 = CARTESIAN_POINT('',(63.306694008216,-78.34146281268,24.5162));
#13196 = LINE('',#13197,#13198);
#13197 = CARTESIAN_POINT('',(62.611211328845,-78.41542201402,24.5162));
#13198 = VECTOR('',#13199,1.);
#13199 = DIRECTION('',(0.994393171446,0.105746019219,0.));
#13200 = ORIENTED_EDGE('',*,*,#13201,.F.);
#13201 = EDGE_CURVE('',#13202,#13194,#13204,.T.);
#13202 = VERTEX_POINT('',#13203);
#13203 = CARTESIAN_POINT('',(63.306694008216,-78.34146281268,23.3162));
#13204 = LINE('',#13205,#13206);
#13205 = CARTESIAN_POINT('',(63.306694008216,-78.34146281268,23.3162));
#13206 = VECTOR('',#13207,1.);
#13207 = DIRECTION('',(0.,0.,1.));
#13208 = ORIENTED_EDGE('',*,*,#13209,.F.);
#13209 = EDGE_CURVE('',#13171,#13202,#13210,.T.);
#13210 = LINE('',#13211,#13212);
#13211 = CARTESIAN_POINT('',(62.611211328845,-78.41542201402,23.3162));
#13212 = VECTOR('',#13213,1.);
#13213 = DIRECTION('',(0.994393171446,0.105746019219,0.));
#13214 = PLANE('',#13215);
#13215 = AXIS2_PLACEMENT_3D('',#13216,#13217,#13218);
#13216 = CARTESIAN_POINT('',(62.611211328845,-78.41542201402,23.3162));
#13217 = DIRECTION('',(-0.105746019219,0.994393171446,0.));
#13218 = DIRECTION('',(0.994393171446,0.105746019219,0.));
#13219 = ADVANCED_FACE('',(#13220),#13245,.T.);
#13220 = FACE_BOUND('',#13221,.T.);
#13221 = EDGE_LOOP('',(#13222,#13223,#13231,#13239));
#13222 = ORIENTED_EDGE('',*,*,#13201,.T.);
#13223 = ORIENTED_EDGE('',*,*,#13224,.T.);
#13224 = EDGE_CURVE('',#13194,#13225,#13227,.T.);
#13225 = VERTEX_POINT('',#13226);
#13226 = CARTESIAN_POINT('',(63.707607590143,-78.23406695652,24.5162));
#13227 = LINE('',#13228,#13229);
#13228 = CARTESIAN_POINT('',(63.306694008216,-78.34146281268,24.5162));
#13229 = VECTOR('',#13230,1.);
#13230 = DIRECTION('',(0.965943059678,0.258754720651,0.));
#13231 = ORIENTED_EDGE('',*,*,#13232,.F.);
#13232 = EDGE_CURVE('',#13233,#13225,#13235,.T.);
#13233 = VERTEX_POINT('',#13234);
#13234 = CARTESIAN_POINT('',(63.707607590143,-78.23406695652,23.3162));
#13235 = LINE('',#13236,#13237);
#13236 = CARTESIAN_POINT('',(63.707607590143,-78.23406695652,23.3162));
#13237 = VECTOR('',#13238,1.);
#13238 = DIRECTION('',(0.,0.,1.));
#13239 = ORIENTED_EDGE('',*,*,#13240,.F.);
#13240 = EDGE_CURVE('',#13202,#13233,#13241,.T.);
#13241 = LINE('',#13242,#13243);
#13242 = CARTESIAN_POINT('',(63.306694008216,-78.34146281268,23.3162));
#13243 = VECTOR('',#13244,1.);
#13244 = DIRECTION('',(0.965943059678,0.258754720651,0.));
#13245 = PLANE('',#13246);
#13246 = AXIS2_PLACEMENT_3D('',#13247,#13248,#13249);
#13247 = CARTESIAN_POINT('',(63.306694008216,-78.34146281268,23.3162));
#13248 = DIRECTION('',(-0.258754720651,0.965943059678,0.));
#13249 = DIRECTION('',(0.965943059678,0.258754720651,0.));
#13250 = ADVANCED_FACE('',(#13251),#13276,.T.);
#13251 = FACE_BOUND('',#13252,.T.);
#13252 = EDGE_LOOP('',(#13253,#13254,#13262,#13270));
#13253 = ORIENTED_EDGE('',*,*,#13232,.T.);
#13254 = ORIENTED_EDGE('',*,*,#13255,.T.);
#13255 = EDGE_CURVE('',#13225,#13256,#13258,.T.);
#13256 = VERTEX_POINT('',#13257);
#13257 = CARTESIAN_POINT('',(64.048906169524,-78.01005184864,24.5162));
#13258 = LINE('',#13259,#13260);
#13259 = CARTESIAN_POINT('',(63.707607590143,-78.23406695652,24.5162));
#13260 = VECTOR('',#13261,1.);
#13261 = DIRECTION('',(0.836005307378,0.54872135555,0.));
#13262 = ORIENTED_EDGE('',*,*,#13263,.F.);
#13263 = EDGE_CURVE('',#13264,#13256,#13266,.T.);
#13264 = VERTEX_POINT('',#13265);
#13265 = CARTESIAN_POINT('',(64.048906169524,-78.01005184864,23.3162));
#13266 = LINE('',#13267,#13268);
#13267 = CARTESIAN_POINT('',(64.048906169524,-78.01005184864,23.3162));
#13268 = VECTOR('',#13269,1.);
#13269 = DIRECTION('',(0.,0.,1.));
#13270 = ORIENTED_EDGE('',*,*,#13271,.F.);
#13271 = EDGE_CURVE('',#13233,#13264,#13272,.T.);
#13272 = LINE('',#13273,#13274);
#13273 = CARTESIAN_POINT('',(63.707607590143,-78.23406695652,23.3162));
#13274 = VECTOR('',#13275,1.);
#13275 = DIRECTION('',(0.836005307378,0.54872135555,0.));
#13276 = PLANE('',#13277);
#13277 = AXIS2_PLACEMENT_3D('',#13278,#13279,#13280);
#13278 = CARTESIAN_POINT('',(63.707607590143,-78.23406695652,23.3162));
#13279 = DIRECTION('',(-0.54872135555,0.836005307378,0.));
#13280 = DIRECTION('',(0.836005307378,0.54872135555,0.));
#13281 = ADVANCED_FACE('',(#13282),#13307,.T.);
#13282 = FACE_BOUND('',#13283,.T.);
#13283 = EDGE_LOOP('',(#13284,#13285,#13293,#13301));
#13284 = ORIENTED_EDGE('',*,*,#13263,.T.);
#13285 = ORIENTED_EDGE('',*,*,#13286,.T.);
#13286 = EDGE_CURVE('',#13256,#13287,#13289,.T.);
#13287 = VERTEX_POINT('',#13288);
#13288 = CARTESIAN_POINT('',(64.0669206802,-77.101885521,24.5162));
#13289 = LINE('',#13290,#13291);
#13290 = CARTESIAN_POINT('',(64.048906169524,-78.01005184864,24.5162));
#13291 = VECTOR('',#13292,1.);
#13292 = DIRECTION('',(1.983223454601E-02,0.999803321895,0.));
#13293 = ORIENTED_EDGE('',*,*,#13294,.F.);
#13294 = EDGE_CURVE('',#13295,#13287,#13297,.T.);
#13295 = VERTEX_POINT('',#13296);
#13296 = CARTESIAN_POINT('',(64.0669206802,-77.101885521,23.3162));
#13297 = LINE('',#13298,#13299);
#13298 = CARTESIAN_POINT('',(64.0669206802,-77.101885521,23.3162));
#13299 = VECTOR('',#13300,1.);
#13300 = DIRECTION('',(0.,0.,1.));
#13301 = ORIENTED_EDGE('',*,*,#13302,.F.);
#13302 = EDGE_CURVE('',#13264,#13295,#13303,.T.);
#13303 = LINE('',#13304,#13305);
#13304 = CARTESIAN_POINT('',(64.048906169524,-78.01005184864,23.3162));
#13305 = VECTOR('',#13306,1.);
#13306 = DIRECTION('',(1.983223454601E-02,0.999803321895,0.));
#13307 = PLANE('',#13308);
#13308 = AXIS2_PLACEMENT_3D('',#13309,#13310,#13311);
#13309 = CARTESIAN_POINT('',(64.048906169524,-78.01005184864,23.3162));
#13310 = DIRECTION('',(-0.999803321895,1.983223454601E-02,0.));
#13311 = DIRECTION('',(1.983223454601E-02,0.999803321895,0.));
#13312 = ADVANCED_FACE('',(#13313),#13338,.T.);
#13313 = FACE_BOUND('',#13314,.T.);
#13314 = EDGE_LOOP('',(#13315,#13316,#13324,#13332));
#13315 = ORIENTED_EDGE('',*,*,#13294,.T.);
#13316 = ORIENTED_EDGE('',*,*,#13317,.T.);
#13317 = EDGE_CURVE('',#13287,#13318,#13320,.T.);
#13318 = VERTEX_POINT('',#13319);
#13319 = CARTESIAN_POINT('',(64.143824247011,-76.81030876205,24.5162));
#13320 = LINE('',#13321,#13322);
#13321 = CARTESIAN_POINT('',(64.0669206802,-77.101885521,24.5162));
#13322 = VECTOR('',#13323,1.);
#13323 = DIRECTION('',(0.25502931563,0.96693332147,0.));
#13324 = ORIENTED_EDGE('',*,*,#13325,.F.);
#13325 = EDGE_CURVE('',#13326,#13318,#13328,.T.);
#13326 = VERTEX_POINT('',#13327);
#13327 = CARTESIAN_POINT('',(64.143824247011,-76.81030876205,23.3162));
#13328 = LINE('',#13329,#13330);
#13329 = CARTESIAN_POINT('',(64.143824247011,-76.81030876205,23.3162));
#13330 = VECTOR('',#13331,1.);
#13331 = DIRECTION('',(0.,0.,1.));
#13332 = ORIENTED_EDGE('',*,*,#13333,.F.);
#13333 = EDGE_CURVE('',#13295,#13326,#13334,.T.);
#13334 = LINE('',#13335,#13336);
#13335 = CARTESIAN_POINT('',(64.0669206802,-77.101885521,23.3162));
#13336 = VECTOR('',#13337,1.);
#13337 = DIRECTION('',(0.25502931563,0.96693332147,0.));
#13338 = PLANE('',#13339);
#13339 = AXIS2_PLACEMENT_3D('',#13340,#13341,#13342);
#13340 = CARTESIAN_POINT('',(64.0669206802,-77.101885521,23.3162));
#13341 = DIRECTION('',(-0.96693332147,0.25502931563,0.));
#13342 = DIRECTION('',(0.25502931563,0.96693332147,0.));
#13343 = ADVANCED_FACE('',(#13344),#13369,.T.);
#13344 = FACE_BOUND('',#13345,.T.);
#13345 = EDGE_LOOP('',(#13346,#13347,#13355,#13363));
#13346 = ORIENTED_EDGE('',*,*,#13325,.T.);
#13347 = ORIENTED_EDGE('',*,*,#13348,.T.);
#13348 = EDGE_CURVE('',#13318,#13349,#13351,.T.);
#13349 = VERTEX_POINT('',#13350);
#13350 = CARTESIAN_POINT('',(64.323176828377,-76.68240338001,24.5162));
#13351 = LINE('',#13352,#13353);
#13352 = CARTESIAN_POINT('',(64.143824247011,-76.81030876205,24.5162));
#13353 = VECTOR('',#13354,1.);
#13354 = DIRECTION('',(0.814170392275,0.580626017625,0.));
#13355 = ORIENTED_EDGE('',*,*,#13356,.F.);
#13356 = EDGE_CURVE('',#13357,#13349,#13359,.T.);
#13357 = VERTEX_POINT('',#13358);
#13358 = CARTESIAN_POINT('',(64.323176828377,-76.68240338001,23.3162));
#13359 = LINE('',#13360,#13361);
#13360 = CARTESIAN_POINT('',(64.323176828377,-76.68240338001,23.3162));
#13361 = VECTOR('',#13362,1.);
#13362 = DIRECTION('',(0.,0.,1.));
#13363 = ORIENTED_EDGE('',*,*,#13364,.F.);
#13364 = EDGE_CURVE('',#13326,#13357,#13365,.T.);
#13365 = LINE('',#13366,#13367);
#13366 = CARTESIAN_POINT('',(64.143824247011,-76.81030876205,23.3162));
#13367 = VECTOR('',#13368,1.);
#13368 = DIRECTION('',(0.814170392275,0.580626017625,0.));
#13369 = PLANE('',#13370);
#13370 = AXIS2_PLACEMENT_3D('',#13371,#13372,#13373);
#13371 = CARTESIAN_POINT('',(64.143824247011,-76.81030876205,23.3162));
#13372 = DIRECTION('',(-0.580626017625,0.814170392275,0.));
#13373 = DIRECTION('',(0.814170392275,0.580626017625,0.));
#13374 = ADVANCED_FACE('',(#13375),#13400,.T.);
#13375 = FACE_BOUND('',#13376,.T.);
#13376 = EDGE_LOOP('',(#13377,#13378,#13386,#13394));
#13377 = ORIENTED_EDGE('',*,*,#13356,.T.);
#13378 = ORIENTED_EDGE('',*,*,#13379,.T.);
#13379 = EDGE_CURVE('',#13349,#13380,#13382,.T.);
#13380 = VERTEX_POINT('',#13381);
#13381 = CARTESIAN_POINT('',(64.470104465127,-76.71424703324,24.5162));
#13382 = LINE('',#13383,#13384);
#13383 = CARTESIAN_POINT('',(64.323176828377,-76.68240338001,24.5162));
#13384 = VECTOR('',#13385,1.);
#13385 = DIRECTION('',(0.97731029219,-0.211812636023,0.));
#13386 = ORIENTED_EDGE('',*,*,#13387,.F.);
#13387 = EDGE_CURVE('',#13388,#13380,#13390,.T.);
#13388 = VERTEX_POINT('',#13389);
#13389 = CARTESIAN_POINT('',(64.470104465127,-76.71424703324,23.3162));
#13390 = LINE('',#13391,#13392);
#13391 = CARTESIAN_POINT('',(64.470104465127,-76.71424703324,23.3162));
#13392 = VECTOR('',#13393,1.);
#13393 = DIRECTION('',(0.,0.,1.));
#13394 = ORIENTED_EDGE('',*,*,#13395,.F.);
#13395 = EDGE_CURVE('',#13357,#13388,#13396,.T.);
#13396 = LINE('',#13397,#13398);
#13397 = CARTESIAN_POINT('',(64.323176828377,-76.68240338001,23.3162));
#13398 = VECTOR('',#13399,1.);
#13399 = DIRECTION('',(0.97731029219,-0.211812636023,0.));
#13400 = PLANE('',#13401);
#13401 = AXIS2_PLACEMENT_3D('',#13402,#13403,#13404);
#13402 = CARTESIAN_POINT('',(64.323176828377,-76.68240338001,23.3162));
#13403 = DIRECTION('',(0.211812636023,0.97731029219,-0.));
#13404 = DIRECTION('',(0.97731029219,-0.211812636023,0.));
#13405 = ADVANCED_FACE('',(#13406),#13431,.T.);
#13406 = FACE_BOUND('',#13407,.T.);
#13407 = EDGE_LOOP('',(#13408,#13409,#13417,#13425));
#13408 = ORIENTED_EDGE('',*,*,#13387,.T.);
#13409 = ORIENTED_EDGE('',*,*,#13410,.T.);
#13410 = EDGE_CURVE('',#13380,#13411,#13413,.T.);
#13411 = VERTEX_POINT('',#13412);
#13412 = CARTESIAN_POINT('',(64.701222864272,-76.94085503663,24.5162));
#13413 = LINE('',#13414,#13415);
#13414 = CARTESIAN_POINT('',(64.470104465127,-76.71424703324,24.5162));
#13415 = VECTOR('',#13416,1.);
#13416 = DIRECTION('',(0.714039883639,-0.700105023959,0.));
#13417 = ORIENTED_EDGE('',*,*,#13418,.F.);
#13418 = EDGE_CURVE('',#13419,#13411,#13421,.T.);
#13419 = VERTEX_POINT('',#13420);
#13420 = CARTESIAN_POINT('',(64.701222864272,-76.94085503663,23.3162));
#13421 = LINE('',#13422,#13423);
#13422 = CARTESIAN_POINT('',(64.701222864272,-76.94085503663,23.3162));
#13423 = VECTOR('',#13424,1.);
#13424 = DIRECTION('',(0.,0.,1.));
#13425 = ORIENTED_EDGE('',*,*,#13426,.F.);
#13426 = EDGE_CURVE('',#13388,#13419,#13427,.T.);
#13427 = LINE('',#13428,#13429);
#13428 = CARTESIAN_POINT('',(64.470104465127,-76.71424703324,23.3162));
#13429 = VECTOR('',#13430,1.);
#13430 = DIRECTION('',(0.714039883639,-0.700105023959,0.));
#13431 = PLANE('',#13432);
#13432 = AXIS2_PLACEMENT_3D('',#13433,#13434,#13435);
#13433 = CARTESIAN_POINT('',(64.470104465127,-76.71424703324,23.3162));
#13434 = DIRECTION('',(0.700105023959,0.714039883639,-0.));
#13435 = DIRECTION('',(0.714039883639,-0.700105023959,0.));
#13436 = ADVANCED_FACE('',(#13437),#13462,.T.);
#13437 = FACE_BOUND('',#13438,.T.);
#13438 = EDGE_LOOP('',(#13439,#13440,#13448,#13456));
#13439 = ORIENTED_EDGE('',*,*,#13418,.T.);
#13440 = ORIENTED_EDGE('',*,*,#13441,.T.);
#13441 = EDGE_CURVE('',#13411,#13442,#13444,.T.);
#13442 = VERTEX_POINT('',#13443);
#13443 = CARTESIAN_POINT('',(64.794705893123,-77.3217760724,24.5162));
#13444 = LINE('',#13445,#13446);
#13445 = CARTESIAN_POINT('',(64.701222864272,-76.94085503663,24.5162));
#13446 = VECTOR('',#13447,1.);
#13447 = DIRECTION('',(0.238340729044,-0.971181598301,0.));
#13448 = ORIENTED_EDGE('',*,*,#13449,.F.);
#13449 = EDGE_CURVE('',#13450,#13442,#13452,.T.);
#13450 = VERTEX_POINT('',#13451);
#13451 = CARTESIAN_POINT('',(64.794705893123,-77.3217760724,23.3162));
#13452 = LINE('',#13453,#13454);
#13453 = CARTESIAN_POINT('',(64.794705893123,-77.3217760724,23.3162));
#13454 = VECTOR('',#13455,1.);
#13455 = DIRECTION('',(0.,0.,1.));
#13456 = ORIENTED_EDGE('',*,*,#13457,.F.);
#13457 = EDGE_CURVE('',#13419,#13450,#13458,.T.);
#13458 = LINE('',#13459,#13460);
#13459 = CARTESIAN_POINT('',(64.701222864272,-76.94085503663,23.3162));
#13460 = VECTOR('',#13461,1.);
#13461 = DIRECTION('',(0.238340729044,-0.971181598301,0.));
#13462 = PLANE('',#13463);
#13463 = AXIS2_PLACEMENT_3D('',#13464,#13465,#13466);
#13464 = CARTESIAN_POINT('',(64.701222864272,-76.94085503663,23.3162));
#13465 = DIRECTION('',(0.971181598301,0.238340729044,-0.));
#13466 = DIRECTION('',(0.238340729044,-0.971181598301,0.));
#13467 = ADVANCED_FACE('',(#13468),#13493,.T.);
#13468 = FACE_BOUND('',#13469,.T.);
#13469 = EDGE_LOOP('',(#13470,#13471,#13479,#13487));
#13470 = ORIENTED_EDGE('',*,*,#13449,.T.);
#13471 = ORIENTED_EDGE('',*,*,#13472,.T.);
#13472 = EDGE_CURVE('',#13442,#13473,#13475,.T.);
#13473 = VERTEX_POINT('',#13474);
#13474 = CARTESIAN_POINT('',(64.787273936141,-77.78753528517,24.5162));
#13475 = LINE('',#13476,#13477);
#13476 = CARTESIAN_POINT('',(64.794705893123,-77.3217760724,24.5162));
#13477 = VECTOR('',#13478,1.);
#13478 = DIRECTION('',(-1.595461950282E-02,-0.999872716958,0.));
#13479 = ORIENTED_EDGE('',*,*,#13480,.F.);
#13480 = EDGE_CURVE('',#13481,#13473,#13483,.T.);
#13481 = VERTEX_POINT('',#13482);
#13482 = CARTESIAN_POINT('',(64.787273936141,-77.78753528517,23.3162));
#13483 = LINE('',#13484,#13485);
#13484 = CARTESIAN_POINT('',(64.787273936141,-77.78753528517,23.3162));
#13485 = VECTOR('',#13486,1.);
#13486 = DIRECTION('',(0.,0.,1.));
#13487 = ORIENTED_EDGE('',*,*,#13488,.F.);
#13488 = EDGE_CURVE('',#13450,#13481,#13489,.T.);
#13489 = LINE('',#13490,#13491);
#13490 = CARTESIAN_POINT('',(64.794705893123,-77.3217760724,23.3162));
#13491 = VECTOR('',#13492,1.);
#13492 = DIRECTION('',(-1.595461950282E-02,-0.999872716958,0.));
#13493 = PLANE('',#13494);
#13494 = AXIS2_PLACEMENT_3D('',#13495,#13496,#13497);
#13495 = CARTESIAN_POINT('',(64.794705893123,-77.3217760724,23.3162));
#13496 = DIRECTION('',(0.999872716958,-1.595461950282E-02,0.));
#13497 = DIRECTION('',(-1.595461950282E-02,-0.999872716958,0.));
#13498 = ADVANCED_FACE('',(#13499),#13524,.T.);
#13499 = FACE_BOUND('',#13500,.T.);
#13500 = EDGE_LOOP('',(#13501,#13502,#13510,#13518));
#13501 = ORIENTED_EDGE('',*,*,#13480,.T.);
#13502 = ORIENTED_EDGE('',*,*,#13503,.T.);
#13503 = EDGE_CURVE('',#13473,#13504,#13506,.T.);
#13504 = VERTEX_POINT('',#13505);
#13505 = CARTESIAN_POINT('',(64.729961764182,-78.08441085581,24.5162));
#13506 = LINE('',#13507,#13508);
#13507 = CARTESIAN_POINT('',(64.787273936141,-77.78753528517,24.5162));
#13508 = VECTOR('',#13509,1.);
#13509 = DIRECTION('',(-0.189551296269,-0.981870819448,0.));
#13510 = ORIENTED_EDGE('',*,*,#13511,.F.);
#13511 = EDGE_CURVE('',#13512,#13504,#13514,.T.);
#13512 = VERTEX_POINT('',#13513);
#13513 = CARTESIAN_POINT('',(64.729961764182,-78.08441085581,23.3162));
#13514 = LINE('',#13515,#13516);
#13515 = CARTESIAN_POINT('',(64.729961764182,-78.08441085581,23.3162));
#13516 = VECTOR('',#13517,1.);
#13517 = DIRECTION('',(0.,0.,1.));
#13518 = ORIENTED_EDGE('',*,*,#13519,.F.);
#13519 = EDGE_CURVE('',#13481,#13512,#13520,.T.);
#13520 = LINE('',#13521,#13522);
#13521 = CARTESIAN_POINT('',(64.787273936141,-77.78753528517,23.3162));
#13522 = VECTOR('',#13523,1.);
#13523 = DIRECTION('',(-0.189551296269,-0.981870819448,0.));
#13524 = PLANE('',#13525);
#13525 = AXIS2_PLACEMENT_3D('',#13526,#13527,#13528);
#13526 = CARTESIAN_POINT('',(64.787273936141,-77.78753528517,23.3162));
#13527 = DIRECTION('',(0.981870819448,-0.189551296269,0.));
#13528 = DIRECTION('',(-0.189551296269,-0.981870819448,0.));
#13529 = ADVANCED_FACE('',(#13530),#13555,.T.);
#13530 = FACE_BOUND('',#13531,.T.);
#13531 = EDGE_LOOP('',(#13532,#13533,#13541,#13549));
#13532 = ORIENTED_EDGE('',*,*,#13511,.T.);
#13533 = ORIENTED_EDGE('',*,*,#13534,.T.);
#13534 = EDGE_CURVE('',#13504,#13535,#13537,.T.);
#13535 = VERTEX_POINT('',#13536);
#13536 = CARTESIAN_POINT('',(64.541149455489,-78.4987524685,24.5162));
#13537 = LINE('',#13538,#13539);
#13538 = CARTESIAN_POINT('',(64.729961764182,-78.08441085581,24.5162));
#13539 = VECTOR('',#13540,1.);
#13540 = DIRECTION('',(-0.414667705209,-0.909972908529,0.));
#13541 = ORIENTED_EDGE('',*,*,#13542,.F.);
#13542 = EDGE_CURVE('',#13543,#13535,#13545,.T.);
#13543 = VERTEX_POINT('',#13544);
#13544 = CARTESIAN_POINT('',(64.541149455489,-78.4987524685,23.3162));
#13545 = LINE('',#13546,#13547);
#13546 = CARTESIAN_POINT('',(64.541149455489,-78.4987524685,23.3162));
#13547 = VECTOR('',#13548,1.);
#13548 = DIRECTION('',(0.,0.,1.));
#13549 = ORIENTED_EDGE('',*,*,#13550,.F.);
#13550 = EDGE_CURVE('',#13512,#13543,#13551,.T.);
#13551 = LINE('',#13552,#13553);
#13552 = CARTESIAN_POINT('',(64.729961764182,-78.08441085581,23.3162));
#13553 = VECTOR('',#13554,1.);
#13554 = DIRECTION('',(-0.414667705209,-0.909972908529,0.));
#13555 = PLANE('',#13556);
#13556 = AXIS2_PLACEMENT_3D('',#13557,#13558,#13559);
#13557 = CARTESIAN_POINT('',(64.729961764182,-78.08441085581,23.3162));
#13558 = DIRECTION('',(0.909972908529,-0.414667705209,0.));
#13559 = DIRECTION('',(-0.414667705209,-0.909972908529,0.));
#13560 = ADVANCED_FACE('',(#13561),#13586,.T.);
#13561 = FACE_BOUND('',#13562,.T.);
#13562 = EDGE_LOOP('',(#13563,#13564,#13572,#13580));
#13563 = ORIENTED_EDGE('',*,*,#13542,.T.);
#13564 = ORIENTED_EDGE('',*,*,#13565,.T.);
#13565 = EDGE_CURVE('',#13535,#13566,#13568,.T.);
#13566 = VERTEX_POINT('',#13567);
#13567 = CARTESIAN_POINT('',(64.232910970218,-78.78533186338,24.5162));
#13568 = LINE('',#13569,#13570);
#13569 = CARTESIAN_POINT('',(64.541149455489,-78.4987524685,24.5162));
#13570 = VECTOR('',#13571,1.);
#13571 = DIRECTION('',(-0.732369279657,-0.680907657627,0.));
#13572 = ORIENTED_EDGE('',*,*,#13573,.F.);
#13573 = EDGE_CURVE('',#13574,#13566,#13576,.T.);
#13574 = VERTEX_POINT('',#13575);
#13575 = CARTESIAN_POINT('',(64.232910970218,-78.78533186338,23.3162));
#13576 = LINE('',#13577,#13578);
#13577 = CARTESIAN_POINT('',(64.232910970218,-78.78533186338,23.3162));
#13578 = VECTOR('',#13579,1.);
#13579 = DIRECTION('',(0.,0.,1.));
#13580 = ORIENTED_EDGE('',*,*,#13581,.F.);
#13581 = EDGE_CURVE('',#13543,#13574,#13582,.T.);
#13582 = LINE('',#13583,#13584);
#13583 = CARTESIAN_POINT('',(64.541149455489,-78.4987524685,23.3162));
#13584 = VECTOR('',#13585,1.);
#13585 = DIRECTION('',(-0.732369279657,-0.680907657627,0.));
#13586 = PLANE('',#13587);
#13587 = AXIS2_PLACEMENT_3D('',#13588,#13589,#13590);
#13588 = CARTESIAN_POINT('',(64.541149455489,-78.4987524685,23.3162));
#13589 = DIRECTION('',(0.680907657627,-0.732369279657,0.));
#13590 = DIRECTION('',(-0.732369279657,-0.680907657627,0.));
#13591 = ADVANCED_FACE('',(#13592),#13617,.T.);
#13592 = FACE_BOUND('',#13593,.T.);
#13593 = EDGE_LOOP('',(#13594,#13595,#13603,#13611));
#13594 = ORIENTED_EDGE('',*,*,#13573,.T.);
#13595 = ORIENTED_EDGE('',*,*,#13596,.T.);
#13596 = EDGE_CURVE('',#13566,#13597,#13599,.T.);
#13597 = VERTEX_POINT('',#13598);
#13598 = CARTESIAN_POINT('',(63.759250006447,-78.9776971482,24.5162));
#13599 = LINE('',#13600,#13601);
#13600 = CARTESIAN_POINT('',(64.232910970218,-78.78533186338,24.5162));
#13601 = VECTOR('',#13602,1.);
#13602 = DIRECTION('',(-0.926507142911,-0.37627717727,0.));
#13603 = ORIENTED_EDGE('',*,*,#13604,.F.);
#13604 = EDGE_CURVE('',#13605,#13597,#13607,.T.);
#13605 = VERTEX_POINT('',#13606);
#13606 = CARTESIAN_POINT('',(63.759250006447,-78.9776971482,23.3162));
#13607 = LINE('',#13608,#13609);
#13608 = CARTESIAN_POINT('',(63.759250006447,-78.9776971482,23.3162));
#13609 = VECTOR('',#13610,1.);
#13610 = DIRECTION('',(0.,0.,1.));
#13611 = ORIENTED_EDGE('',*,*,#13612,.F.);
#13612 = EDGE_CURVE('',#13574,#13605,#13613,.T.);
#13613 = LINE('',#13614,#13615);
#13614 = CARTESIAN_POINT('',(64.232910970218,-78.78533186338,23.3162));
#13615 = VECTOR('',#13616,1.);
#13616 = DIRECTION('',(-0.926507142911,-0.37627717727,0.));
#13617 = PLANE('',#13618);
#13618 = AXIS2_PLACEMENT_3D('',#13619,#13620,#13621);
#13619 = CARTESIAN_POINT('',(64.232910970218,-78.78533186338,23.3162));
#13620 = DIRECTION('',(0.37627717727,-0.926507142911,0.));
#13621 = DIRECTION('',(-0.926507142911,-0.37627717727,0.));
#13622 = ADVANCED_FACE('',(#13623),#13648,.T.);
#13623 = FACE_BOUND('',#13624,.T.);
#13624 = EDGE_LOOP('',(#13625,#13626,#13634,#13642));
#13625 = ORIENTED_EDGE('',*,*,#13604,.T.);
#13626 = ORIENTED_EDGE('',*,*,#13627,.T.);
#13627 = EDGE_CURVE('',#13597,#13628,#13630,.T.);
#13628 = VERTEX_POINT('',#13629);
#13629 = CARTESIAN_POINT('',(63.102471147894,-79.0847666069,24.5162));
#13630 = LINE('',#13631,#13632);
#13631 = CARTESIAN_POINT('',(63.759250006447,-78.9776971482,24.5162));
#13632 = VECTOR('',#13633,1.);
#13633 = DIRECTION('',(-0.986971027758,-0.160898074465,0.));
#13634 = ORIENTED_EDGE('',*,*,#13635,.F.);
#13635 = EDGE_CURVE('',#13636,#13628,#13638,.T.);
#13636 = VERTEX_POINT('',#13637);
#13637 = CARTESIAN_POINT('',(63.102471147894,-79.0847666069,23.3162));
#13638 = LINE('',#13639,#13640);
#13639 = CARTESIAN_POINT('',(63.102471147894,-79.0847666069,23.3162));
#13640 = VECTOR('',#13641,1.);
#13641 = DIRECTION('',(0.,0.,1.));
#13642 = ORIENTED_EDGE('',*,*,#13643,.F.);
#13643 = EDGE_CURVE('',#13605,#13636,#13644,.T.);
#13644 = LINE('',#13645,#13646);
#13645 = CARTESIAN_POINT('',(63.759250006447,-78.9776971482,23.3162));
#13646 = VECTOR('',#13647,1.);
#13647 = DIRECTION('',(-0.986971027758,-0.160898074465,0.));
#13648 = PLANE('',#13649);
#13649 = AXIS2_PLACEMENT_3D('',#13650,#13651,#13652);
#13650 = CARTESIAN_POINT('',(63.759250006447,-78.9776971482,23.3162));
#13651 = DIRECTION('',(0.160898074465,-0.986971027758,0.));
#13652 = DIRECTION('',(-0.986971027758,-0.160898074465,0.));
#13653 = ADVANCED_FACE('',(#13654),#13679,.T.);
#13654 = FACE_BOUND('',#13655,.T.);
#13655 = EDGE_LOOP('',(#13656,#13657,#13665,#13673));
#13656 = ORIENTED_EDGE('',*,*,#13635,.T.);
#13657 = ORIENTED_EDGE('',*,*,#13658,.T.);
#13658 = EDGE_CURVE('',#13628,#13659,#13661,.T.);
#13659 = VERTEX_POINT('',#13660);
#13660 = CARTESIAN_POINT('',(62.255981467894,-79.1290478869,24.5162));
#13661 = LINE('',#13662,#13663);
#13662 = CARTESIAN_POINT('',(63.102471147894,-79.0847666069,24.5162));
#13663 = VECTOR('',#13664,1.);
#13664 = DIRECTION('',(-0.998634546928,-5.224023048953E-02,0.));
#13665 = ORIENTED_EDGE('',*,*,#13666,.F.);
#13666 = EDGE_CURVE('',#13667,#13659,#13669,.T.);
#13667 = VERTEX_POINT('',#13668);
#13668 = CARTESIAN_POINT('',(62.255981467894,-79.1290478869,23.3162));
#13669 = LINE('',#13670,#13671);
#13670 = CARTESIAN_POINT('',(62.255981467894,-79.1290478869,23.3162));
#13671 = VECTOR('',#13672,1.);
#13672 = DIRECTION('',(0.,0.,1.));
#13673 = ORIENTED_EDGE('',*,*,#13674,.F.);
#13674 = EDGE_CURVE('',#13636,#13667,#13675,.T.);
#13675 = LINE('',#13676,#13677);
#13676 = CARTESIAN_POINT('',(63.102471147894,-79.0847666069,23.3162));
#13677 = VECTOR('',#13678,1.);
#13678 = DIRECTION('',(-0.998634546928,-5.224023048953E-02,0.));
#13679 = PLANE('',#13680);
#13680 = AXIS2_PLACEMENT_3D('',#13681,#13682,#13683);
#13681 = CARTESIAN_POINT('',(63.102471147894,-79.0847666069,23.3162));
#13682 = DIRECTION('',(5.224023048953E-02,-0.998634546928,0.));
#13683 = DIRECTION('',(-0.998634546928,-5.224023048953E-02,0.));
#13684 = ADVANCED_FACE('',(#13685),#13710,.T.);
#13685 = FACE_BOUND('',#13686,.T.);
#13686 = EDGE_LOOP('',(#13687,#13688,#13696,#13704));
#13687 = ORIENTED_EDGE('',*,*,#13666,.T.);
#13688 = ORIENTED_EDGE('',*,*,#13689,.T.);
#13689 = EDGE_CURVE('',#13659,#13690,#13692,.T.);
#13690 = VERTEX_POINT('',#13691);
#13691 = CARTESIAN_POINT('',(60.210166851796,-79.13447023551,24.5162));
#13692 = LINE('',#13693,#13694);
#13693 = CARTESIAN_POINT('',(62.255981467894,-79.1290478869,24.5162));
#13694 = VECTOR('',#13695,1.);
#13695 = DIRECTION('',(-0.999996487551,-2.650450107243E-03,0.));
#13696 = ORIENTED_EDGE('',*,*,#13697,.F.);
#13697 = EDGE_CURVE('',#13698,#13690,#13700,.T.);
#13698 = VERTEX_POINT('',#13699);
#13699 = CARTESIAN_POINT('',(60.210166851796,-79.13447023551,23.3162));
#13700 = LINE('',#13701,#13702);
#13701 = CARTESIAN_POINT('',(60.210166851796,-79.13447023551,23.3162));
#13702 = VECTOR('',#13703,1.);
#13703 = DIRECTION('',(0.,0.,1.));
#13704 = ORIENTED_EDGE('',*,*,#13705,.F.);
#13705 = EDGE_CURVE('',#13667,#13698,#13706,.T.);
#13706 = LINE('',#13707,#13708);
#13707 = CARTESIAN_POINT('',(62.255981467894,-79.1290478869,23.3162));
#13708 = VECTOR('',#13709,1.);
#13709 = DIRECTION('',(-0.999996487551,-2.650450107243E-03,0.));
#13710 = PLANE('',#13711);
#13711 = AXIS2_PLACEMENT_3D('',#13712,#13713,#13714);
#13712 = CARTESIAN_POINT('',(62.255981467894,-79.1290478869,23.3162));
#13713 = DIRECTION('',(2.650450107243E-03,-0.999996487551,0.));
#13714 = DIRECTION('',(-0.999996487551,-2.650450107243E-03,0.));
#13715 = ADVANCED_FACE('',(#13716),#13741,.T.);
#13716 = FACE_BOUND('',#13717,.T.);
#13717 = EDGE_LOOP('',(#13718,#13719,#13727,#13735));
#13718 = ORIENTED_EDGE('',*,*,#13697,.T.);
#13719 = ORIENTED_EDGE('',*,*,#13720,.T.);
#13720 = EDGE_CURVE('',#13690,#13721,#13723,.T.);
#13721 = VERTEX_POINT('',#13722);
#13722 = CARTESIAN_POINT('',(60.164324153522,-79.84869216803,24.5162));
#13723 = LINE('',#13724,#13725);
#13724 = CARTESIAN_POINT('',(60.210166851796,-79.13447023551,24.5162));
#13725 = VECTOR('',#13726,1.);
#13726 = DIRECTION('',(-6.405370104609E-02,-0.997946453164,0.));
#13727 = ORIENTED_EDGE('',*,*,#13728,.F.);
#13728 = EDGE_CURVE('',#13729,#13721,#13731,.T.);
#13729 = VERTEX_POINT('',#13730);
#13730 = CARTESIAN_POINT('',(60.164324153522,-79.84869216803,23.3162));
#13731 = LINE('',#13732,#13733);
#13732 = CARTESIAN_POINT('',(60.164324153522,-79.84869216803,23.3162));
#13733 = VECTOR('',#13734,1.);
#13734 = DIRECTION('',(0.,0.,1.));
#13735 = ORIENTED_EDGE('',*,*,#13736,.F.);
#13736 = EDGE_CURVE('',#13698,#13729,#13737,.T.);
#13737 = LINE('',#13738,#13739);
#13738 = CARTESIAN_POINT('',(60.210166851796,-79.13447023551,23.3162));
#13739 = VECTOR('',#13740,1.);
#13740 = DIRECTION('',(-6.405370104609E-02,-0.997946453164,0.));
#13741 = PLANE('',#13742);
#13742 = AXIS2_PLACEMENT_3D('',#13743,#13744,#13745);
#13743 = CARTESIAN_POINT('',(60.210166851796,-79.13447023551,23.3162));
#13744 = DIRECTION('',(0.997946453164,-6.405370104609E-02,0.));
#13745 = DIRECTION('',(-6.405370104609E-02,-0.997946453164,0.));
#13746 = ADVANCED_FACE('',(#13747),#13772,.T.);
#13747 = FACE_BOUND('',#13748,.T.);
#13748 = EDGE_LOOP('',(#13749,#13750,#13758,#13766));
#13749 = ORIENTED_EDGE('',*,*,#13728,.T.);
#13750 = ORIENTED_EDGE('',*,*,#13751,.T.);
#13751 = EDGE_CURVE('',#13721,#13752,#13754,.T.);
#13752 = VERTEX_POINT('',#13753);
#13753 = CARTESIAN_POINT('',(60.025213776113,-80.09981262595,24.5162));
#13754 = LINE('',#13755,#13756);
#13755 = CARTESIAN_POINT('',(60.164324153522,-79.84869216803,24.5162));
#13756 = VECTOR('',#13757,1.);
#13757 = DIRECTION('',(-0.484575205776,-0.874749604142,0.));
#13758 = ORIENTED_EDGE('',*,*,#13759,.F.);
#13759 = EDGE_CURVE('',#13760,#13752,#13762,.T.);
#13760 = VERTEX_POINT('',#13761);
#13761 = CARTESIAN_POINT('',(60.025213776113,-80.09981262595,23.3162));
#13762 = LINE('',#13763,#13764);
#13763 = CARTESIAN_POINT('',(60.025213776113,-80.09981262595,23.3162));
#13764 = VECTOR('',#13765,1.);
#13765 = DIRECTION('',(0.,0.,1.));
#13766 = ORIENTED_EDGE('',*,*,#13767,.F.);
#13767 = EDGE_CURVE('',#13729,#13760,#13768,.T.);
#13768 = LINE('',#13769,#13770);
#13769 = CARTESIAN_POINT('',(60.164324153522,-79.84869216803,23.3162));
#13770 = VECTOR('',#13771,1.);
#13771 = DIRECTION('',(-0.484575205776,-0.874749604142,0.));
#13772 = PLANE('',#13773);
#13773 = AXIS2_PLACEMENT_3D('',#13774,#13775,#13776);
#13774 = CARTESIAN_POINT('',(60.164324153522,-79.84869216803,23.3162));
#13775 = DIRECTION('',(0.874749604142,-0.484575205776,0.));
#13776 = DIRECTION('',(-0.484575205776,-0.874749604142,0.));
#13777 = ADVANCED_FACE('',(#13778),#13803,.T.);
#13778 = FACE_BOUND('',#13779,.T.);
#13779 = EDGE_LOOP('',(#13780,#13781,#13789,#13797));
#13780 = ORIENTED_EDGE('',*,*,#13759,.T.);
#13781 = ORIENTED_EDGE('',*,*,#13782,.T.);
#13782 = EDGE_CURVE('',#13752,#13783,#13785,.T.);
#13783 = VERTEX_POINT('',#13784);
#13784 = CARTESIAN_POINT('',(59.850690064418,-80.16390041943,24.5162));
#13785 = LINE('',#13786,#13787);
#13786 = CARTESIAN_POINT('',(60.025213776113,-80.09981262595,24.5162));
#13787 = VECTOR('',#13788,1.);
#13788 = DIRECTION('',(-0.938709720842,-0.344708659591,0.));
#13789 = ORIENTED_EDGE('',*,*,#13790,.F.);
#13790 = EDGE_CURVE('',#13791,#13783,#13793,.T.);
#13791 = VERTEX_POINT('',#13792);
#13792 = CARTESIAN_POINT('',(59.850690064418,-80.16390041943,23.3162));
#13793 = LINE('',#13794,#13795);
#13794 = CARTESIAN_POINT('',(59.850690064418,-80.16390041943,23.3162));
#13795 = VECTOR('',#13796,1.);
#13796 = DIRECTION('',(0.,0.,1.));
#13797 = ORIENTED_EDGE('',*,*,#13798,.F.);
#13798 = EDGE_CURVE('',#13760,#13791,#13799,.T.);
#13799 = LINE('',#13800,#13801);
#13800 = CARTESIAN_POINT('',(60.025213776113,-80.09981262595,23.3162));
#13801 = VECTOR('',#13802,1.);
#13802 = DIRECTION('',(-0.938709720842,-0.344708659591,0.));
#13803 = PLANE('',#13804);
#13804 = AXIS2_PLACEMENT_3D('',#13805,#13806,#13807);
#13805 = CARTESIAN_POINT('',(60.025213776113,-80.09981262595,23.3162));
#13806 = DIRECTION('',(0.344708659591,-0.938709720842,0.));
#13807 = DIRECTION('',(-0.938709720842,-0.344708659591,0.));
#13808 = ADVANCED_FACE('',(#13809),#13834,.T.);
#13809 = FACE_BOUND('',#13810,.T.);
#13810 = EDGE_LOOP('',(#13811,#13812,#13820,#13828));
#13811 = ORIENTED_EDGE('',*,*,#13790,.T.);
#13812 = ORIENTED_EDGE('',*,*,#13813,.T.);
#13813 = EDGE_CURVE('',#13783,#13814,#13816,.T.);
#13814 = VERTEX_POINT('',#13815);
#13815 = CARTESIAN_POINT('',(59.729079541346,-80.11277953591,24.5162));
#13816 = LINE('',#13817,#13818);
#13817 = CARTESIAN_POINT('',(59.850690064418,-80.16390041943,24.5162));
#13818 = VECTOR('',#13819,1.);
#13819 = DIRECTION('',(-0.921861725038,0.387518980064,0.));
#13820 = ORIENTED_EDGE('',*,*,#13821,.F.);
#13821 = EDGE_CURVE('',#13822,#13814,#13824,.T.);
#13822 = VERTEX_POINT('',#13823);
#13823 = CARTESIAN_POINT('',(59.729079541346,-80.11277953591,23.3162));
#13824 = LINE('',#13825,#13826);
#13825 = CARTESIAN_POINT('',(59.729079541346,-80.11277953591,23.3162));
#13826 = VECTOR('',#13827,1.);
#13827 = DIRECTION('',(0.,0.,1.));
#13828 = ORIENTED_EDGE('',*,*,#13829,.F.);
#13829 = EDGE_CURVE('',#13791,#13822,#13830,.T.);
#13830 = LINE('',#13831,#13832);
#13831 = CARTESIAN_POINT('',(59.850690064418,-80.16390041943,23.3162));
#13832 = VECTOR('',#13833,1.);
#13833 = DIRECTION('',(-0.921861725038,0.387518980064,0.));
#13834 = PLANE('',#13835);
#13835 = AXIS2_PLACEMENT_3D('',#13836,#13837,#13838);
#13836 = CARTESIAN_POINT('',(59.850690064418,-80.16390041943,23.3162));
#13837 = DIRECTION('',(-0.387518980064,-0.921861725038,0.));
#13838 = DIRECTION('',(-0.921861725038,0.387518980064,0.));
#13839 = ADVANCED_FACE('',(#13840),#13865,.T.);
#13840 = FACE_BOUND('',#13841,.T.);
#13841 = EDGE_LOOP('',(#13842,#13843,#13851,#13859));
#13842 = ORIENTED_EDGE('',*,*,#13821,.T.);
#13843 = ORIENTED_EDGE('',*,*,#13844,.T.);
#13844 = EDGE_CURVE('',#13814,#13845,#13847,.T.);
#13845 = VERTEX_POINT('',#13846);
#13846 = CARTESIAN_POINT('',(59.577862721477,-79.90333083867,24.5162));
#13847 = LINE('',#13848,#13849);
#13848 = CARTESIAN_POINT('',(59.729079541346,-80.11277953591,24.5162));
#13849 = VECTOR('',#13850,1.);
#13850 = DIRECTION('',(-0.585359061852,0.810774178614,0.));
#13851 = ORIENTED_EDGE('',*,*,#13852,.F.);
#13852 = EDGE_CURVE('',#13853,#13845,#13855,.T.);
#13853 = VERTEX_POINT('',#13854);
#13854 = CARTESIAN_POINT('',(59.577862721477,-79.90333083867,23.3162));
#13855 = LINE('',#13856,#13857);
#13856 = CARTESIAN_POINT('',(59.577862721477,-79.90333083867,23.3162));
#13857 = VECTOR('',#13858,1.);
#13858 = DIRECTION('',(0.,0.,1.));
#13859 = ORIENTED_EDGE('',*,*,#13860,.F.);
#13860 = EDGE_CURVE('',#13822,#13853,#13861,.T.);
#13861 = LINE('',#13862,#13863);
#13862 = CARTESIAN_POINT('',(59.729079541346,-80.11277953591,23.3162));
#13863 = VECTOR('',#13864,1.);
#13864 = DIRECTION('',(-0.585359061852,0.810774178614,0.));
#13865 = PLANE('',#13866);
#13866 = AXIS2_PLACEMENT_3D('',#13867,#13868,#13869);
#13867 = CARTESIAN_POINT('',(59.729079541346,-80.11277953591,23.3162));
#13868 = DIRECTION('',(-0.810774178614,-0.585359061852,0.));
#13869 = DIRECTION('',(-0.585359061852,0.810774178614,0.));
#13870 = ADVANCED_FACE('',(#13871),#13896,.T.);
#13871 = FACE_BOUND('',#13872,.T.);
#13872 = EDGE_LOOP('',(#13873,#13874,#13882,#13890));
#13873 = ORIENTED_EDGE('',*,*,#13852,.T.);
#13874 = ORIENTED_EDGE('',*,*,#13875,.T.);
#13875 = EDGE_CURVE('',#13845,#13876,#13878,.T.);
#13876 = VERTEX_POINT('',#13877);
#13877 = CARTESIAN_POINT('',(59.484187706806,-79.16439107898,24.5162));
#13878 = LINE('',#13879,#13880);
#13879 = CARTESIAN_POINT('',(59.577862721477,-79.90333083867,24.5162));
#13880 = VECTOR('',#13881,1.);
#13881 = DIRECTION('',(-0.125762978062,0.992060317395,0.));
#13882 = ORIENTED_EDGE('',*,*,#13883,.F.);
#13883 = EDGE_CURVE('',#13884,#13876,#13886,.T.);
#13884 = VERTEX_POINT('',#13885);
#13885 = CARTESIAN_POINT('',(59.484187706806,-79.16439107898,23.3162));
#13886 = LINE('',#13887,#13888);
#13887 = CARTESIAN_POINT('',(59.484187706806,-79.16439107898,23.3162));
#13888 = VECTOR('',#13889,1.);
#13889 = DIRECTION('',(0.,0.,1.));
#13890 = ORIENTED_EDGE('',*,*,#13891,.F.);
#13891 = EDGE_CURVE('',#13853,#13884,#13892,.T.);
#13892 = LINE('',#13893,#13894);
#13893 = CARTESIAN_POINT('',(59.577862721477,-79.90333083867,23.3162));
#13894 = VECTOR('',#13895,1.);
#13895 = DIRECTION('',(-0.125762978062,0.992060317395,0.));
#13896 = PLANE('',#13897);
#13897 = AXIS2_PLACEMENT_3D('',#13898,#13899,#13900);
#13898 = CARTESIAN_POINT('',(59.577862721477,-79.90333083867,23.3162));
#13899 = DIRECTION('',(-0.992060317395,-0.125762978062,0.));
#13900 = DIRECTION('',(-0.125762978062,0.992060317395,0.));
#13901 = ADVANCED_FACE('',(#13902),#13927,.T.);
#13902 = FACE_BOUND('',#13903,.T.);
#13903 = EDGE_LOOP('',(#13904,#13905,#13913,#13921));
#13904 = ORIENTED_EDGE('',*,*,#13883,.T.);
#13905 = ORIENTED_EDGE('',*,*,#13906,.T.);
#13906 = EDGE_CURVE('',#13876,#13907,#13909,.T.);
#13907 = VERTEX_POINT('',#13908);
#13908 = CARTESIAN_POINT('',(58.536575079021,-79.09409381911,24.5162));
#13909 = LINE('',#13910,#13911);
#13910 = CARTESIAN_POINT('',(59.484187706806,-79.16439107898,24.5162));
#13911 = VECTOR('',#13912,1.);
#13912 = DIRECTION('',(-0.997259706261,7.398025593377E-02,0.));
#13913 = ORIENTED_EDGE('',*,*,#13914,.F.);
#13914 = EDGE_CURVE('',#13915,#13907,#13917,.T.);
#13915 = VERTEX_POINT('',#13916);
#13916 = CARTESIAN_POINT('',(58.536575079021,-79.09409381911,23.3162));
#13917 = LINE('',#13918,#13919);
#13918 = CARTESIAN_POINT('',(58.536575079021,-79.09409381911,23.3162));
#13919 = VECTOR('',#13920,1.);
#13920 = DIRECTION('',(0.,0.,1.));
#13921 = ORIENTED_EDGE('',*,*,#13922,.F.);
#13922 = EDGE_CURVE('',#13884,#13915,#13923,.T.);
#13923 = LINE('',#13924,#13925);
#13924 = CARTESIAN_POINT('',(59.484187706806,-79.16439107898,23.3162));
#13925 = VECTOR('',#13926,1.);
#13926 = DIRECTION('',(-0.997259706261,7.398025593377E-02,0.));
#13927 = PLANE('',#13928);
#13928 = AXIS2_PLACEMENT_3D('',#13929,#13930,#13931);
#13929 = CARTESIAN_POINT('',(59.484187706806,-79.16439107898,23.3162));
#13930 = DIRECTION('',(-7.398025593377E-02,-0.997259706261,0.));
#13931 = DIRECTION('',(-0.997259706261,7.398025593377E-02,0.));
#13932 = ADVANCED_FACE('',(#13933),#13958,.T.);
#13933 = FACE_BOUND('',#13934,.T.);
#13934 = EDGE_LOOP('',(#13935,#13936,#13944,#13952));
#13935 = ORIENTED_EDGE('',*,*,#13914,.T.);
#13936 = ORIENTED_EDGE('',*,*,#13937,.T.);
#13937 = EDGE_CURVE('',#13907,#13938,#13940,.T.);
#13938 = VERTEX_POINT('',#13939);
#13939 = CARTESIAN_POINT('',(58.252781101509,-78.99024109911,24.5162));
#13940 = LINE('',#13941,#13942);
#13941 = CARTESIAN_POINT('',(58.536575079021,-79.09409381911,24.5162));
#13942 = VECTOR('',#13943,1.);
#13943 = DIRECTION('',(-0.939095456634,0.343656403009,0.));
#13944 = ORIENTED_EDGE('',*,*,#13945,.F.);
#13945 = EDGE_CURVE('',#13946,#13938,#13948,.T.);
#13946 = VERTEX_POINT('',#13947);
#13947 = CARTESIAN_POINT('',(58.252781101509,-78.99024109911,23.3162));
#13948 = LINE('',#13949,#13950);
#13949 = CARTESIAN_POINT('',(58.252781101509,-78.99024109911,23.3162));
#13950 = VECTOR('',#13951,1.);
#13951 = DIRECTION('',(0.,0.,1.));
#13952 = ORIENTED_EDGE('',*,*,#13953,.F.);
#13953 = EDGE_CURVE('',#13915,#13946,#13954,.T.);
#13954 = LINE('',#13955,#13956);
#13955 = CARTESIAN_POINT('',(58.536575079021,-79.09409381911,23.3162));
#13956 = VECTOR('',#13957,1.);
#13957 = DIRECTION('',(-0.939095456634,0.343656403009,0.));
#13958 = PLANE('',#13959);
#13959 = AXIS2_PLACEMENT_3D('',#13960,#13961,#13962);
#13960 = CARTESIAN_POINT('',(58.536575079021,-79.09409381911,23.3162));
#13961 = DIRECTION('',(-0.343656403009,-0.939095456634,0.));
#13962 = DIRECTION('',(-0.939095456634,0.343656403009,0.));
#13963 = ADVANCED_FACE('',(#13964),#13989,.T.);
#13964 = FACE_BOUND('',#13965,.T.);
#13965 = EDGE_LOOP('',(#13966,#13967,#13975,#13983));
#13966 = ORIENTED_EDGE('',*,*,#13945,.T.);
#13967 = ORIENTED_EDGE('',*,*,#13968,.T.);
#13968 = EDGE_CURVE('',#13938,#13969,#13971,.T.);
#13969 = VERTEX_POINT('',#13970);
#13970 = CARTESIAN_POINT('',(58.157360169327,-78.84433319123,24.5162));
#13971 = LINE('',#13972,#13973);
#13972 = CARTESIAN_POINT('',(58.252781101509,-78.99024109911,24.5162));
#13973 = VECTOR('',#13974,1.);
#13974 = DIRECTION('',(-0.547328147159,0.836918095949,0.));
#13975 = ORIENTED_EDGE('',*,*,#13976,.F.);
#13976 = EDGE_CURVE('',#13977,#13969,#13979,.T.);
#13977 = VERTEX_POINT('',#13978);
#13978 = CARTESIAN_POINT('',(58.157360169327,-78.84433319123,23.3162));
#13979 = LINE('',#13980,#13981);
#13980 = CARTESIAN_POINT('',(58.157360169327,-78.84433319123,23.3162));
#13981 = VECTOR('',#13982,1.);
#13982 = DIRECTION('',(0.,0.,1.));
#13983 = ORIENTED_EDGE('',*,*,#13984,.F.);
#13984 = EDGE_CURVE('',#13946,#13977,#13985,.T.);
#13985 = LINE('',#13986,#13987);
#13986 = CARTESIAN_POINT('',(58.252781101509,-78.99024109911,23.3162));
#13987 = VECTOR('',#13988,1.);
#13988 = DIRECTION('',(-0.547328147159,0.836918095949,0.));
#13989 = PLANE('',#13990);
#13990 = AXIS2_PLACEMENT_3D('',#13991,#13992,#13993);
#13991 = CARTESIAN_POINT('',(58.252781101509,-78.99024109911,23.3162));
#13992 = DIRECTION('',(-0.836918095949,-0.547328147159,0.));
#13993 = DIRECTION('',(-0.547328147159,0.836918095949,0.));
#13994 = ADVANCED_FACE('',(#13995),#14020,.T.);
#13995 = FACE_BOUND('',#13996,.T.);
#13996 = EDGE_LOOP('',(#13997,#13998,#14006,#14014));
#13997 = ORIENTED_EDGE('',*,*,#13976,.T.);
#13998 = ORIENTED_EDGE('',*,*,#13999,.T.);
#13999 = EDGE_CURVE('',#13969,#14000,#14002,.T.);
#14000 = VERTEX_POINT('',#14001);
#14001 = CARTESIAN_POINT('',(58.20548047473,-78.62897124267,24.5162));
#14002 = LINE('',#14003,#14004);
#14003 = CARTESIAN_POINT('',(58.157360169327,-78.84433319123,24.5162));
#14004 = VECTOR('',#14005,1.);
#14005 = DIRECTION('',(0.218062128607,0.975934889256,0.));
#14006 = ORIENTED_EDGE('',*,*,#14007,.F.);
#14007 = EDGE_CURVE('',#14008,#14000,#14010,.T.);
#14008 = VERTEX_POINT('',#14009);
#14009 = CARTESIAN_POINT('',(58.20548047473,-78.62897124267,23.3162));
#14010 = LINE('',#14011,#14012);
#14011 = CARTESIAN_POINT('',(58.20548047473,-78.62897124267,23.3162));
#14012 = VECTOR('',#14013,1.);
#14013 = DIRECTION('',(0.,0.,1.));
#14014 = ORIENTED_EDGE('',*,*,#14015,.F.);
#14015 = EDGE_CURVE('',#13977,#14008,#14016,.T.);
#14016 = LINE('',#14017,#14018);
#14017 = CARTESIAN_POINT('',(58.157360169327,-78.84433319123,23.3162));
#14018 = VECTOR('',#14019,1.);
#14019 = DIRECTION('',(0.218062128607,0.975934889256,0.));
#14020 = PLANE('',#14021);
#14021 = AXIS2_PLACEMENT_3D('',#14022,#14023,#14024);
#14022 = CARTESIAN_POINT('',(58.157360169327,-78.84433319123,23.3162));
#14023 = DIRECTION('',(-0.975934889256,0.218062128607,0.));
#14024 = DIRECTION('',(0.218062128607,0.975934889256,0.));
#14025 = ADVANCED_FACE('',(#14026),#14051,.T.);
#14026 = FACE_BOUND('',#14027,.T.);
#14027 = EDGE_LOOP('',(#14028,#14029,#14037,#14045));
#14028 = ORIENTED_EDGE('',*,*,#14007,.T.);
#14029 = ORIENTED_EDGE('',*,*,#14030,.T.);
#14030 = EDGE_CURVE('',#14000,#14031,#14033,.T.);
#14031 = VERTEX_POINT('',#14032);
#14032 = CARTESIAN_POINT('',(58.309897218988,-78.53482419768,24.5162));
#14033 = LINE('',#14034,#14035);
#14034 = CARTESIAN_POINT('',(58.20548047473,-78.62897124267,24.5162));
#14035 = VECTOR('',#14036,1.);
#14036 = DIRECTION('',(0.742685613703,0.669640261035,0.));
#14037 = ORIENTED_EDGE('',*,*,#14038,.F.);
#14038 = EDGE_CURVE('',#14039,#14031,#14041,.T.);
#14039 = VERTEX_POINT('',#14040);
#14040 = CARTESIAN_POINT('',(58.309897218988,-78.53482419768,23.3162));
#14041 = LINE('',#14042,#14043);
#14042 = CARTESIAN_POINT('',(58.309897218988,-78.53482419768,23.3162));
#14043 = VECTOR('',#14044,1.);
#14044 = DIRECTION('',(0.,0.,1.));
#14045 = ORIENTED_EDGE('',*,*,#14046,.F.);
#14046 = EDGE_CURVE('',#14008,#14039,#14047,.T.);
#14047 = LINE('',#14048,#14049);
#14048 = CARTESIAN_POINT('',(58.20548047473,-78.62897124267,23.3162));
#14049 = VECTOR('',#14050,1.);
#14050 = DIRECTION('',(0.742685613703,0.669640261035,0.));
#14051 = PLANE('',#14052);
#14052 = AXIS2_PLACEMENT_3D('',#14053,#14054,#14055);
#14053 = CARTESIAN_POINT('',(58.20548047473,-78.62897124267,23.3162));
#14054 = DIRECTION('',(-0.669640261035,0.742685613703,0.));
#14055 = DIRECTION('',(0.742685613703,0.669640261035,0.));
#14056 = ADVANCED_FACE('',(#14057),#14082,.T.);
#14057 = FACE_BOUND('',#14058,.T.);
#14058 = EDGE_LOOP('',(#14059,#14060,#14068,#14076));
#14059 = ORIENTED_EDGE('',*,*,#14038,.T.);
#14060 = ORIENTED_EDGE('',*,*,#14061,.T.);
#14061 = EDGE_CURVE('',#14031,#14062,#14064,.T.);
#14062 = VERTEX_POINT('',#14063);
#14063 = CARTESIAN_POINT('',(58.659836337038,-78.43915738185,24.5162));
#14064 = LINE('',#14065,#14066);
#14065 = CARTESIAN_POINT('',(58.309897218988,-78.53482419768,24.5162));
#14066 = VECTOR('',#14067,1.);
#14067 = DIRECTION('',(0.96460349346,0.263704570314,0.));
#14068 = ORIENTED_EDGE('',*,*,#14069,.F.);
#14069 = EDGE_CURVE('',#14070,#14062,#14072,.T.);
#14070 = VERTEX_POINT('',#14071);
#14071 = CARTESIAN_POINT('',(58.659836337038,-78.43915738185,23.3162));
#14072 = LINE('',#14073,#14074);
#14073 = CARTESIAN_POINT('',(58.659836337038,-78.43915738185,23.3162));
#14074 = VECTOR('',#14075,1.);
#14075 = DIRECTION('',(0.,0.,1.));
#14076 = ORIENTED_EDGE('',*,*,#14077,.F.);
#14077 = EDGE_CURVE('',#14039,#14070,#14078,.T.);
#14078 = LINE('',#14079,#14080);
#14079 = CARTESIAN_POINT('',(58.309897218988,-78.53482419768,23.3162));
#14080 = VECTOR('',#14081,1.);
#14081 = DIRECTION('',(0.96460349346,0.263704570314,0.));
#14082 = PLANE('',#14083);
#14083 = AXIS2_PLACEMENT_3D('',#14084,#14085,#14086);
#14084 = CARTESIAN_POINT('',(58.309897218988,-78.53482419768,23.3162));
#14085 = DIRECTION('',(-0.263704570314,0.96460349346,0.));
#14086 = DIRECTION('',(0.96460349346,0.263704570314,0.));
#14087 = ADVANCED_FACE('',(#14088),#14113,.T.);
#14088 = FACE_BOUND('',#14089,.T.);
#14089 = EDGE_LOOP('',(#14090,#14091,#14099,#14107));
#14090 = ORIENTED_EDGE('',*,*,#14069,.T.);
#14091 = ORIENTED_EDGE('',*,*,#14092,.T.);
#14092 = EDGE_CURVE('',#14062,#14093,#14095,.T.);
#14093 = VERTEX_POINT('',#14094);
#14094 = CARTESIAN_POINT('',(59.452863178432,-78.37841004478,24.5162));
#14095 = LINE('',#14096,#14097);
#14096 = CARTESIAN_POINT('',(58.659836337038,-78.43915738185,24.5162));
#14097 = VECTOR('',#14098,1.);
#14098 = DIRECTION('',(0.997078925986,7.637810782383E-02,0.));
#14099 = ORIENTED_EDGE('',*,*,#14100,.F.);
#14100 = EDGE_CURVE('',#14101,#14093,#14103,.T.);
#14101 = VERTEX_POINT('',#14102);
#14102 = CARTESIAN_POINT('',(59.452863178432,-78.37841004478,23.3162));
#14103 = LINE('',#14104,#14105);
#14104 = CARTESIAN_POINT('',(59.452863178432,-78.37841004478,23.3162));
#14105 = VECTOR('',#14106,1.);
#14106 = DIRECTION('',(0.,0.,1.));
#14107 = ORIENTED_EDGE('',*,*,#14108,.F.);
#14108 = EDGE_CURVE('',#14070,#14101,#14109,.T.);
#14109 = LINE('',#14110,#14111);
#14110 = CARTESIAN_POINT('',(58.659836337038,-78.43915738185,23.3162));
#14111 = VECTOR('',#14112,1.);
#14112 = DIRECTION('',(0.997078925986,7.637810782383E-02,0.));
#14113 = PLANE('',#14114);
#14114 = AXIS2_PLACEMENT_3D('',#14115,#14116,#14117);
#14115 = CARTESIAN_POINT('',(58.659836337038,-78.43915738185,23.3162));
#14116 = DIRECTION('',(-7.637810782383E-02,0.997078925986,0.));
#14117 = DIRECTION('',(0.997078925986,7.637810782383E-02,0.));
#14118 = ADVANCED_FACE('',(#14119),#14135,.T.);
#14119 = FACE_BOUND('',#14120,.T.);
#14120 = EDGE_LOOP('',(#14121,#14122,#14128,#14129));
#14121 = ORIENTED_EDGE('',*,*,#14100,.T.);
#14122 = ORIENTED_EDGE('',*,*,#14123,.T.);
#14123 = EDGE_CURVE('',#14093,#12969,#14124,.T.);
#14124 = LINE('',#14125,#14126);
#14125 = CARTESIAN_POINT('',(59.452863178432,-78.37841004478,24.5162));
#14126 = VECTOR('',#14127,1.);
#14127 = DIRECTION('',(8.703253304933E-02,0.996205469866,0.));
#14128 = ORIENTED_EDGE('',*,*,#12966,.F.);
#14129 = ORIENTED_EDGE('',*,*,#14130,.F.);
#14130 = EDGE_CURVE('',#14101,#12967,#14131,.T.);
#14131 = LINE('',#14132,#14133);
#14132 = CARTESIAN_POINT('',(59.452863178432,-78.37841004478,23.3162));
#14133 = VECTOR('',#14134,1.);
#14134 = DIRECTION('',(8.703253304933E-02,0.996205469866,0.));
#14135 = PLANE('',#14136);
#14136 = AXIS2_PLACEMENT_3D('',#14137,#14138,#14139);
#14137 = CARTESIAN_POINT('',(59.452863178432,-78.37841004478,23.3162));
#14138 = DIRECTION('',(-0.996205469866,8.703253304933E-02,0.));
#14139 = DIRECTION('',(8.703253304933E-02,0.996205469866,0.));
#14140 = ADVANCED_FACE('',(#14141),#14181,.T.);
#14141 = FACE_BOUND('',#14142,.T.);
#14142 = EDGE_LOOP('',(#14143,#14144,#14145,#14146,#14147,#14148,#14149,
    #14150,#14151,#14152,#14153,#14154,#14155,#14156,#14157,#14158,
    #14159,#14160,#14161,#14162,#14163,#14164,#14165,#14166,#14167,
    #14168,#14169,#14170,#14171,#14172,#14173,#14174,#14175,#14176,
    #14177,#14178,#14179,#14180));
#14143 = ORIENTED_EDGE('',*,*,#12992,.T.);
#14144 = ORIENTED_EDGE('',*,*,#13023,.T.);
#14145 = ORIENTED_EDGE('',*,*,#13054,.T.);
#14146 = ORIENTED_EDGE('',*,*,#13085,.T.);
#14147 = ORIENTED_EDGE('',*,*,#13116,.T.);
#14148 = ORIENTED_EDGE('',*,*,#13147,.T.);
#14149 = ORIENTED_EDGE('',*,*,#13178,.T.);
#14150 = ORIENTED_EDGE('',*,*,#13209,.T.);
#14151 = ORIENTED_EDGE('',*,*,#13240,.T.);
#14152 = ORIENTED_EDGE('',*,*,#13271,.T.);
#14153 = ORIENTED_EDGE('',*,*,#13302,.T.);
#14154 = ORIENTED_EDGE('',*,*,#13333,.T.);
#14155 = ORIENTED_EDGE('',*,*,#13364,.T.);
#14156 = ORIENTED_EDGE('',*,*,#13395,.T.);
#14157 = ORIENTED_EDGE('',*,*,#13426,.T.);
#14158 = ORIENTED_EDGE('',*,*,#13457,.T.);
#14159 = ORIENTED_EDGE('',*,*,#13488,.T.);
#14160 = ORIENTED_EDGE('',*,*,#13519,.T.);
#14161 = ORIENTED_EDGE('',*,*,#13550,.T.);
#14162 = ORIENTED_EDGE('',*,*,#13581,.T.);
#14163 = ORIENTED_EDGE('',*,*,#13612,.T.);
#14164 = ORIENTED_EDGE('',*,*,#13643,.T.);
#14165 = ORIENTED_EDGE('',*,*,#13674,.T.);
#14166 = ORIENTED_EDGE('',*,*,#13705,.T.);
#14167 = ORIENTED_EDGE('',*,*,#13736,.T.);
#14168 = ORIENTED_EDGE('',*,*,#13767,.T.);
#14169 = ORIENTED_EDGE('',*,*,#13798,.T.);
#14170 = ORIENTED_EDGE('',*,*,#13829,.T.);
#14171 = ORIENTED_EDGE('',*,*,#13860,.T.);
#14172 = ORIENTED_EDGE('',*,*,#13891,.T.);
#14173 = ORIENTED_EDGE('',*,*,#13922,.T.);
#14174 = ORIENTED_EDGE('',*,*,#13953,.T.);
#14175 = ORIENTED_EDGE('',*,*,#13984,.T.);
#14176 = ORIENTED_EDGE('',*,*,#14015,.T.);
#14177 = ORIENTED_EDGE('',*,*,#14046,.T.);
#14178 = ORIENTED_EDGE('',*,*,#14077,.T.);
#14179 = ORIENTED_EDGE('',*,*,#14108,.T.);
#14180 = ORIENTED_EDGE('',*,*,#14130,.T.);
#14181 = PLANE('',#14182);
#14182 = AXIS2_PLACEMENT_3D('',#14183,#14184,#14185);
#14183 = CARTESIAN_POINT('',(61.495997480516,-78.44424837951,23.3162));
#14184 = DIRECTION('',(-0.,-0.,-1.));
#14185 = DIRECTION('',(-1.,0.,0.));
#14186 = ADVANCED_FACE('',(#14187),#14227,.F.);
#14187 = FACE_BOUND('',#14188,.F.);
#14188 = EDGE_LOOP('',(#14189,#14190,#14191,#14192,#14193,#14194,#14195,
    #14196,#14197,#14198,#14199,#14200,#14201,#14202,#14203,#14204,
    #14205,#14206,#14207,#14208,#14209,#14210,#14211,#14212,#14213,
    #14214,#14215,#14216,#14217,#14218,#14219,#14220,#14221,#14222,
    #14223,#14224,#14225,#14226));
#14189 = ORIENTED_EDGE('',*,*,#12976,.T.);
#14190 = ORIENTED_EDGE('',*,*,#13007,.T.);
#14191 = ORIENTED_EDGE('',*,*,#13038,.T.);
#14192 = ORIENTED_EDGE('',*,*,#13069,.T.);
#14193 = ORIENTED_EDGE('',*,*,#13100,.T.);
#14194 = ORIENTED_EDGE('',*,*,#13131,.T.);
#14195 = ORIENTED_EDGE('',*,*,#13162,.T.);
#14196 = ORIENTED_EDGE('',*,*,#13193,.T.);
#14197 = ORIENTED_EDGE('',*,*,#13224,.T.);
#14198 = ORIENTED_EDGE('',*,*,#13255,.T.);
#14199 = ORIENTED_EDGE('',*,*,#13286,.T.);
#14200 = ORIENTED_EDGE('',*,*,#13317,.T.);
#14201 = ORIENTED_EDGE('',*,*,#13348,.T.);
#14202 = ORIENTED_EDGE('',*,*,#13379,.T.);
#14203 = ORIENTED_EDGE('',*,*,#13410,.T.);
#14204 = ORIENTED_EDGE('',*,*,#13441,.T.);
#14205 = ORIENTED_EDGE('',*,*,#13472,.T.);
#14206 = ORIENTED_EDGE('',*,*,#13503,.T.);
#14207 = ORIENTED_EDGE('',*,*,#13534,.T.);
#14208 = ORIENTED_EDGE('',*,*,#13565,.T.);
#14209 = ORIENTED_EDGE('',*,*,#13596,.T.);
#14210 = ORIENTED_EDGE('',*,*,#13627,.T.);
#14211 = ORIENTED_EDGE('',*,*,#13658,.T.);
#14212 = ORIENTED_EDGE('',*,*,#13689,.T.);
#14213 = ORIENTED_EDGE('',*,*,#13720,.T.);
#14214 = ORIENTED_EDGE('',*,*,#13751,.T.);
#14215 = ORIENTED_EDGE('',*,*,#13782,.T.);
#14216 = ORIENTED_EDGE('',*,*,#13813,.T.);
#14217 = ORIENTED_EDGE('',*,*,#13844,.T.);
#14218 = ORIENTED_EDGE('',*,*,#13875,.T.);
#14219 = ORIENTED_EDGE('',*,*,#13906,.T.);
#14220 = ORIENTED_EDGE('',*,*,#13937,.T.);
#14221 = ORIENTED_EDGE('',*,*,#13968,.T.);
#14222 = ORIENTED_EDGE('',*,*,#13999,.T.);
#14223 = ORIENTED_EDGE('',*,*,#14030,.T.);
#14224 = ORIENTED_EDGE('',*,*,#14061,.T.);
#14225 = ORIENTED_EDGE('',*,*,#14092,.T.);
#14226 = ORIENTED_EDGE('',*,*,#14123,.T.);
#14227 = PLANE('',#14228);
#14228 = AXIS2_PLACEMENT_3D('',#14229,#14230,#14231);
#14229 = CARTESIAN_POINT('',(61.495997480516,-78.44424837951,24.5162));
#14230 = DIRECTION('',(-0.,-0.,-1.));
#14231 = DIRECTION('',(-1.,0.,0.));
#14232 = MANIFOLD_SOLID_BREP('',#14233);
#14233 = CLOSED_SHELL('',(#14234,#14274,#14305,#14336,#14367,#14398,
    #14429,#14460,#14491,#14522,#14553,#14584,#14615,#14646,#14668,
    #14690));
#14234 = ADVANCED_FACE('',(#14235),#14269,.T.);
#14235 = FACE_BOUND('',#14236,.T.);
#14236 = EDGE_LOOP('',(#14237,#14247,#14255,#14263));
#14237 = ORIENTED_EDGE('',*,*,#14238,.T.);
#14238 = EDGE_CURVE('',#14239,#14241,#14243,.T.);
#14239 = VERTEX_POINT('',#14240);
#14240 = CARTESIAN_POINT('',(62.597878076931,-86.97985496199,23.3162));
#14241 = VERTEX_POINT('',#14242);
#14242 = CARTESIAN_POINT('',(62.597878076931,-86.97985496199,24.5162));
#14243 = LINE('',#14244,#14245);
#14244 = CARTESIAN_POINT('',(62.597878076931,-86.97985496199,23.3162));
#14245 = VECTOR('',#14246,1.);
#14246 = DIRECTION('',(0.,0.,1.));
#14247 = ORIENTED_EDGE('',*,*,#14248,.T.);
#14248 = EDGE_CURVE('',#14241,#14249,#14251,.T.);
#14249 = VERTEX_POINT('',#14250);
#14250 = CARTESIAN_POINT('',(64.502606244132,-87.07831564886,24.5162));
#14251 = LINE('',#14252,#14253);
#14252 = CARTESIAN_POINT('',(62.597878076931,-86.97985496199,24.5162));
#14253 = VECTOR('',#14254,1.);
#14254 = DIRECTION('',(0.998666600126,-5.162384906272E-02,0.));
#14255 = ORIENTED_EDGE('',*,*,#14256,.F.);
#14256 = EDGE_CURVE('',#14257,#14249,#14259,.T.);
#14257 = VERTEX_POINT('',#14258);
#14258 = CARTESIAN_POINT('',(64.502606244132,-87.07831564886,23.3162));
#14259 = LINE('',#14260,#14261);
#14260 = CARTESIAN_POINT('',(64.502606244132,-87.07831564886,23.3162));
#14261 = VECTOR('',#14262,1.);
#14262 = DIRECTION('',(0.,0.,1.));
#14263 = ORIENTED_EDGE('',*,*,#14264,.F.);
#14264 = EDGE_CURVE('',#14239,#14257,#14265,.T.);
#14265 = LINE('',#14266,#14267);
#14266 = CARTESIAN_POINT('',(62.597878076931,-86.97985496199,23.3162));
#14267 = VECTOR('',#14268,1.);
#14268 = DIRECTION('',(0.998666600126,-5.162384906272E-02,0.));
#14269 = PLANE('',#14270);
#14270 = AXIS2_PLACEMENT_3D('',#14271,#14272,#14273);
#14271 = CARTESIAN_POINT('',(62.597878076931,-86.97985496199,23.3162));
#14272 = DIRECTION('',(5.162384906272E-02,0.998666600126,-0.));
#14273 = DIRECTION('',(0.998666600126,-5.162384906272E-02,0.));
#14274 = ADVANCED_FACE('',(#14275),#14300,.T.);
#14275 = FACE_BOUND('',#14276,.T.);
#14276 = EDGE_LOOP('',(#14277,#14278,#14286,#14294));
#14277 = ORIENTED_EDGE('',*,*,#14256,.T.);
#14278 = ORIENTED_EDGE('',*,*,#14279,.T.);
#14279 = EDGE_CURVE('',#14249,#14280,#14282,.T.);
#14280 = VERTEX_POINT('',#14281);
#14281 = CARTESIAN_POINT('',(64.718410171715,-87.18517898527,24.5162));
#14282 = LINE('',#14283,#14284);
#14283 = CARTESIAN_POINT('',(64.502606244132,-87.07831564886,24.5162));
#14284 = VECTOR('',#14285,1.);
#14285 = DIRECTION('',(0.896145734195,-0.44375987097,0.));
#14286 = ORIENTED_EDGE('',*,*,#14287,.F.);
#14287 = EDGE_CURVE('',#14288,#14280,#14290,.T.);
#14288 = VERTEX_POINT('',#14289);
#14289 = CARTESIAN_POINT('',(64.718410171715,-87.18517898527,23.3162));
#14290 = LINE('',#14291,#14292);
#14291 = CARTESIAN_POINT('',(64.718410171715,-87.18517898527,23.3162));
#14292 = VECTOR('',#14293,1.);
#14293 = DIRECTION('',(0.,0.,1.));
#14294 = ORIENTED_EDGE('',*,*,#14295,.F.);
#14295 = EDGE_CURVE('',#14257,#14288,#14296,.T.);
#14296 = LINE('',#14297,#14298);
#14297 = CARTESIAN_POINT('',(64.502606244132,-87.07831564886,23.3162));
#14298 = VECTOR('',#14299,1.);
#14299 = DIRECTION('',(0.896145734195,-0.44375987097,0.));
#14300 = PLANE('',#14301);
#14301 = AXIS2_PLACEMENT_3D('',#14302,#14303,#14304);
#14302 = CARTESIAN_POINT('',(64.502606244132,-87.07831564886,23.3162));
#14303 = DIRECTION('',(0.44375987097,0.896145734195,-0.));
#14304 = DIRECTION('',(0.896145734195,-0.44375987097,0.));
#14305 = ADVANCED_FACE('',(#14306),#14331,.T.);
#14306 = FACE_BOUND('',#14307,.T.);
#14307 = EDGE_LOOP('',(#14308,#14309,#14317,#14325));
#14308 = ORIENTED_EDGE('',*,*,#14287,.T.);
#14309 = ORIENTED_EDGE('',*,*,#14310,.T.);
#14310 = EDGE_CURVE('',#14280,#14311,#14313,.T.);
#14311 = VERTEX_POINT('',#14312);
#14312 = CARTESIAN_POINT('',(64.768783421674,-87.34820113055,24.5162));
#14313 = LINE('',#14314,#14315);
#14314 = CARTESIAN_POINT('',(64.718410171715,-87.18517898527,24.5162));
#14315 = VECTOR('',#14316,1.);
#14316 = DIRECTION('',(0.295223815107,-0.955428123405,0.));
#14317 = ORIENTED_EDGE('',*,*,#14318,.F.);
#14318 = EDGE_CURVE('',#14319,#14311,#14321,.T.);
#14319 = VERTEX_POINT('',#14320);
#14320 = CARTESIAN_POINT('',(64.768783421674,-87.34820113055,23.3162));
#14321 = LINE('',#14322,#14323);
#14322 = CARTESIAN_POINT('',(64.768783421674,-87.34820113055,23.3162));
#14323 = VECTOR('',#14324,1.);
#14324 = DIRECTION('',(0.,0.,1.));
#14325 = ORIENTED_EDGE('',*,*,#14326,.F.);
#14326 = EDGE_CURVE('',#14288,#14319,#14327,.T.);
#14327 = LINE('',#14328,#14329);
#14328 = CARTESIAN_POINT('',(64.718410171715,-87.18517898527,23.3162));
#14329 = VECTOR('',#14330,1.);
#14330 = DIRECTION('',(0.295223815107,-0.955428123405,0.));
#14331 = PLANE('',#14332);
#14332 = AXIS2_PLACEMENT_3D('',#14333,#14334,#14335);
#14333 = CARTESIAN_POINT('',(64.718410171715,-87.18517898527,23.3162));
#14334 = DIRECTION('',(0.955428123405,0.295223815107,-0.));
#14335 = DIRECTION('',(0.295223815107,-0.955428123405,0.));
#14336 = ADVANCED_FACE('',(#14337),#14362,.T.);
#14337 = FACE_BOUND('',#14338,.T.);
#14338 = EDGE_LOOP('',(#14339,#14340,#14348,#14356));
#14339 = ORIENTED_EDGE('',*,*,#14318,.T.);
#14340 = ORIENTED_EDGE('',*,*,#14341,.T.);
#14341 = EDGE_CURVE('',#14311,#14342,#14344,.T.);
#14342 = VERTEX_POINT('',#14343);
#14343 = CARTESIAN_POINT('',(64.691220979985,-87.47975295852,24.5162));
#14344 = LINE('',#14345,#14346);
#14345 = CARTESIAN_POINT('',(64.768783421674,-87.34820113055,24.5162));
#14346 = VECTOR('',#14347,1.);
#14347 = DIRECTION('',(-0.507890736662,-0.861421499391,0.));
#14348 = ORIENTED_EDGE('',*,*,#14349,.F.);
#14349 = EDGE_CURVE('',#14350,#14342,#14352,.T.);
#14350 = VERTEX_POINT('',#14351);
#14351 = CARTESIAN_POINT('',(64.691220979985,-87.47975295852,23.3162));
#14352 = LINE('',#14353,#14354);
#14353 = CARTESIAN_POINT('',(64.691220979985,-87.47975295852,23.3162));
#14354 = VECTOR('',#14355,1.);
#14355 = DIRECTION('',(0.,0.,1.));
#14356 = ORIENTED_EDGE('',*,*,#14357,.F.);
#14357 = EDGE_CURVE('',#14319,#14350,#14358,.T.);
#14358 = LINE('',#14359,#14360);
#14359 = CARTESIAN_POINT('',(64.768783421674,-87.34820113055,23.3162));
#14360 = VECTOR('',#14361,1.);
#14361 = DIRECTION('',(-0.507890736662,-0.861421499391,0.));
#14362 = PLANE('',#14363);
#14363 = AXIS2_PLACEMENT_3D('',#14364,#14365,#14366);
#14364 = CARTESIAN_POINT('',(64.768783421674,-87.34820113055,23.3162));
#14365 = DIRECTION('',(0.861421499391,-0.507890736662,0.));
#14366 = DIRECTION('',(-0.507890736662,-0.861421499391,0.));
#14367 = ADVANCED_FACE('',(#14368),#14393,.T.);
#14368 = FACE_BOUND('',#14369,.T.);
#14369 = EDGE_LOOP('',(#14370,#14371,#14379,#14387));
#14370 = ORIENTED_EDGE('',*,*,#14349,.T.);
#14371 = ORIENTED_EDGE('',*,*,#14372,.T.);
#14372 = EDGE_CURVE('',#14342,#14373,#14375,.T.);
#14373 = VERTEX_POINT('',#14374);
#14374 = CARTESIAN_POINT('',(64.495465655461,-87.56090367471,24.5162));
#14375 = LINE('',#14376,#14377);
#14376 = CARTESIAN_POINT('',(64.691220979985,-87.47975295852,24.5162));
#14377 = VECTOR('',#14378,1.);
#14378 = DIRECTION('',(-0.923769034985,-0.382950088136,0.));
#14379 = ORIENTED_EDGE('',*,*,#14380,.F.);
#14380 = EDGE_CURVE('',#14381,#14373,#14383,.T.);
#14381 = VERTEX_POINT('',#14382);
#14382 = CARTESIAN_POINT('',(64.495465655461,-87.56090367471,23.3162));
#14383 = LINE('',#14384,#14385);
#14384 = CARTESIAN_POINT('',(64.495465655461,-87.56090367471,23.3162));
#14385 = VECTOR('',#14386,1.);
#14386 = DIRECTION('',(0.,0.,1.));
#14387 = ORIENTED_EDGE('',*,*,#14388,.F.);
#14388 = EDGE_CURVE('',#14350,#14381,#14389,.T.);
#14389 = LINE('',#14390,#14391);
#14390 = CARTESIAN_POINT('',(64.691220979985,-87.47975295852,23.3162));
#14391 = VECTOR('',#14392,1.);
#14392 = DIRECTION('',(-0.923769034985,-0.382950088136,0.));
#14393 = PLANE('',#14394);
#14394 = AXIS2_PLACEMENT_3D('',#14395,#14396,#14397);
#14395 = CARTESIAN_POINT('',(64.691220979985,-87.47975295852,23.3162));
#14396 = DIRECTION('',(0.382950088136,-0.923769034985,0.));
#14397 = DIRECTION('',(-0.923769034985,-0.382950088136,0.));
#14398 = ADVANCED_FACE('',(#14399),#14424,.T.);
#14399 = FACE_BOUND('',#14400,.T.);
#14400 = EDGE_LOOP('',(#14401,#14402,#14410,#14418));
#14401 = ORIENTED_EDGE('',*,*,#14380,.T.);
#14402 = ORIENTED_EDGE('',*,*,#14403,.T.);
#14403 = EDGE_CURVE('',#14373,#14404,#14406,.T.);
#14404 = VERTEX_POINT('',#14405);
#14405 = CARTESIAN_POINT('',(64.023775675175,-87.61422327105,24.5162));
#14406 = LINE('',#14407,#14408);
#14407 = CARTESIAN_POINT('',(64.495465655461,-87.56090367471,24.5162));
#14408 = VECTOR('',#14409,1.);
#14409 = DIRECTION('',(-0.993671619996,-0.112324136383,0.));
#14410 = ORIENTED_EDGE('',*,*,#14411,.F.);
#14411 = EDGE_CURVE('',#14412,#14404,#14414,.T.);
#14412 = VERTEX_POINT('',#14413);
#14413 = CARTESIAN_POINT('',(64.023775675175,-87.61422327105,23.3162));
#14414 = LINE('',#14415,#14416);
#14415 = CARTESIAN_POINT('',(64.023775675175,-87.61422327105,23.3162));
#14416 = VECTOR('',#14417,1.);
#14417 = DIRECTION('',(0.,0.,1.));
#14418 = ORIENTED_EDGE('',*,*,#14419,.F.);
#14419 = EDGE_CURVE('',#14381,#14412,#14420,.T.);
#14420 = LINE('',#14421,#14422);
#14421 = CARTESIAN_POINT('',(64.495465655461,-87.56090367471,23.3162));
#14422 = VECTOR('',#14423,1.);
#14423 = DIRECTION('',(-0.993671619996,-0.112324136383,0.));
#14424 = PLANE('',#14425);
#14425 = AXIS2_PLACEMENT_3D('',#14426,#14427,#14428);
#14426 = CARTESIAN_POINT('',(64.495465655461,-87.56090367471,23.3162));
#14427 = DIRECTION('',(0.112324136383,-0.993671619996,0.));
#14428 = DIRECTION('',(-0.993671619996,-0.112324136383,0.));
#14429 = ADVANCED_FACE('',(#14430),#14455,.T.);
#14430 = FACE_BOUND('',#14431,.T.);
#14431 = EDGE_LOOP('',(#14432,#14433,#14441,#14449));
#14432 = ORIENTED_EDGE('',*,*,#14411,.T.);
#14433 = ORIENTED_EDGE('',*,*,#14434,.T.);
#14434 = EDGE_CURVE('',#14404,#14435,#14437,.T.);
#14435 = VERTEX_POINT('',#14436);
#14436 = CARTESIAN_POINT('',(61.480097522014,-87.66720792475,24.5162));
#14437 = LINE('',#14438,#14439);
#14438 = CARTESIAN_POINT('',(64.023775675175,-87.61422327105,24.5162));
#14439 = VECTOR('',#14440,1.);
#14440 = DIRECTION('',(-0.999783127449,-2.082541878273E-02,0.));
#14441 = ORIENTED_EDGE('',*,*,#14442,.F.);
#14442 = EDGE_CURVE('',#14443,#14435,#14445,.T.);
#14443 = VERTEX_POINT('',#14444);
#14444 = CARTESIAN_POINT('',(61.480097522014,-87.66720792475,23.3162));
#14445 = LINE('',#14446,#14447);
#14446 = CARTESIAN_POINT('',(61.480097522014,-87.66720792475,23.3162));
#14447 = VECTOR('',#14448,1.);
#14448 = DIRECTION('',(0.,0.,1.));
#14449 = ORIENTED_EDGE('',*,*,#14450,.F.);
#14450 = EDGE_CURVE('',#14412,#14443,#14451,.T.);
#14451 = LINE('',#14452,#14453);
#14452 = CARTESIAN_POINT('',(64.023775675175,-87.61422327105,23.3162));
#14453 = VECTOR('',#14454,1.);
#14454 = DIRECTION('',(-0.999783127449,-2.082541878273E-02,0.));
#14455 = PLANE('',#14456);
#14456 = AXIS2_PLACEMENT_3D('',#14457,#14458,#14459);
#14457 = CARTESIAN_POINT('',(64.023775675175,-87.61422327105,23.3162));
#14458 = DIRECTION('',(2.082541878273E-02,-0.999783127449,0.));
#14459 = DIRECTION('',(-0.999783127449,-2.082541878273E-02,0.));
#14460 = ADVANCED_FACE('',(#14461),#14486,.T.);
#14461 = FACE_BOUND('',#14462,.T.);
#14462 = EDGE_LOOP('',(#14463,#14464,#14472,#14480));
#14463 = ORIENTED_EDGE('',*,*,#14442,.T.);
#14464 = ORIENTED_EDGE('',*,*,#14465,.T.);
#14465 = EDGE_CURVE('',#14435,#14466,#14468,.T.);
#14466 = VERTEX_POINT('',#14467);
#14467 = CARTESIAN_POINT('',(58.82740621746,-87.60618753216,24.5162));
#14468 = LINE('',#14469,#14470);
#14469 = CARTESIAN_POINT('',(61.480097522014,-87.66720792475,24.5162));
#14470 = VECTOR('',#14471,1.);
#14471 = DIRECTION('',(-0.999735531313,2.299711787319E-02,0.));
#14472 = ORIENTED_EDGE('',*,*,#14473,.F.);
#14473 = EDGE_CURVE('',#14474,#14466,#14476,.T.);
#14474 = VERTEX_POINT('',#14475);
#14475 = CARTESIAN_POINT('',(58.82740621746,-87.60618753216,23.3162));
#14476 = LINE('',#14477,#14478);
#14477 = CARTESIAN_POINT('',(58.82740621746,-87.60618753216,23.3162));
#14478 = VECTOR('',#14479,1.);
#14479 = DIRECTION('',(0.,0.,1.));
#14480 = ORIENTED_EDGE('',*,*,#14481,.F.);
#14481 = EDGE_CURVE('',#14443,#14474,#14482,.T.);
#14482 = LINE('',#14483,#14484);
#14483 = CARTESIAN_POINT('',(61.480097522014,-87.66720792475,23.3162));
#14484 = VECTOR('',#14485,1.);
#14485 = DIRECTION('',(-0.999735531313,2.299711787319E-02,0.));
#14486 = PLANE('',#14487);
#14487 = AXIS2_PLACEMENT_3D('',#14488,#14489,#14490);
#14488 = CARTESIAN_POINT('',(61.480097522014,-87.66720792475,23.3162));
#14489 = DIRECTION('',(-2.299711787319E-02,-0.999735531313,0.));
#14490 = DIRECTION('',(-0.999735531313,2.299711787319E-02,0.));
#14491 = ADVANCED_FACE('',(#14492),#14517,.T.);
#14492 = FACE_BOUND('',#14493,.T.);
#14493 = EDGE_LOOP('',(#14494,#14495,#14503,#14511));
#14494 = ORIENTED_EDGE('',*,*,#14473,.T.);
#14495 = ORIENTED_EDGE('',*,*,#14496,.T.);
#14496 = EDGE_CURVE('',#14466,#14497,#14499,.T.);
#14497 = VERTEX_POINT('',#14498);
#14498 = CARTESIAN_POINT('',(58.399046730379,-87.54437390963,24.5162));
#14499 = LINE('',#14500,#14501);
#14500 = CARTESIAN_POINT('',(58.82740621746,-87.60618753216,24.5162));
#14501 = VECTOR('',#14502,1.);
#14502 = DIRECTION('',(-0.989748134746,0.142823771716,0.));
#14503 = ORIENTED_EDGE('',*,*,#14504,.F.);
#14504 = EDGE_CURVE('',#14505,#14497,#14507,.T.);
#14505 = VERTEX_POINT('',#14506);
#14506 = CARTESIAN_POINT('',(58.399046730379,-87.54437390963,23.3162));
#14507 = LINE('',#14508,#14509);
#14508 = CARTESIAN_POINT('',(58.399046730379,-87.54437390963,23.3162));
#14509 = VECTOR('',#14510,1.);
#14510 = DIRECTION('',(0.,0.,1.));
#14511 = ORIENTED_EDGE('',*,*,#14512,.F.);
#14512 = EDGE_CURVE('',#14474,#14505,#14513,.T.);
#14513 = LINE('',#14514,#14515);
#14514 = CARTESIAN_POINT('',(58.82740621746,-87.60618753216,23.3162));
#14515 = VECTOR('',#14516,1.);
#14516 = DIRECTION('',(-0.989748134746,0.142823771716,0.));
#14517 = PLANE('',#14518);
#14518 = AXIS2_PLACEMENT_3D('',#14519,#14520,#14521);
#14519 = CARTESIAN_POINT('',(58.82740621746,-87.60618753216,23.3162));
#14520 = DIRECTION('',(-0.142823771716,-0.989748134746,0.));
#14521 = DIRECTION('',(-0.989748134746,0.142823771716,0.));
#14522 = ADVANCED_FACE('',(#14523),#14548,.T.);
#14523 = FACE_BOUND('',#14524,.T.);
#14524 = EDGE_LOOP('',(#14525,#14526,#14534,#14542));
#14525 = ORIENTED_EDGE('',*,*,#14504,.T.);
#14526 = ORIENTED_EDGE('',*,*,#14527,.T.);
#14527 = EDGE_CURVE('',#14497,#14528,#14530,.T.);
#14528 = VERTEX_POINT('',#14529);
#14529 = CARTESIAN_POINT('',(58.244243074656,-87.45500356657,24.5162));
#14530 = LINE('',#14531,#14532);
#14531 = CARTESIAN_POINT('',(58.399046730379,-87.54437390963,24.5162));
#14532 = VECTOR('',#14533,1.);
#14533 = DIRECTION('',(-0.866038943188,0.499976548332,0.));
#14534 = ORIENTED_EDGE('',*,*,#14535,.F.);
#14535 = EDGE_CURVE('',#14536,#14528,#14538,.T.);
#14536 = VERTEX_POINT('',#14537);
#14537 = CARTESIAN_POINT('',(58.244243074656,-87.45500356657,23.3162));
#14538 = LINE('',#14539,#14540);
#14539 = CARTESIAN_POINT('',(58.244243074656,-87.45500356657,23.3162));
#14540 = VECTOR('',#14541,1.);
#14541 = DIRECTION('',(0.,0.,1.));
#14542 = ORIENTED_EDGE('',*,*,#14543,.F.);
#14543 = EDGE_CURVE('',#14505,#14536,#14544,.T.);
#14544 = LINE('',#14545,#14546);
#14545 = CARTESIAN_POINT('',(58.399046730379,-87.54437390963,23.3162));
#14546 = VECTOR('',#14547,1.);
#14547 = DIRECTION('',(-0.866038943188,0.499976548332,0.));
#14548 = PLANE('',#14549);
#14549 = AXIS2_PLACEMENT_3D('',#14550,#14551,#14552);
#14550 = CARTESIAN_POINT('',(58.399046730379,-87.54437390963,23.3162));
#14551 = DIRECTION('',(-0.499976548332,-0.866038943188,0.));
#14552 = DIRECTION('',(-0.866038943188,0.499976548332,0.));
#14553 = ADVANCED_FACE('',(#14554),#14579,.T.);
#14554 = FACE_BOUND('',#14555,.T.);
#14555 = EDGE_LOOP('',(#14556,#14557,#14565,#14573));
#14556 = ORIENTED_EDGE('',*,*,#14535,.T.);
#14557 = ORIENTED_EDGE('',*,*,#14558,.T.);
#14558 = EDGE_CURVE('',#14528,#14559,#14561,.T.);
#14559 = VERTEX_POINT('',#14560);
#14560 = CARTESIAN_POINT('',(58.192189434645,-87.33105597933,24.5162));
#14561 = LINE('',#14562,#14563);
#14562 = CARTESIAN_POINT('',(58.244243074656,-87.45500356657,24.5162));
#14563 = VECTOR('',#14564,1.);
#14564 = DIRECTION('',(-0.387204999682,0.921993648688,0.));
#14565 = ORIENTED_EDGE('',*,*,#14566,.F.);
#14566 = EDGE_CURVE('',#14567,#14559,#14569,.T.);
#14567 = VERTEX_POINT('',#14568);
#14568 = CARTESIAN_POINT('',(58.192189434645,-87.33105597933,23.3162));
#14569 = LINE('',#14570,#14571);
#14570 = CARTESIAN_POINT('',(58.192189434645,-87.33105597933,23.3162));
#14571 = VECTOR('',#14572,1.);
#14572 = DIRECTION('',(0.,0.,1.));
#14573 = ORIENTED_EDGE('',*,*,#14574,.F.);
#14574 = EDGE_CURVE('',#14536,#14567,#14575,.T.);
#14575 = LINE('',#14576,#14577);
#14576 = CARTESIAN_POINT('',(58.244243074656,-87.45500356657,23.3162));
#14577 = VECTOR('',#14578,1.);
#14578 = DIRECTION('',(-0.387204999682,0.921993648688,0.));
#14579 = PLANE('',#14580);
#14580 = AXIS2_PLACEMENT_3D('',#14581,#14582,#14583);
#14581 = CARTESIAN_POINT('',(58.244243074656,-87.45500356657,23.3162));
#14582 = DIRECTION('',(-0.921993648688,-0.387204999682,0.));
#14583 = DIRECTION('',(-0.387204999682,0.921993648688,0.));
#14584 = ADVANCED_FACE('',(#14585),#14610,.T.);
#14585 = FACE_BOUND('',#14586,.T.);
#14586 = EDGE_LOOP('',(#14587,#14588,#14596,#14604));
#14587 = ORIENTED_EDGE('',*,*,#14566,.T.);
#14588 = ORIENTED_EDGE('',*,*,#14589,.T.);
#14589 = EDGE_CURVE('',#14559,#14590,#14592,.T.);
#14590 = VERTEX_POINT('',#14591);
#14591 = CARTESIAN_POINT('',(58.32283295813,-87.13239339432,24.5162));
#14592 = LINE('',#14593,#14594);
#14593 = CARTESIAN_POINT('',(58.192189434645,-87.33105597933,24.5162));
#14594 = VECTOR('',#14595,1.);
#14595 = DIRECTION('',(0.54945344905,0.835524330781,0.));
#14596 = ORIENTED_EDGE('',*,*,#14597,.F.);
#14597 = EDGE_CURVE('',#14598,#14590,#14600,.T.);
#14598 = VERTEX_POINT('',#14599);
#14599 = CARTESIAN_POINT('',(58.32283295813,-87.13239339432,23.3162));
#14600 = LINE('',#14601,#14602);
#14601 = CARTESIAN_POINT('',(58.32283295813,-87.13239339432,23.3162));
#14602 = VECTOR('',#14603,1.);
#14603 = DIRECTION('',(0.,0.,1.));
#14604 = ORIENTED_EDGE('',*,*,#14605,.F.);
#14605 = EDGE_CURVE('',#14567,#14598,#14606,.T.);
#14606 = LINE('',#14607,#14608);
#14607 = CARTESIAN_POINT('',(58.192189434645,-87.33105597933,23.3162));
#14608 = VECTOR('',#14609,1.);
#14609 = DIRECTION('',(0.54945344905,0.835524330781,0.));
#14610 = PLANE('',#14611);
#14611 = AXIS2_PLACEMENT_3D('',#14612,#14613,#14614);
#14612 = CARTESIAN_POINT('',(58.192189434645,-87.33105597933,23.3162));
#14613 = DIRECTION('',(-0.835524330781,0.54945344905,0.));
#14614 = DIRECTION('',(0.54945344905,0.835524330781,0.));
#14615 = ADVANCED_FACE('',(#14616),#14641,.T.);
#14616 = FACE_BOUND('',#14617,.T.);
#14617 = EDGE_LOOP('',(#14618,#14619,#14627,#14635));
#14618 = ORIENTED_EDGE('',*,*,#14597,.T.);
#14619 = ORIENTED_EDGE('',*,*,#14620,.T.);
#14620 = EDGE_CURVE('',#14590,#14621,#14623,.T.);
#14621 = VERTEX_POINT('',#14622);
#14622 = CARTESIAN_POINT('',(58.938883288932,-87.02596726517,24.5162));
#14623 = LINE('',#14624,#14625);
#14624 = CARTESIAN_POINT('',(58.32283295813,-87.13239339432,24.5162));
#14625 = VECTOR('',#14626,1.);
#14626 = DIRECTION('',(0.985403670002,0.170233977652,0.));
#14627 = ORIENTED_EDGE('',*,*,#14628,.F.);
#14628 = EDGE_CURVE('',#14629,#14621,#14631,.T.);
#14629 = VERTEX_POINT('',#14630);
#14630 = CARTESIAN_POINT('',(58.938883288932,-87.02596726517,23.3162));
#14631 = LINE('',#14632,#14633);
#14632 = CARTESIAN_POINT('',(58.938883288932,-87.02596726517,23.3162));
#14633 = VECTOR('',#14634,1.);
#14634 = DIRECTION('',(0.,0.,1.));
#14635 = ORIENTED_EDGE('',*,*,#14636,.F.);
#14636 = EDGE_CURVE('',#14598,#14629,#14637,.T.);
#14637 = LINE('',#14638,#14639);
#14638 = CARTESIAN_POINT('',(58.32283295813,-87.13239339432,23.3162));
#14639 = VECTOR('',#14640,1.);
#14640 = DIRECTION('',(0.985403670002,0.170233977652,0.));
#14641 = PLANE('',#14642);
#14642 = AXIS2_PLACEMENT_3D('',#14643,#14644,#14645);
#14643 = CARTESIAN_POINT('',(58.32283295813,-87.13239339432,23.3162));
#14644 = DIRECTION('',(-0.170233977652,0.985403670002,0.));
#14645 = DIRECTION('',(0.985403670002,0.170233977652,0.));
#14646 = ADVANCED_FACE('',(#14647),#14663,.T.);
#14647 = FACE_BOUND('',#14648,.T.);
#14648 = EDGE_LOOP('',(#14649,#14650,#14656,#14657));
#14649 = ORIENTED_EDGE('',*,*,#14628,.T.);
#14650 = ORIENTED_EDGE('',*,*,#14651,.T.);
#14651 = EDGE_CURVE('',#14621,#14241,#14652,.T.);
#14652 = LINE('',#14653,#14654);
#14653 = CARTESIAN_POINT('',(58.938883288932,-87.02596726517,24.5162));
#14654 = VECTOR('',#14655,1.);
#14655 = DIRECTION('',(0.99992059857,1.260145052691E-02,0.));
#14656 = ORIENTED_EDGE('',*,*,#14238,.F.);
#14657 = ORIENTED_EDGE('',*,*,#14658,.F.);
#14658 = EDGE_CURVE('',#14629,#14239,#14659,.T.);
#14659 = LINE('',#14660,#14661);
#14660 = CARTESIAN_POINT('',(58.938883288932,-87.02596726517,23.3162));
#14661 = VECTOR('',#14662,1.);
#14662 = DIRECTION('',(0.99992059857,1.260145052691E-02,0.));
#14663 = PLANE('',#14664);
#14664 = AXIS2_PLACEMENT_3D('',#14665,#14666,#14667);
#14665 = CARTESIAN_POINT('',(58.938883288932,-87.02596726517,23.3162));
#14666 = DIRECTION('',(-1.260145052691E-02,0.99992059857,0.));
#14667 = DIRECTION('',(0.99992059857,1.260145052691E-02,0.));
#14668 = ADVANCED_FACE('',(#14669),#14685,.T.);
#14669 = FACE_BOUND('',#14670,.T.);
#14670 = EDGE_LOOP('',(#14671,#14672,#14673,#14674,#14675,#14676,#14677,
    #14678,#14679,#14680,#14681,#14682,#14683,#14684));
#14671 = ORIENTED_EDGE('',*,*,#14264,.T.);
#14672 = ORIENTED_EDGE('',*,*,#14295,.T.);
#14673 = ORIENTED_EDGE('',*,*,#14326,.T.);
#14674 = ORIENTED_EDGE('',*,*,#14357,.T.);
#14675 = ORIENTED_EDGE('',*,*,#14388,.T.);
#14676 = ORIENTED_EDGE('',*,*,#14419,.T.);
#14677 = ORIENTED_EDGE('',*,*,#14450,.T.);
#14678 = ORIENTED_EDGE('',*,*,#14481,.T.);
#14679 = ORIENTED_EDGE('',*,*,#14512,.T.);
#14680 = ORIENTED_EDGE('',*,*,#14543,.T.);
#14681 = ORIENTED_EDGE('',*,*,#14574,.T.);
#14682 = ORIENTED_EDGE('',*,*,#14605,.T.);
#14683 = ORIENTED_EDGE('',*,*,#14636,.T.);
#14684 = ORIENTED_EDGE('',*,*,#14658,.T.);
#14685 = PLANE('',#14686);
#14686 = AXIS2_PLACEMENT_3D('',#14687,#14688,#14689);
#14687 = CARTESIAN_POINT('',(61.484154511456,-87.32377187488,23.3162));
#14688 = DIRECTION('',(-0.,-0.,-1.));
#14689 = DIRECTION('',(-1.,0.,0.));
#14690 = ADVANCED_FACE('',(#14691),#14707,.F.);
#14691 = FACE_BOUND('',#14692,.F.);
#14692 = EDGE_LOOP('',(#14693,#14694,#14695,#14696,#14697,#14698,#14699,
    #14700,#14701,#14702,#14703,#14704,#14705,#14706));
#14693 = ORIENTED_EDGE('',*,*,#14248,.T.);
#14694 = ORIENTED_EDGE('',*,*,#14279,.T.);
#14695 = ORIENTED_EDGE('',*,*,#14310,.T.);
#14696 = ORIENTED_EDGE('',*,*,#14341,.T.);
#14697 = ORIENTED_EDGE('',*,*,#14372,.T.);
#14698 = ORIENTED_EDGE('',*,*,#14403,.T.);
#14699 = ORIENTED_EDGE('',*,*,#14434,.T.);
#14700 = ORIENTED_EDGE('',*,*,#14465,.T.);
#14701 = ORIENTED_EDGE('',*,*,#14496,.T.);
#14702 = ORIENTED_EDGE('',*,*,#14527,.T.);
#14703 = ORIENTED_EDGE('',*,*,#14558,.T.);
#14704 = ORIENTED_EDGE('',*,*,#14589,.T.);
#14705 = ORIENTED_EDGE('',*,*,#14620,.T.);
#14706 = ORIENTED_EDGE('',*,*,#14651,.T.);
#14707 = PLANE('',#14708);
#14708 = AXIS2_PLACEMENT_3D('',#14709,#14710,#14711);
#14709 = CARTESIAN_POINT('',(61.484154511456,-87.32377187488,24.5162));
#14710 = DIRECTION('',(-0.,-0.,-1.));
#14711 = DIRECTION('',(-1.,0.,0.));
#14712 = MANIFOLD_SOLID_BREP('',#14713);
#14713 = CLOSED_SHELL('',(#14714,#14754,#14785,#14816,#14847,#14878,
    #14909,#14940,#14971,#15002,#15033,#15064,#15086,#15106));
#14714 = ADVANCED_FACE('',(#14715),#14749,.T.);
#14715 = FACE_BOUND('',#14716,.T.);
#14716 = EDGE_LOOP('',(#14717,#14727,#14735,#14743));
#14717 = ORIENTED_EDGE('',*,*,#14718,.T.);
#14718 = EDGE_CURVE('',#14719,#14721,#14723,.T.);
#14719 = VERTEX_POINT('',#14720);
#14720 = CARTESIAN_POINT('',(62.922494425931,-75.08280382525,23.3162));
#14721 = VERTEX_POINT('',#14722);
#14722 = CARTESIAN_POINT('',(62.922494425931,-75.08280382525,24.5162));
#14723 = LINE('',#14724,#14725);
#14724 = CARTESIAN_POINT('',(62.922494425931,-75.08280382525,23.3162));
#14725 = VECTOR('',#14726,1.);
#14726 = DIRECTION('',(0.,0.,1.));
#14727 = ORIENTED_EDGE('',*,*,#14728,.T.);
#14728 = EDGE_CURVE('',#14721,#14729,#14731,.T.);
#14729 = VERTEX_POINT('',#14730);
#14730 = CARTESIAN_POINT('',(64.545973797264,-75.16008542633,24.5162));
#14731 = LINE('',#14732,#14733);
#14732 = CARTESIAN_POINT('',(62.922494425931,-75.08280382525,24.5162));
#14733 = VECTOR('',#14734,1.);
#14734 = DIRECTION('',(0.99886892511,-4.754861143352E-02,0.));
#14735 = ORIENTED_EDGE('',*,*,#14736,.F.);
#14736 = EDGE_CURVE('',#14737,#14729,#14739,.T.);
#14737 = VERTEX_POINT('',#14738);
#14738 = CARTESIAN_POINT('',(64.545973797264,-75.16008542633,23.3162));
#14739 = LINE('',#14740,#14741);
#14740 = CARTESIAN_POINT('',(64.545973797264,-75.16008542633,23.3162));
#14741 = VECTOR('',#14742,1.);
#14742 = DIRECTION('',(0.,0.,1.));
#14743 = ORIENTED_EDGE('',*,*,#14744,.F.);
#14744 = EDGE_CURVE('',#14719,#14737,#14745,.T.);
#14745 = LINE('',#14746,#14747);
#14746 = CARTESIAN_POINT('',(62.922494425931,-75.08280382525,23.3162));
#14747 = VECTOR('',#14748,1.);
#14748 = DIRECTION('',(0.99886892511,-4.754861143352E-02,0.));
#14749 = PLANE('',#14750);
#14750 = AXIS2_PLACEMENT_3D('',#14751,#14752,#14753);
#14751 = CARTESIAN_POINT('',(62.922494425931,-75.08280382525,23.3162));
#14752 = DIRECTION('',(4.754861143352E-02,0.99886892511,-0.));
#14753 = DIRECTION('',(0.99886892511,-4.754861143352E-02,0.));
#14754 = ADVANCED_FACE('',(#14755),#14780,.T.);
#14755 = FACE_BOUND('',#14756,.T.);
#14756 = EDGE_LOOP('',(#14757,#14758,#14766,#14774));
#14757 = ORIENTED_EDGE('',*,*,#14736,.T.);
#14758 = ORIENTED_EDGE('',*,*,#14759,.T.);
#14759 = EDGE_CURVE('',#14729,#14760,#14762,.T.);
#14760 = VERTEX_POINT('',#14761);
#14761 = CARTESIAN_POINT('',(64.781026187214,-75.27509522008,24.5162));
#14762 = LINE('',#14763,#14764);
#14763 = CARTESIAN_POINT('',(64.545973797264,-75.16008542633,24.5162));
#14764 = VECTOR('',#14765,1.);
#14765 = DIRECTION('',(0.898240625347,-0.439504014745,0.));
#14766 = ORIENTED_EDGE('',*,*,#14767,.F.);
#14767 = EDGE_CURVE('',#14768,#14760,#14770,.T.);
#14768 = VERTEX_POINT('',#14769);
#14769 = CARTESIAN_POINT('',(64.781026187214,-75.27509522008,23.3162));
#14770 = LINE('',#14771,#14772);
#14771 = CARTESIAN_POINT('',(64.781026187214,-75.27509522008,23.3162));
#14772 = VECTOR('',#14773,1.);
#14773 = DIRECTION('',(0.,0.,1.));
#14774 = ORIENTED_EDGE('',*,*,#14775,.F.);
#14775 = EDGE_CURVE('',#14737,#14768,#14776,.T.);
#14776 = LINE('',#14777,#14778);
#14777 = CARTESIAN_POINT('',(64.545973797264,-75.16008542633,23.3162));
#14778 = VECTOR('',#14779,1.);
#14779 = DIRECTION('',(0.898240625347,-0.439504014745,0.));
#14780 = PLANE('',#14781);
#14781 = AXIS2_PLACEMENT_3D('',#14782,#14783,#14784);
#14782 = CARTESIAN_POINT('',(64.545973797264,-75.16008542633,23.3162));
#14783 = DIRECTION('',(0.439504014745,0.898240625347,-0.));
#14784 = DIRECTION('',(0.898240625347,-0.439504014745,0.));
#14785 = ADVANCED_FACE('',(#14786),#14811,.T.);
#14786 = FACE_BOUND('',#14787,.T.);
#14787 = EDGE_LOOP('',(#14788,#14789,#14797,#14805));
#14788 = ORIENTED_EDGE('',*,*,#14767,.T.);
#14789 = ORIENTED_EDGE('',*,*,#14790,.T.);
#14790 = EDGE_CURVE('',#14760,#14791,#14793,.T.);
#14791 = VERTEX_POINT('',#14792);
#14792 = CARTESIAN_POINT('',(64.854793314966,-75.60214570005,24.5162));
#14793 = LINE('',#14794,#14795);
#14794 = CARTESIAN_POINT('',(64.781026187214,-75.27509522008,24.5162));
#14795 = VECTOR('',#14796,1.);
#14796 = DIRECTION('',(0.220025366265,-0.975494150777,0.));
#14797 = ORIENTED_EDGE('',*,*,#14798,.F.);
#14798 = EDGE_CURVE('',#14799,#14791,#14801,.T.);
#14799 = VERTEX_POINT('',#14800);
#14800 = CARTESIAN_POINT('',(64.854793314966,-75.60214570005,23.3162));
#14801 = LINE('',#14802,#14803);
#14802 = CARTESIAN_POINT('',(64.854793314966,-75.60214570005,23.3162));
#14803 = VECTOR('',#14804,1.);
#14804 = DIRECTION('',(0.,0.,1.));
#14805 = ORIENTED_EDGE('',*,*,#14806,.F.);
#14806 = EDGE_CURVE('',#14768,#14799,#14807,.T.);
#14807 = LINE('',#14808,#14809);
#14808 = CARTESIAN_POINT('',(64.781026187214,-75.27509522008,23.3162));
#14809 = VECTOR('',#14810,1.);
#14810 = DIRECTION('',(0.220025366265,-0.975494150777,0.));
#14811 = PLANE('',#14812);
#14812 = AXIS2_PLACEMENT_3D('',#14813,#14814,#14815);
#14813 = CARTESIAN_POINT('',(64.781026187214,-75.27509522008,23.3162));
#14814 = DIRECTION('',(0.975494150777,0.220025366265,-0.));
#14815 = DIRECTION('',(0.220025366265,-0.975494150777,0.));
#14816 = ADVANCED_FACE('',(#14817),#14842,.T.);
#14817 = FACE_BOUND('',#14818,.T.);
#14818 = EDGE_LOOP('',(#14819,#14820,#14828,#14836));
#14819 = ORIENTED_EDGE('',*,*,#14798,.T.);
#14820 = ORIENTED_EDGE('',*,*,#14821,.T.);
#14821 = EDGE_CURVE('',#14791,#14822,#14824,.T.);
#14822 = VERTEX_POINT('',#14823);
#14823 = CARTESIAN_POINT('',(64.641836942613,-75.80245798755,24.5162));
#14824 = LINE('',#14825,#14826);
#14825 = CARTESIAN_POINT('',(64.854793314966,-75.60214570005,24.5162));
#14826 = VECTOR('',#14827,1.);
#14827 = DIRECTION('',(-0.728400097739,-0.685152025184,0.));
#14828 = ORIENTED_EDGE('',*,*,#14829,.F.);
#14829 = EDGE_CURVE('',#14830,#14822,#14832,.T.);
#14830 = VERTEX_POINT('',#14831);
#14831 = CARTESIAN_POINT('',(64.641836942613,-75.80245798755,23.3162));
#14832 = LINE('',#14833,#14834);
#14833 = CARTESIAN_POINT('',(64.641836942613,-75.80245798755,23.3162));
#14834 = VECTOR('',#14835,1.);
#14835 = DIRECTION('',(0.,0.,1.));
#14836 = ORIENTED_EDGE('',*,*,#14837,.F.);
#14837 = EDGE_CURVE('',#14799,#14830,#14838,.T.);
#14838 = LINE('',#14839,#14840);
#14839 = CARTESIAN_POINT('',(64.854793314966,-75.60214570005,23.3162));
#14840 = VECTOR('',#14841,1.);
#14841 = DIRECTION('',(-0.728400097739,-0.685152025184,0.));
#14842 = PLANE('',#14843);
#14843 = AXIS2_PLACEMENT_3D('',#14844,#14845,#14846);
#14844 = CARTESIAN_POINT('',(64.854793314966,-75.60214570005,23.3162));
#14845 = DIRECTION('',(0.685152025184,-0.728400097739,0.));
#14846 = DIRECTION('',(-0.728400097739,-0.685152025184,0.));
#14847 = ADVANCED_FACE('',(#14848),#14873,.T.);
#14848 = FACE_BOUND('',#14849,.T.);
#14849 = EDGE_LOOP('',(#14850,#14851,#14859,#14867));
#14850 = ORIENTED_EDGE('',*,*,#14829,.T.);
#14851 = ORIENTED_EDGE('',*,*,#14852,.T.);
#14852 = EDGE_CURVE('',#14822,#14853,#14855,.T.);
#14853 = VERTEX_POINT('',#14854);
#14854 = CARTESIAN_POINT('',(64.339635722929,-75.85810549627,24.5162));
#14855 = LINE('',#14856,#14857);
#14856 = CARTESIAN_POINT('',(64.641836942613,-75.80245798755,24.5162));
#14857 = VECTOR('',#14858,1.);
#14858 = DIRECTION('',(-0.98346544176,-0.18109589963,0.));
#14859 = ORIENTED_EDGE('',*,*,#14860,.F.);
#14860 = EDGE_CURVE('',#14861,#14853,#14863,.T.);
#14861 = VERTEX_POINT('',#14862);
#14862 = CARTESIAN_POINT('',(64.339635722929,-75.85810549627,23.3162));
#14863 = LINE('',#14864,#14865);
#14864 = CARTESIAN_POINT('',(64.339635722929,-75.85810549627,23.3162));
#14865 = VECTOR('',#14866,1.);
#14866 = DIRECTION('',(0.,0.,1.));
#14867 = ORIENTED_EDGE('',*,*,#14868,.F.);
#14868 = EDGE_CURVE('',#14830,#14861,#14869,.T.);
#14869 = LINE('',#14870,#14871);
#14870 = CARTESIAN_POINT('',(64.641836942613,-75.80245798755,23.3162));
#14871 = VECTOR('',#14872,1.);
#14872 = DIRECTION('',(-0.98346544176,-0.18109589963,0.));
#14873 = PLANE('',#14874);
#14874 = AXIS2_PLACEMENT_3D('',#14875,#14876,#14877);
#14875 = CARTESIAN_POINT('',(64.641836942613,-75.80245798755,23.3162));
#14876 = DIRECTION('',(0.18109589963,-0.98346544176,0.));
#14877 = DIRECTION('',(-0.98346544176,-0.18109589963,0.));
#14878 = ADVANCED_FACE('',(#14879),#14904,.T.);
#14879 = FACE_BOUND('',#14880,.T.);
#14880 = EDGE_LOOP('',(#14881,#14882,#14890,#14898));
#14881 = ORIENTED_EDGE('',*,*,#14860,.T.);
#14882 = ORIENTED_EDGE('',*,*,#14883,.T.);
#14883 = EDGE_CURVE('',#14853,#14884,#14886,.T.);
#14884 = VERTEX_POINT('',#14885);
#14885 = CARTESIAN_POINT('',(62.557699924518,-75.87924722664,24.5162));
#14886 = LINE('',#14887,#14888);
#14887 = CARTESIAN_POINT('',(64.339635722929,-75.85810549627,24.5162));
#14888 = VECTOR('',#14889,1.);
#14889 = DIRECTION('',(-0.999929624562,-1.186363870798E-02,0.));
#14890 = ORIENTED_EDGE('',*,*,#14891,.F.);
#14891 = EDGE_CURVE('',#14892,#14884,#14894,.T.);
#14892 = VERTEX_POINT('',#14893);
#14893 = CARTESIAN_POINT('',(62.557699924518,-75.87924722664,23.3162));
#14894 = LINE('',#14895,#14896);
#14895 = CARTESIAN_POINT('',(62.557699924518,-75.87924722664,23.3162));
#14896 = VECTOR('',#14897,1.);
#14897 = DIRECTION('',(0.,0.,1.));
#14898 = ORIENTED_EDGE('',*,*,#14899,.F.);
#14899 = EDGE_CURVE('',#14861,#14892,#14900,.T.);
#14900 = LINE('',#14901,#14902);
#14901 = CARTESIAN_POINT('',(64.339635722929,-75.85810549627,23.3162));
#14902 = VECTOR('',#14903,1.);
#14903 = DIRECTION('',(-0.999929624562,-1.186363870798E-02,0.));
#14904 = PLANE('',#14905);
#14905 = AXIS2_PLACEMENT_3D('',#14906,#14907,#14908);
#14906 = CARTESIAN_POINT('',(64.339635722929,-75.85810549627,23.3162));
#14907 = DIRECTION('',(1.186363870798E-02,-0.999929624562,0.));
#14908 = DIRECTION('',(-0.999929624562,-1.186363870798E-02,0.));
#14909 = ADVANCED_FACE('',(#14910),#14935,.T.);
#14910 = FACE_BOUND('',#14911,.T.);
#14911 = EDGE_LOOP('',(#14912,#14913,#14921,#14929));
#14912 = ORIENTED_EDGE('',*,*,#14891,.T.);
#14913 = ORIENTED_EDGE('',*,*,#14914,.T.);
#14914 = EDGE_CURVE('',#14884,#14915,#14917,.T.);
#14915 = VERTEX_POINT('',#14916);
#14916 = CARTESIAN_POINT('',(59.999224298184,-75.75419507637,24.5162));
#14917 = LINE('',#14918,#14919);
#14918 = CARTESIAN_POINT('',(62.557699924518,-75.87924722664,24.5162));
#14919 = VECTOR('',#14920,1.);
#14920 = DIRECTION('',(-0.9988076261,4.881932040586E-02,0.));
#14921 = ORIENTED_EDGE('',*,*,#14922,.F.);
#14922 = EDGE_CURVE('',#14923,#14915,#14925,.T.);
#14923 = VERTEX_POINT('',#14924);
#14924 = CARTESIAN_POINT('',(59.999224298184,-75.75419507637,23.3162));
#14925 = LINE('',#14926,#14927);
#14926 = CARTESIAN_POINT('',(59.999224298184,-75.75419507637,23.3162));
#14927 = VECTOR('',#14928,1.);
#14928 = DIRECTION('',(0.,0.,1.));
#14929 = ORIENTED_EDGE('',*,*,#14930,.F.);
#14930 = EDGE_CURVE('',#14892,#14923,#14931,.T.);
#14931 = LINE('',#14932,#14933);
#14932 = CARTESIAN_POINT('',(62.557699924518,-75.87924722664,23.3162));
#14933 = VECTOR('',#14934,1.);
#14934 = DIRECTION('',(-0.9988076261,4.881932040586E-02,0.));
#14935 = PLANE('',#14936);
#14936 = AXIS2_PLACEMENT_3D('',#14937,#14938,#14939);
#14937 = CARTESIAN_POINT('',(62.557699924518,-75.87924722664,23.3162));
#14938 = DIRECTION('',(-4.881932040586E-02,-0.9988076261,0.));
#14939 = DIRECTION('',(-0.9988076261,4.881932040586E-02,0.));
#14940 = ADVANCED_FACE('',(#14941),#14966,.T.);
#14941 = FACE_BOUND('',#14942,.T.);
#14942 = EDGE_LOOP('',(#14943,#14944,#14952,#14960));
#14943 = ORIENTED_EDGE('',*,*,#14922,.T.);
#14944 = ORIENTED_EDGE('',*,*,#14945,.T.);
#14945 = EDGE_CURVE('',#14915,#14946,#14948,.T.);
#14946 = VERTEX_POINT('',#14947);
#14947 = CARTESIAN_POINT('',(59.643773616864,-75.68889948589,24.5162));
#14948 = LINE('',#14949,#14950);
#14949 = CARTESIAN_POINT('',(59.999224298184,-75.75419507637,24.5162));
#14950 = VECTOR('',#14951,1.);
#14951 = DIRECTION('',(-0.983542873585,0.180674889844,0.));
#14952 = ORIENTED_EDGE('',*,*,#14953,.F.);
#14953 = EDGE_CURVE('',#14954,#14946,#14956,.T.);
#14954 = VERTEX_POINT('',#14955);
#14955 = CARTESIAN_POINT('',(59.643773616864,-75.68889948589,23.3162));
#14956 = LINE('',#14957,#14958);
#14957 = CARTESIAN_POINT('',(59.643773616864,-75.68889948589,23.3162));
#14958 = VECTOR('',#14959,1.);
#14959 = DIRECTION('',(0.,0.,1.));
#14960 = ORIENTED_EDGE('',*,*,#14961,.F.);
#14961 = EDGE_CURVE('',#14923,#14954,#14962,.T.);
#14962 = LINE('',#14963,#14964);
#14963 = CARTESIAN_POINT('',(59.999224298184,-75.75419507637,23.3162));
#14964 = VECTOR('',#14965,1.);
#14965 = DIRECTION('',(-0.983542873585,0.180674889844,0.));
#14966 = PLANE('',#14967);
#14967 = AXIS2_PLACEMENT_3D('',#14968,#14969,#14970);
#14968 = CARTESIAN_POINT('',(59.999224298184,-75.75419507637,23.3162));
#14969 = DIRECTION('',(-0.180674889844,-0.983542873585,0.));
#14970 = DIRECTION('',(-0.983542873585,0.180674889844,0.));
#14971 = ADVANCED_FACE('',(#14972),#14997,.T.);
#14972 = FACE_BOUND('',#14973,.T.);
#14973 = EDGE_LOOP('',(#14974,#14975,#14983,#14991));
#14974 = ORIENTED_EDGE('',*,*,#14953,.T.);
#14975 = ORIENTED_EDGE('',*,*,#14976,.T.);
#14976 = EDGE_CURVE('',#14946,#14977,#14979,.T.);
#14977 = VERTEX_POINT('',#14978);
#14978 = CARTESIAN_POINT('',(59.481075989762,-75.50705825822,24.5162));
#14979 = LINE('',#14980,#14981);
#14980 = CARTESIAN_POINT('',(59.643773616864,-75.68889948589,24.5162));
#14981 = VECTOR('',#14982,1.);
#14982 = DIRECTION('',(-0.666789354116,0.745246239331,0.));
#14983 = ORIENTED_EDGE('',*,*,#14984,.F.);
#14984 = EDGE_CURVE('',#14985,#14977,#14987,.T.);
#14985 = VERTEX_POINT('',#14986);
#14986 = CARTESIAN_POINT('',(59.481075989762,-75.50705825822,23.3162));
#14987 = LINE('',#14988,#14989);
#14988 = CARTESIAN_POINT('',(59.481075989762,-75.50705825822,23.3162));
#14989 = VECTOR('',#14990,1.);
#14990 = DIRECTION('',(0.,0.,1.));
#14991 = ORIENTED_EDGE('',*,*,#14992,.F.);
#14992 = EDGE_CURVE('',#14954,#14985,#14993,.T.);
#14993 = LINE('',#14994,#14995);
#14994 = CARTESIAN_POINT('',(59.643773616864,-75.68889948589,23.3162));
#14995 = VECTOR('',#14996,1.);
#14996 = DIRECTION('',(-0.666789354116,0.745246239331,0.));
#14997 = PLANE('',#14998);
#14998 = AXIS2_PLACEMENT_3D('',#14999,#15000,#15001);
#14999 = CARTESIAN_POINT('',(59.643773616864,-75.68889948589,23.3162));
#15000 = DIRECTION('',(-0.745246239331,-0.666789354116,0.));
#15001 = DIRECTION('',(-0.666789354116,0.745246239331,0.));
#15002 = ADVANCED_FACE('',(#15003),#15028,.T.);
#15003 = FACE_BOUND('',#15004,.T.);
#15004 = EDGE_LOOP('',(#15005,#15006,#15014,#15022));
#15005 = ORIENTED_EDGE('',*,*,#14984,.T.);
#15006 = ORIENTED_EDGE('',*,*,#15007,.T.);
#15007 = EDGE_CURVE('',#14977,#15008,#15010,.T.);
#15008 = VERTEX_POINT('',#15009);
#15009 = CARTESIAN_POINT('',(59.590622094063,-75.29774823081,24.5162));
#15010 = LINE('',#15011,#15012);
#15011 = CARTESIAN_POINT('',(59.481075989762,-75.50705825822,24.5162));
#15012 = VECTOR('',#15013,1.);
#15013 = DIRECTION('',(0.463699783868,0.885992387349,0.));
#15014 = ORIENTED_EDGE('',*,*,#15015,.F.);
#15015 = EDGE_CURVE('',#15016,#15008,#15018,.T.);
#15016 = VERTEX_POINT('',#15017);
#15017 = CARTESIAN_POINT('',(59.590622094063,-75.29774823081,23.3162));
#15018 = LINE('',#15019,#15020);
#15019 = CARTESIAN_POINT('',(59.590622094063,-75.29774823081,23.3162));
#15020 = VECTOR('',#15021,1.);
#15021 = DIRECTION('',(0.,0.,1.));
#15022 = ORIENTED_EDGE('',*,*,#15023,.F.);
#15023 = EDGE_CURVE('',#14985,#15016,#15024,.T.);
#15024 = LINE('',#15025,#15026);
#15025 = CARTESIAN_POINT('',(59.481075989762,-75.50705825822,23.3162));
#15026 = VECTOR('',#15027,1.);
#15027 = DIRECTION('',(0.463699783868,0.885992387349,0.));
#15028 = PLANE('',#15029);
#15029 = AXIS2_PLACEMENT_3D('',#15030,#15031,#15032);
#15030 = CARTESIAN_POINT('',(59.481075989762,-75.50705825822,23.3162));
#15031 = DIRECTION('',(-0.885992387349,0.463699783868,0.));
#15032 = DIRECTION('',(0.463699783868,0.885992387349,0.));
#15033 = ADVANCED_FACE('',(#15034),#15059,.T.);
#15034 = FACE_BOUND('',#15035,.T.);
#15035 = EDGE_LOOP('',(#15036,#15037,#15045,#15053));
#15036 = ORIENTED_EDGE('',*,*,#15015,.T.);
#15037 = ORIENTED_EDGE('',*,*,#15038,.T.);
#15038 = EDGE_CURVE('',#15008,#15039,#15041,.T.);
#15039 = VERTEX_POINT('',#15040);
#15040 = CARTESIAN_POINT('',(60.193245774144,-75.17288534851,24.5162));
#15041 = LINE('',#15042,#15043);
#15042 = CARTESIAN_POINT('',(59.590622094063,-75.29774823081,24.5162));
#15043 = VECTOR('',#15044,1.);
#15044 = DIRECTION('',(0.979201665237,0.202889375764,0.));
#15045 = ORIENTED_EDGE('',*,*,#15046,.F.);
#15046 = EDGE_CURVE('',#15047,#15039,#15049,.T.);
#15047 = VERTEX_POINT('',#15048);
#15048 = CARTESIAN_POINT('',(60.193245774144,-75.17288534851,23.3162));
#15049 = LINE('',#15050,#15051);
#15050 = CARTESIAN_POINT('',(60.193245774144,-75.17288534851,23.3162));
#15051 = VECTOR('',#15052,1.);
#15052 = DIRECTION('',(0.,0.,1.));
#15053 = ORIENTED_EDGE('',*,*,#15054,.F.);
#15054 = EDGE_CURVE('',#15016,#15047,#15055,.T.);
#15055 = LINE('',#15056,#15057);
#15056 = CARTESIAN_POINT('',(59.590622094063,-75.29774823081,23.3162));
#15057 = VECTOR('',#15058,1.);
#15058 = DIRECTION('',(0.979201665237,0.202889375764,0.));
#15059 = PLANE('',#15060);
#15060 = AXIS2_PLACEMENT_3D('',#15061,#15062,#15063);
#15061 = CARTESIAN_POINT('',(59.590622094063,-75.29774823081,23.3162));
#15062 = DIRECTION('',(-0.202889375764,0.979201665237,0.));
#15063 = DIRECTION('',(0.979201665237,0.202889375764,0.));
#15064 = ADVANCED_FACE('',(#15065),#15081,.T.);
#15065 = FACE_BOUND('',#15066,.T.);
#15066 = EDGE_LOOP('',(#15067,#15068,#15074,#15075));
#15067 = ORIENTED_EDGE('',*,*,#15046,.T.);
#15068 = ORIENTED_EDGE('',*,*,#15069,.T.);
#15069 = EDGE_CURVE('',#15039,#14721,#15070,.T.);
#15070 = LINE('',#15071,#15072);
#15071 = CARTESIAN_POINT('',(60.193245774144,-75.17288534851,24.5162));
#15072 = VECTOR('',#15073,1.);
#15073 = DIRECTION('',(0.999455747319,3.29880152502E-02,0.));
#15074 = ORIENTED_EDGE('',*,*,#14718,.F.);
#15075 = ORIENTED_EDGE('',*,*,#15076,.F.);
#15076 = EDGE_CURVE('',#15047,#14719,#15077,.T.);
#15077 = LINE('',#15078,#15079);
#15078 = CARTESIAN_POINT('',(60.193245774144,-75.17288534851,23.3162));
#15079 = VECTOR('',#15080,1.);
#15080 = DIRECTION('',(0.999455747319,3.29880152502E-02,0.));
#15081 = PLANE('',#15082);
#15082 = AXIS2_PLACEMENT_3D('',#15083,#15084,#15085);
#15083 = CARTESIAN_POINT('',(60.193245774144,-75.17288534851,23.3162));
#15084 = DIRECTION('',(-3.29880152502E-02,0.999455747319,0.));
#15085 = DIRECTION('',(0.999455747319,3.29880152502E-02,0.));
#15086 = ADVANCED_FACE('',(#15087),#15101,.T.);
#15087 = FACE_BOUND('',#15088,.T.);
#15088 = EDGE_LOOP('',(#15089,#15090,#15091,#15092,#15093,#15094,#15095,
    #15096,#15097,#15098,#15099,#15100));
#15089 = ORIENTED_EDGE('',*,*,#14744,.T.);
#15090 = ORIENTED_EDGE('',*,*,#14775,.T.);
#15091 = ORIENTED_EDGE('',*,*,#14806,.T.);
#15092 = ORIENTED_EDGE('',*,*,#14837,.T.);
#15093 = ORIENTED_EDGE('',*,*,#14868,.T.);
#15094 = ORIENTED_EDGE('',*,*,#14899,.T.);
#15095 = ORIENTED_EDGE('',*,*,#14930,.T.);
#15096 = ORIENTED_EDGE('',*,*,#14961,.T.);
#15097 = ORIENTED_EDGE('',*,*,#14992,.T.);
#15098 = ORIENTED_EDGE('',*,*,#15023,.T.);
#15099 = ORIENTED_EDGE('',*,*,#15054,.T.);
#15100 = ORIENTED_EDGE('',*,*,#15076,.T.);
#15101 = PLANE('',#15102);
#15102 = AXIS2_PLACEMENT_3D('',#15103,#15104,#15105);
#15103 = CARTESIAN_POINT('',(62.202033073548,-75.48422874771,23.3162));
#15104 = DIRECTION('',(-0.,-0.,-1.));
#15105 = DIRECTION('',(-1.,0.,0.));
#15106 = ADVANCED_FACE('',(#15107),#15121,.F.);
#15107 = FACE_BOUND('',#15108,.F.);
#15108 = EDGE_LOOP('',(#15109,#15110,#15111,#15112,#15113,#15114,#15115,
    #15116,#15117,#15118,#15119,#15120));
#15109 = ORIENTED_EDGE('',*,*,#14728,.T.);
#15110 = ORIENTED_EDGE('',*,*,#14759,.T.);
#15111 = ORIENTED_EDGE('',*,*,#14790,.T.);
#15112 = ORIENTED_EDGE('',*,*,#14821,.T.);
#15113 = ORIENTED_EDGE('',*,*,#14852,.T.);
#15114 = ORIENTED_EDGE('',*,*,#14883,.T.);
#15115 = ORIENTED_EDGE('',*,*,#14914,.T.);
#15116 = ORIENTED_EDGE('',*,*,#14945,.T.);
#15117 = ORIENTED_EDGE('',*,*,#14976,.T.);
#15118 = ORIENTED_EDGE('',*,*,#15007,.T.);
#15119 = ORIENTED_EDGE('',*,*,#15038,.T.);
#15120 = ORIENTED_EDGE('',*,*,#15069,.T.);
#15121 = PLANE('',#15122);
#15122 = AXIS2_PLACEMENT_3D('',#15123,#15124,#15125);
#15123 = CARTESIAN_POINT('',(62.202033073548,-75.48422874771,24.5162));
#15124 = DIRECTION('',(-0.,-0.,-1.));
#15125 = DIRECTION('',(-1.,0.,0.));
#15126 = MANIFOLD_SOLID_BREP('',#15127);
#15127 = CLOSED_SHELL('',(#15128,#15168,#15199,#15230,#15261,#15292,
    #15323,#15354,#15385,#15416,#15438,#15456));
#15128 = ADVANCED_FACE('',(#15129),#15163,.T.);
#15129 = FACE_BOUND('',#15130,.T.);
#15130 = EDGE_LOOP('',(#15131,#15141,#15149,#15157));
#15131 = ORIENTED_EDGE('',*,*,#15132,.T.);
#15132 = EDGE_CURVE('',#15133,#15135,#15137,.T.);
#15133 = VERTEX_POINT('',#15134);
#15134 = CARTESIAN_POINT('',(58.77744890179,-75.87235659258,23.3162));
#15135 = VERTEX_POINT('',#15136);
#15136 = CARTESIAN_POINT('',(58.77744890179,-75.87235659258,24.5162));
#15137 = LINE('',#15138,#15139);
#15138 = CARTESIAN_POINT('',(58.77744890179,-75.87235659258,23.3162));
#15139 = VECTOR('',#15140,1.);
#15140 = DIRECTION('',(0.,0.,1.));
#15141 = ORIENTED_EDGE('',*,*,#15142,.T.);
#15142 = EDGE_CURVE('',#15135,#15143,#15145,.T.);
#15143 = VERTEX_POINT('',#15144);
#15144 = CARTESIAN_POINT('',(58.395533014889,-75.76724014462,24.5162));
#15145 = LINE('',#15146,#15147);
#15146 = CARTESIAN_POINT('',(58.77744890179,-75.87235659258,24.5162));
#15147 = VECTOR('',#15148,1.);
#15148 = DIRECTION('',(-0.964147553078,0.265366719642,0.));
#15149 = ORIENTED_EDGE('',*,*,#15150,.F.);
#15150 = EDGE_CURVE('',#15151,#15143,#15153,.T.);
#15151 = VERTEX_POINT('',#15152);
#15152 = CARTESIAN_POINT('',(58.395533014889,-75.76724014462,23.3162));
#15153 = LINE('',#15154,#15155);
#15154 = CARTESIAN_POINT('',(58.395533014889,-75.76724014462,23.3162));
#15155 = VECTOR('',#15156,1.);
#15156 = DIRECTION('',(0.,0.,1.));
#15157 = ORIENTED_EDGE('',*,*,#15158,.F.);
#15158 = EDGE_CURVE('',#15133,#15151,#15159,.T.);
#15159 = LINE('',#15160,#15161);
#15160 = CARTESIAN_POINT('',(58.77744890179,-75.87235659258,23.3162));
#15161 = VECTOR('',#15162,1.);
#15162 = DIRECTION('',(-0.964147553078,0.265366719642,0.));
#15163 = PLANE('',#15164);
#15164 = AXIS2_PLACEMENT_3D('',#15165,#15166,#15167);
#15165 = CARTESIAN_POINT('',(58.77744890179,-75.87235659258,23.3162));
#15166 = DIRECTION('',(-0.265366719642,-0.964147553078,0.));
#15167 = DIRECTION('',(-0.964147553078,0.265366719642,0.));
#15168 = ADVANCED_FACE('',(#15169),#15194,.T.);
#15169 = FACE_BOUND('',#15170,.T.);
#15170 = EDGE_LOOP('',(#15171,#15172,#15180,#15188));
#15171 = ORIENTED_EDGE('',*,*,#15150,.T.);
#15172 = ORIENTED_EDGE('',*,*,#15173,.T.);
#15173 = EDGE_CURVE('',#15143,#15174,#15176,.T.);
#15174 = VERTEX_POINT('',#15175);
#15175 = CARTESIAN_POINT('',(58.214373455319,-75.57769313154,24.5162));
#15176 = LINE('',#15177,#15178);
#15177 = CARTESIAN_POINT('',(58.395533014889,-75.76724014462,24.5162));
#15178 = VECTOR('',#15179,1.);
#15179 = DIRECTION('',(-0.690931248617,0.722920472586,0.));
#15180 = ORIENTED_EDGE('',*,*,#15181,.F.);
#15181 = EDGE_CURVE('',#15182,#15174,#15184,.T.);
#15182 = VERTEX_POINT('',#15183);
#15183 = CARTESIAN_POINT('',(58.214373455319,-75.57769313154,23.3162));
#15184 = LINE('',#15185,#15186);
#15185 = CARTESIAN_POINT('',(58.214373455319,-75.57769313154,23.3162));
#15186 = VECTOR('',#15187,1.);
#15187 = DIRECTION('',(0.,0.,1.));
#15188 = ORIENTED_EDGE('',*,*,#15189,.F.);
#15189 = EDGE_CURVE('',#15151,#15182,#15190,.T.);
#15190 = LINE('',#15191,#15192);
#15191 = CARTESIAN_POINT('',(58.395533014889,-75.76724014462,23.3162));
#15192 = VECTOR('',#15193,1.);
#15193 = DIRECTION('',(-0.690931248617,0.722920472586,0.));
#15194 = PLANE('',#15195);
#15195 = AXIS2_PLACEMENT_3D('',#15196,#15197,#15198);
#15196 = CARTESIAN_POINT('',(58.395533014889,-75.76724014462,23.3162));
#15197 = DIRECTION('',(-0.722920472586,-0.690931248617,0.));
#15198 = DIRECTION('',(-0.690931248617,0.722920472586,0.));
#15199 = ADVANCED_FACE('',(#15200),#15225,.T.);
#15200 = FACE_BOUND('',#15201,.T.);
#15201 = EDGE_LOOP('',(#15202,#15203,#15211,#15219));
#15202 = ORIENTED_EDGE('',*,*,#15181,.T.);
#15203 = ORIENTED_EDGE('',*,*,#15204,.T.);
#15204 = EDGE_CURVE('',#15174,#15205,#15207,.T.);
#15205 = VERTEX_POINT('',#15206);
#15206 = CARTESIAN_POINT('',(58.208844354852,-75.38697573068,24.5162));
#15207 = LINE('',#15208,#15209);
#15208 = CARTESIAN_POINT('',(58.214373455319,-75.57769313154,24.5162));
#15209 = VECTOR('',#15210,1.);
#15210 = DIRECTION('',(-2.8978888928E-02,0.999580023808,0.));
#15211 = ORIENTED_EDGE('',*,*,#15212,.F.);
#15212 = EDGE_CURVE('',#15213,#15205,#15215,.T.);
#15213 = VERTEX_POINT('',#15214);
#15214 = CARTESIAN_POINT('',(58.208844354852,-75.38697573068,23.3162));
#15215 = LINE('',#15216,#15217);
#15216 = CARTESIAN_POINT('',(58.208844354852,-75.38697573068,23.3162));
#15217 = VECTOR('',#15218,1.);
#15218 = DIRECTION('',(0.,0.,1.));
#15219 = ORIENTED_EDGE('',*,*,#15220,.F.);
#15220 = EDGE_CURVE('',#15182,#15213,#15221,.T.);
#15221 = LINE('',#15222,#15223);
#15222 = CARTESIAN_POINT('',(58.214373455319,-75.57769313154,23.3162));
#15223 = VECTOR('',#15224,1.);
#15224 = DIRECTION('',(-2.8978888928E-02,0.999580023808,0.));
#15225 = PLANE('',#15226);
#15226 = AXIS2_PLACEMENT_3D('',#15227,#15228,#15229);
#15227 = CARTESIAN_POINT('',(58.214373455319,-75.57769313154,23.3162));
#15228 = DIRECTION('',(-0.999580023808,-2.8978888928E-02,0.));
#15229 = DIRECTION('',(-2.8978888928E-02,0.999580023808,0.));
#15230 = ADVANCED_FACE('',(#15231),#15256,.T.);
#15231 = FACE_BOUND('',#15232,.T.);
#15232 = EDGE_LOOP('',(#15233,#15234,#15242,#15250));
#15233 = ORIENTED_EDGE('',*,*,#15212,.T.);
#15234 = ORIENTED_EDGE('',*,*,#15235,.T.);
#15235 = EDGE_CURVE('',#15205,#15236,#15238,.T.);
#15236 = VERTEX_POINT('',#15237);
#15237 = CARTESIAN_POINT('',(58.404504574531,-75.18202223382,24.5162));
#15238 = LINE('',#15239,#15240);
#15239 = CARTESIAN_POINT('',(58.208844354852,-75.38697573068,24.5162));
#15240 = VECTOR('',#15241,1.);
#15241 = DIRECTION('',(0.690517831421,0.723315370008,0.));
#15242 = ORIENTED_EDGE('',*,*,#15243,.F.);
#15243 = EDGE_CURVE('',#15244,#15236,#15246,.T.);
#15244 = VERTEX_POINT('',#15245);
#15245 = CARTESIAN_POINT('',(58.404504574531,-75.18202223382,23.3162));
#15246 = LINE('',#15247,#15248);
#15247 = CARTESIAN_POINT('',(58.404504574531,-75.18202223382,23.3162));
#15248 = VECTOR('',#15249,1.);
#15249 = DIRECTION('',(0.,0.,1.));
#15250 = ORIENTED_EDGE('',*,*,#15251,.F.);
#15251 = EDGE_CURVE('',#15213,#15244,#15252,.T.);
#15252 = LINE('',#15253,#15254);
#15253 = CARTESIAN_POINT('',(58.208844354852,-75.38697573068,23.3162));
#15254 = VECTOR('',#15255,1.);
#15255 = DIRECTION('',(0.690517831421,0.723315370008,0.));
#15256 = PLANE('',#15257);
#15257 = AXIS2_PLACEMENT_3D('',#15258,#15259,#15260);
#15258 = CARTESIAN_POINT('',(58.208844354852,-75.38697573068,23.3162));
#15259 = DIRECTION('',(-0.723315370008,0.690517831421,0.));
#15260 = DIRECTION('',(0.690517831421,0.723315370008,0.));
#15261 = ADVANCED_FACE('',(#15262),#15287,.T.);
#15262 = FACE_BOUND('',#15263,.T.);
#15263 = EDGE_LOOP('',(#15264,#15265,#15273,#15281));
#15264 = ORIENTED_EDGE('',*,*,#15243,.T.);
#15265 = ORIENTED_EDGE('',*,*,#15266,.T.);
#15266 = EDGE_CURVE('',#15236,#15267,#15269,.T.);
#15267 = VERTEX_POINT('',#15268);
#15268 = CARTESIAN_POINT('',(58.81740489453,-75.14774352744,24.5162));
#15269 = LINE('',#15270,#15271);
#15270 = CARTESIAN_POINT('',(58.404504574531,-75.18202223382,24.5162));
#15271 = VECTOR('',#15272,1.);
#15272 = DIRECTION('',(0.996571607487,8.273470342323E-02,0.));
#15273 = ORIENTED_EDGE('',*,*,#15274,.F.);
#15274 = EDGE_CURVE('',#15275,#15267,#15277,.T.);
#15275 = VERTEX_POINT('',#15276);
#15276 = CARTESIAN_POINT('',(58.81740489453,-75.14774352744,23.3162));
#15277 = LINE('',#15278,#15279);
#15278 = CARTESIAN_POINT('',(58.81740489453,-75.14774352744,23.3162));
#15279 = VECTOR('',#15280,1.);
#15280 = DIRECTION('',(0.,0.,1.));
#15281 = ORIENTED_EDGE('',*,*,#15282,.F.);
#15282 = EDGE_CURVE('',#15244,#15275,#15283,.T.);
#15283 = LINE('',#15284,#15285);
#15284 = CARTESIAN_POINT('',(58.404504574531,-75.18202223382,23.3162));
#15285 = VECTOR('',#15286,1.);
#15286 = DIRECTION('',(0.996571607487,8.273470342323E-02,0.));
#15287 = PLANE('',#15288);
#15288 = AXIS2_PLACEMENT_3D('',#15289,#15290,#15291);
#15289 = CARTESIAN_POINT('',(58.404504574531,-75.18202223382,23.3162));
#15290 = DIRECTION('',(-8.273470342323E-02,0.996571607487,0.));
#15291 = DIRECTION('',(0.996571607487,8.273470342323E-02,0.));
#15292 = ADVANCED_FACE('',(#15293),#15318,.T.);
#15293 = FACE_BOUND('',#15294,.T.);
#15294 = EDGE_LOOP('',(#15295,#15296,#15304,#15312));
#15295 = ORIENTED_EDGE('',*,*,#15274,.T.);
#15296 = ORIENTED_EDGE('',*,*,#15297,.T.);
#15297 = EDGE_CURVE('',#15267,#15298,#15300,.T.);
#15298 = VERTEX_POINT('',#15299);
#15299 = CARTESIAN_POINT('',(59.110768457904,-75.25053007481,24.5162));
#15300 = LINE('',#15301,#15302);
#15301 = CARTESIAN_POINT('',(58.81740489453,-75.14774352744,24.5162));
#15302 = VECTOR('',#15303,1.);
#15303 = DIRECTION('',(0.943748668482,-0.330663651976,0.));
#15304 = ORIENTED_EDGE('',*,*,#15305,.F.);
#15305 = EDGE_CURVE('',#15306,#15298,#15308,.T.);
#15306 = VERTEX_POINT('',#15307);
#15307 = CARTESIAN_POINT('',(59.110768457904,-75.25053007481,23.3162));
#15308 = LINE('',#15309,#15310);
#15309 = CARTESIAN_POINT('',(59.110768457904,-75.25053007481,23.3162));
#15310 = VECTOR('',#15311,1.);
#15311 = DIRECTION('',(0.,0.,1.));
#15312 = ORIENTED_EDGE('',*,*,#15313,.F.);
#15313 = EDGE_CURVE('',#15275,#15306,#15314,.T.);
#15314 = LINE('',#15315,#15316);
#15315 = CARTESIAN_POINT('',(58.81740489453,-75.14774352744,23.3162));
#15316 = VECTOR('',#15317,1.);
#15317 = DIRECTION('',(0.943748668482,-0.330663651976,0.));
#15318 = PLANE('',#15319);
#15319 = AXIS2_PLACEMENT_3D('',#15320,#15321,#15322);
#15320 = CARTESIAN_POINT('',(58.81740489453,-75.14774352744,23.3162));
#15321 = DIRECTION('',(0.330663651976,0.943748668482,-0.));
#15322 = DIRECTION('',(0.943748668482,-0.330663651976,0.));
#15323 = ADVANCED_FACE('',(#15324),#15349,.T.);
#15324 = FACE_BOUND('',#15325,.T.);
#15325 = EDGE_LOOP('',(#15326,#15327,#15335,#15343));
#15326 = ORIENTED_EDGE('',*,*,#15305,.T.);
#15327 = ORIENTED_EDGE('',*,*,#15328,.T.);
#15328 = EDGE_CURVE('',#15298,#15329,#15331,.T.);
#15329 = VERTEX_POINT('',#15330);
#15330 = CARTESIAN_POINT('',(59.26716468182,-75.42446881945,24.5162));
#15331 = LINE('',#15332,#15333);
#15332 = CARTESIAN_POINT('',(59.110768457904,-75.25053007481,24.5162));
#15333 = VECTOR('',#15334,1.);
#15334 = DIRECTION('',(0.668613562251,-0.743610048597,0.));
#15335 = ORIENTED_EDGE('',*,*,#15336,.F.);
#15336 = EDGE_CURVE('',#15337,#15329,#15339,.T.);
#15337 = VERTEX_POINT('',#15338);
#15338 = CARTESIAN_POINT('',(59.26716468182,-75.42446881945,23.3162));
#15339 = LINE('',#15340,#15341);
#15340 = CARTESIAN_POINT('',(59.26716468182,-75.42446881945,23.3162));
#15341 = VECTOR('',#15342,1.);
#15342 = DIRECTION('',(0.,0.,1.));
#15343 = ORIENTED_EDGE('',*,*,#15344,.F.);
#15344 = EDGE_CURVE('',#15306,#15337,#15345,.T.);
#15345 = LINE('',#15346,#15347);
#15346 = CARTESIAN_POINT('',(59.110768457904,-75.25053007481,23.3162));
#15347 = VECTOR('',#15348,1.);
#15348 = DIRECTION('',(0.668613562251,-0.743610048597,0.));
#15349 = PLANE('',#15350);
#15350 = AXIS2_PLACEMENT_3D('',#15351,#15352,#15353);
#15351 = CARTESIAN_POINT('',(59.110768457904,-75.25053007481,23.3162));
#15352 = DIRECTION('',(0.743610048597,0.668613562251,-0.));
#15353 = DIRECTION('',(0.668613562251,-0.743610048597,0.));
#15354 = ADVANCED_FACE('',(#15355),#15380,.T.);
#15355 = FACE_BOUND('',#15356,.T.);
#15356 = EDGE_LOOP('',(#15357,#15358,#15366,#15374));
#15357 = ORIENTED_EDGE('',*,*,#15336,.T.);
#15358 = ORIENTED_EDGE('',*,*,#15359,.T.);
#15359 = EDGE_CURVE('',#15329,#15360,#15362,.T.);
#15360 = VERTEX_POINT('',#15361);
#15361 = CARTESIAN_POINT('',(59.289557669374,-75.56936711063,24.5162));
#15362 = LINE('',#15363,#15364);
#15363 = CARTESIAN_POINT('',(59.26716468182,-75.42446881945,24.5162));
#15364 = VECTOR('',#15365,1.);
#15365 = DIRECTION('',(0.152729703167,-0.988267998961,0.));
#15366 = ORIENTED_EDGE('',*,*,#15367,.F.);
#15367 = EDGE_CURVE('',#15368,#15360,#15370,.T.);
#15368 = VERTEX_POINT('',#15369);
#15369 = CARTESIAN_POINT('',(59.289557669374,-75.56936711063,23.3162));
#15370 = LINE('',#15371,#15372);
#15371 = CARTESIAN_POINT('',(59.289557669374,-75.56936711063,23.3162));
#15372 = VECTOR('',#15373,1.);
#15373 = DIRECTION('',(0.,0.,1.));
#15374 = ORIENTED_EDGE('',*,*,#15375,.F.);
#15375 = EDGE_CURVE('',#15337,#15368,#15376,.T.);
#15376 = LINE('',#15377,#15378);
#15377 = CARTESIAN_POINT('',(59.26716468182,-75.42446881945,23.3162));
#15378 = VECTOR('',#15379,1.);
#15379 = DIRECTION('',(0.152729703167,-0.988267998961,0.));
#15380 = PLANE('',#15381);
#15381 = AXIS2_PLACEMENT_3D('',#15382,#15383,#15384);
#15382 = CARTESIAN_POINT('',(59.26716468182,-75.42446881945,23.3162));
#15383 = DIRECTION('',(0.988267998961,0.152729703167,-0.));
#15384 = DIRECTION('',(0.152729703167,-0.988267998961,0.));
#15385 = ADVANCED_FACE('',(#15386),#15411,.T.);
#15386 = FACE_BOUND('',#15387,.T.);
#15387 = EDGE_LOOP('',(#15388,#15389,#15397,#15405));
#15388 = ORIENTED_EDGE('',*,*,#15367,.T.);
#15389 = ORIENTED_EDGE('',*,*,#15390,.T.);
#15390 = EDGE_CURVE('',#15360,#15391,#15393,.T.);
#15391 = VERTEX_POINT('',#15392);
#15392 = CARTESIAN_POINT('',(59.184896708065,-75.81065897634,24.5162));
#15393 = LINE('',#15394,#15395);
#15394 = CARTESIAN_POINT('',(59.289557669374,-75.56936711063,24.5162));
#15395 = VECTOR('',#15396,1.);
#15396 = DIRECTION('',(-0.397931204899,-0.917415258303,0.));
#15397 = ORIENTED_EDGE('',*,*,#15398,.F.);
#15398 = EDGE_CURVE('',#15399,#15391,#15401,.T.);
#15399 = VERTEX_POINT('',#15400);
#15400 = CARTESIAN_POINT('',(59.184896708065,-75.81065897634,23.3162));
#15401 = LINE('',#15402,#15403);
#15402 = CARTESIAN_POINT('',(59.184896708065,-75.81065897634,23.3162));
#15403 = VECTOR('',#15404,1.);
#15404 = DIRECTION('',(0.,0.,1.));
#15405 = ORIENTED_EDGE('',*,*,#15406,.F.);
#15406 = EDGE_CURVE('',#15368,#15399,#15407,.T.);
#15407 = LINE('',#15408,#15409);
#15408 = CARTESIAN_POINT('',(59.289557669374,-75.56936711063,23.3162));
#15409 = VECTOR('',#15410,1.);
#15410 = DIRECTION('',(-0.397931204899,-0.917415258303,0.));
#15411 = PLANE('',#15412);
#15412 = AXIS2_PLACEMENT_3D('',#15413,#15414,#15415);
#15413 = CARTESIAN_POINT('',(59.289557669374,-75.56936711063,23.3162));
#15414 = DIRECTION('',(0.917415258303,-0.397931204899,0.));
#15415 = DIRECTION('',(-0.397931204899,-0.917415258303,0.));
#15416 = ADVANCED_FACE('',(#15417),#15433,.T.);
#15417 = FACE_BOUND('',#15418,.T.);
#15418 = EDGE_LOOP('',(#15419,#15420,#15426,#15427));
#15419 = ORIENTED_EDGE('',*,*,#15398,.T.);
#15420 = ORIENTED_EDGE('',*,*,#15421,.T.);
#15421 = EDGE_CURVE('',#15391,#15135,#15422,.T.);
#15422 = LINE('',#15423,#15424);
#15423 = CARTESIAN_POINT('',(59.184896708065,-75.81065897634,24.5162));
#15424 = VECTOR('',#15425,1.);
#15425 = DIRECTION('',(-0.98872876295,-0.149717845678,0.));
#15426 = ORIENTED_EDGE('',*,*,#15132,.F.);
#15427 = ORIENTED_EDGE('',*,*,#15428,.F.);
#15428 = EDGE_CURVE('',#15399,#15133,#15429,.T.);
#15429 = LINE('',#15430,#15431);
#15430 = CARTESIAN_POINT('',(59.184896708065,-75.81065897634,23.3162));
#15431 = VECTOR('',#15432,1.);
#15432 = DIRECTION('',(-0.98872876295,-0.149717845678,0.));
#15433 = PLANE('',#15434);
#15434 = AXIS2_PLACEMENT_3D('',#15435,#15436,#15437);
#15435 = CARTESIAN_POINT('',(59.184896708065,-75.81065897634,23.3162));
#15436 = DIRECTION('',(0.149717845678,-0.98872876295,0.));
#15437 = DIRECTION('',(-0.98872876295,-0.149717845678,0.));
#15438 = ADVANCED_FACE('',(#15439),#15451,.T.);
#15439 = FACE_BOUND('',#15440,.T.);
#15440 = EDGE_LOOP('',(#15441,#15442,#15443,#15444,#15445,#15446,#15447,
    #15448,#15449,#15450));
#15441 = ORIENTED_EDGE('',*,*,#15158,.T.);
#15442 = ORIENTED_EDGE('',*,*,#15189,.T.);
#15443 = ORIENTED_EDGE('',*,*,#15220,.T.);
#15444 = ORIENTED_EDGE('',*,*,#15251,.T.);
#15445 = ORIENTED_EDGE('',*,*,#15282,.T.);
#15446 = ORIENTED_EDGE('',*,*,#15313,.T.);
#15447 = ORIENTED_EDGE('',*,*,#15344,.T.);
#15448 = ORIENTED_EDGE('',*,*,#15375,.T.);
#15449 = ORIENTED_EDGE('',*,*,#15406,.T.);
#15450 = ORIENTED_EDGE('',*,*,#15428,.T.);
#15451 = PLANE('',#15452);
#15452 = AXIS2_PLACEMENT_3D('',#15453,#15454,#15455);
#15453 = CARTESIAN_POINT('',(58.750926077535,-75.50938516313,23.3162));
#15454 = DIRECTION('',(-0.,-0.,-1.));
#15455 = DIRECTION('',(-1.,0.,0.));
#15456 = ADVANCED_FACE('',(#15457),#15469,.F.);
#15457 = FACE_BOUND('',#15458,.F.);
#15458 = EDGE_LOOP('',(#15459,#15460,#15461,#15462,#15463,#15464,#15465,
    #15466,#15467,#15468));
#15459 = ORIENTED_EDGE('',*,*,#15142,.T.);
#15460 = ORIENTED_EDGE('',*,*,#15173,.T.);
#15461 = ORIENTED_EDGE('',*,*,#15204,.T.);
#15462 = ORIENTED_EDGE('',*,*,#15235,.T.);
#15463 = ORIENTED_EDGE('',*,*,#15266,.T.);
#15464 = ORIENTED_EDGE('',*,*,#15297,.T.);
#15465 = ORIENTED_EDGE('',*,*,#15328,.T.);
#15466 = ORIENTED_EDGE('',*,*,#15359,.T.);
#15467 = ORIENTED_EDGE('',*,*,#15390,.T.);
#15468 = ORIENTED_EDGE('',*,*,#15421,.T.);
#15469 = PLANE('',#15470);
#15470 = AXIS2_PLACEMENT_3D('',#15471,#15472,#15473);
#15471 = CARTESIAN_POINT('',(58.750926077535,-75.50938516313,24.5162));
#15472 = DIRECTION('',(-0.,-0.,-1.));
#15473 = DIRECTION('',(-1.,0.,0.));
#15474 = ( GEOMETRIC_REPRESENTATION_CONTEXT(3) 
GLOBAL_UNCERTAINTY_ASSIGNED_CONTEXT((#15478)) 
GLOBAL_UNIT_ASSIGNED_CONTEXT((#15475,#15476,#15477)) 
REPRESENTATION_CONTEXT('Context #1',
  '3D Context with UNIT and UNCERTAINTY') );
#15475 = ( LENGTH_UNIT() NAMED_UNIT(*) SI_UNIT(.MILLI.,.METRE.) );
#15476 = ( NAMED_UNIT(*) PLANE_ANGLE_UNIT() SI_UNIT($,.RADIAN.) );
#15477 = ( NAMED_UNIT(*) SI_UNIT($,.STERADIAN.) SOLID_ANGLE_UNIT() );
#15478 = UNCERTAINTY_MEASURE_WITH_UNIT(LENGTH_MEASURE(1.E-07),#15475,
  'distance_accuracy_value','confusion accuracy');
#15479 = PRODUCT_RELATED_PRODUCT_CATEGORY('part',$,(#7));
ENDSEC;
END-ISO-10303-21;
